id,value
07-01-2026 09:15||NIFTY27JAN2624100PE,0.16299867105444787
07-01-2026 09:15||NIFTY27JAN2625500CE,0.11528700024773204
07-01-2026 09:15||NIFTY27JAN2625800CE,0.10172985222031163
07-01-2026 09:20||NIFTY27JAN2624000PE,0.17046204836693846
07-01-2026 09:20||NIFTY27JAN2624200PE,0.15921946739698256
07-01-2026 09:20||NIFTY27JAN2624800PE,0.1283900852054152
07-01-2026 09:20||NIFTY27JAN2625000PE,0.11877308069338197
07-01-2026 09:20||NIFTY27JAN2625300CE,0.09529739094387335
07-01-2026 09:20||NIFTY27JAN2625400CE,0.11021361057316713
07-01-2026 09:20||NIFTY27JAN2625800CE,0.10823690683664916
07-01-2026 09:20||NIFTY27JAN2625900CE,0.10468460885321806
07-01-2026 09:25||NIFTY27JAN2624300PE,0.15406354828684968
07-01-2026 09:25||NIFTY27JAN2625100PE,0.11358727079801217
07-01-2026 09:25||NIFTY27JAN2625300CE,0.09271577748158567
07-01-2026 09:25||NIFTY27JAN2626500CE,0.08712877559299623
07-01-2026 09:30||NIFTY27JAN2623900PE,0.17570359692468696
07-01-2026 09:30||NIFTY27JAN2624300PE,0.15336949849984685
07-01-2026 09:30||NIFTY27JAN2625900CE,0.10134973604189722
07-01-2026 09:30||NIFTY27JAN2626400CE,0.08949111070337887
07-01-2026 09:35||NIFTY27JAN2623900PE,0.17629428041188994
07-01-2026 09:35||NIFTY27JAN2624600PE,0.13694888696805582
07-01-2026 09:35||NIFTY27JAN2625100PE,0.11306746345365676
07-01-2026 09:35||NIFTY27JAN2625900CE,0.10415053125628568
07-01-2026 09:35||NIFTY27JAN2626100CE,0.09637413563108685
07-01-2026 09:40||NIFTY27JAN2625100PE,0.11470523353918033
07-01-2026 09:40||NIFTY27JAN2625600CE,0.08541127871027496
07-01-2026 09:40||NIFTY27JAN2625800CE,0.08544463337550696
07-01-2026 09:40||NIFTY27JAN2625900CE,0.08466122010069863
07-01-2026 09:40||NIFTY27JAN2626200CE,0.08292727188358047
07-01-2026 09:45||NIFTY27JAN2625000PE,0.11606213065955934
07-01-2026 09:45||NIFTY27JAN2625200CE,0.11678523905114614
07-01-2026 09:45||NIFTY27JAN2625900CE,0.09836306612215785
07-01-2026 09:45||NIFTY27JAN2626400CE,0.0900074387116903
07-01-2026 09:50||NIFTY27JAN2623800PE,0.17968732494239342
07-01-2026 09:50||NIFTY27JAN2624500PE,0.14144599056862422
07-01-2026 09:50||NIFTY27JAN2624900PE,0.12053961239153854
07-01-2026 09:50||NIFTY27JAN2625200CE,0.12149847649423345
07-01-2026 09:50||NIFTY27JAN2625500CE,0.11201977087221951
07-01-2026 09:50||NIFTY27JAN2625600CE,0.10695851481796763
07-01-2026 09:50||NIFTY27JAN2626400CE,0.0889801375420078
07-01-2026 09:55||NIFTY27JAN2624300PE,0.15203157317606608
07-01-2026 09:55||NIFTY27JAN2624700PE,0.12978185921531005
07-01-2026 09:55||NIFTY27JAN2625000PE,0.11536938493116898
07-01-2026 09:55||NIFTY27JAN2625500CE,0.12659686111770116
07-01-2026 09:55||NIFTY27JAN2625800CE,0.1118713330325095
07-01-2026 09:55||NIFTY27JAN2625900CE,0.1070769204195715
07-01-2026 10:00||NIFTY27JAN2624600PE,0.13721534331342042
07-01-2026 10:00||NIFTY27JAN2625000PE,0.1175982307737911
07-01-2026 10:00||NIFTY27JAN2625900CE,0.1021127734563423
07-01-2026 10:00||NIFTY27JAN2626100CE,0.09495147109667143
07-01-2026 10:00||NIFTY27JAN2626500CE,0.08696984941783466
07-01-2026 10:05||NIFTY27JAN2625200CE,0.0742871963174267
07-01-2026 10:05||NIFTY27JAN2625500CE,0.11208376079245098
07-01-2026 10:05||NIFTY27JAN2626300CE,0.09296766593769988
07-01-2026 10:10||NIFTY27JAN2623800PE,0.18200648283365445
07-01-2026 10:10||NIFTY27JAN2623900PE,0.1767842544839064
07-01-2026 10:10||NIFTY27JAN2624200PE,0.16095575963197112
07-01-2026 10:10||NIFTY27JAN2625500CE,0.10890693714031069
07-01-2026 10:10||NIFTY27JAN2625600CE,0.10538522974771658
07-01-2026 10:10||NIFTY27JAN2625700CE,0.1038810290128546
07-01-2026 10:10||NIFTY27JAN2625900CE,0.0984544446417728
07-01-2026 10:10||NIFTY27JAN2626000CE,0.09677564167434745
07-01-2026 10:15||NIFTY27JAN2623900PE,0.17815275028196442
07-01-2026 10:15||NIFTY27JAN2625700CE,0.09235803321297999
07-01-2026 10:15||NIFTY27JAN2626100CE,0.08520269862693397
07-01-2026 10:15||NIFTY27JAN2626200CE,0.08508087120915736
07-01-2026 10:15||NIFTY27JAN2626500CE,0.08745178704516429
07-01-2026 10:20||NIFTY27JAN2624000PE,0.17330573320111436
07-01-2026 10:20||NIFTY27JAN2624200PE,0.16185143813869024
07-01-2026 10:20||NIFTY27JAN2624300PE,0.15627357884751145
07-01-2026 10:20||NIFTY27JAN2624500PE,0.14557624481221978
07-01-2026 10:20||NIFTY27JAN2625500CE,0.11318929553248969
07-01-2026 10:20||NIFTY27JAN2625700CE,0.10327001732094813
07-01-2026 10:20||NIFTY27JAN2626100CE,0.08939384329489117
07-01-2026 10:25||NIFTY27JAN2624000PE,0.17203752055656
07-01-2026 10:25||NIFTY27JAN2624100PE,0.16612195351972048
07-01-2026 10:25||NIFTY27JAN2625600CE,0.09932870466832837
07-01-2026 10:25||NIFTY27JAN2625700CE,0.09499456755688102
07-01-2026 10:25||NIFTY27JAN2626100CE,0.08617465602624191
07-01-2026 10:30||NIFTY27JAN2624200PE,0.1595174958807242
07-01-2026 10:30||NIFTY27JAN2625100PE,0.11142290603010466
07-01-2026 10:30||NIFTY27JAN2625500CE,0.1184928293438098
07-01-2026 10:30||NIFTY27JAN2625600CE,0.11183608099881123
07-01-2026 10:30||NIFTY27JAN2626000CE,0.09471741188611342
07-01-2026 10:30||NIFTY27JAN2626200CE,0.08998012107900118
07-01-2026 10:30||NIFTY27JAN2626300CE,0.08875287903217574
07-01-2026 10:35||NIFTY27JAN2623800PE,0.18096662089010987
07-01-2026 10:35||NIFTY27JAN2624200PE,0.159490168836289
07-01-2026 10:35||NIFTY27JAN2624500PE,0.14294710811514916
07-01-2026 10:35||NIFTY27JAN2625000PE,0.11650331851791287
07-01-2026 10:35||NIFTY27JAN2625400CE,0.1233099441023324
07-01-2026 10:35||NIFTY27JAN2625500CE,0.11761712299763656
07-01-2026 10:35||NIFTY27JAN2626100CE,0.09239974964998585
07-01-2026 10:35||NIFTY27JAN2626300CE,0.08987759401972713
07-01-2026 10:40||NIFTY27JAN2623900PE,0.17665384804680287
07-01-2026 10:40||NIFTY27JAN2624900PE,0.1219463626376535
07-01-2026 10:40||NIFTY27JAN2625100PE,0.11203391055935151
07-01-2026 10:40||NIFTY27JAN2625200CE,0.12842507845274856
07-01-2026 10:40||NIFTY27JAN2625400CE,0.11807030372518755
07-01-2026 10:40||NIFTY27JAN2625600CE,0.10783459059173367
07-01-2026 10:40||NIFTY27JAN2625800CE,0.09952783217036427
07-01-2026 10:40||NIFTY27JAN2626100CE,0.09052037113907412
07-01-2026 10:40||NIFTY27JAN2626300CE,0.08801021574280704
07-01-2026 10:45||NIFTY27JAN2624000PE,0.17146005373973258
07-01-2026 10:45||NIFTY27JAN2625100PE,0.11198655854791872
07-01-2026 10:45||NIFTY27JAN2625300CE,0.11925327204476405
07-01-2026 10:45||NIFTY27JAN2626000CE,0.0938884586581234
07-01-2026 10:45||NIFTY27JAN2626400CE,0.08757627460413152
07-01-2026 10:50||NIFTY27JAN2623900PE,0.17595427669756944
07-01-2026 10:50||NIFTY27JAN2624200PE,0.16001258387136807
07-01-2026 10:50||NIFTY27JAN2625600CE,0.11340137126640126
07-01-2026 10:50||NIFTY27JAN2625800CE,0.10390886021094416
07-01-2026 10:55||NIFTY27JAN2624300PE,0.15590886440738436
07-01-2026 10:55||NIFTY27JAN2624900PE,0.12321126957658154
07-01-2026 10:55||NIFTY27JAN2625500CE,0.10571390145451146
07-01-2026 11:00||NIFTY27JAN2624200PE,0.1611116722377558
07-01-2026 11:00||NIFTY27JAN2626500CE,0.09350997931761118
07-01-2026 11:05||NIFTY27JAN2624300PE,0.15681543208642143
07-01-2026 11:05||NIFTY27JAN2624600PE,0.14008782407508286
07-01-2026 11:05||NIFTY27JAN2624800PE,0.12980326171630804
07-01-2026 11:05||NIFTY27JAN2625200CE,0.05600122070764757
07-01-2026 11:05||NIFTY27JAN2626000CE,0.1008706883027396
07-01-2026 11:05||NIFTY27JAN2626200CE,0.09190998493245248
07-01-2026 11:10||NIFTY27JAN2624400PE,0.15024192658972327
07-01-2026 11:10||NIFTY27JAN2624800PE,0.12883274825797658
07-01-2026 11:10||NIFTY27JAN2625200CE,0.10361142472494911
07-01-2026 11:10||NIFTY27JAN2625500CE,0.11047784908153746
07-01-2026 11:10||NIFTY27JAN2625700CE,0.10414536719090968
07-01-2026 11:10||NIFTY27JAN2625900CE,0.09631131154800113
07-01-2026 11:10||NIFTY27JAN2626300CE,0.0856638575089405
07-01-2026 11:15||NIFTY27JAN2624000PE,0.17175992700329235
07-01-2026 11:15||NIFTY27JAN2624800PE,0.12739283727555395
07-01-2026 11:15||NIFTY27JAN2625400CE,0.12197197301835447
07-01-2026 11:15||NIFTY27JAN2626100CE,0.09185052973274525
07-01-2026 11:15||NIFTY27JAN2626300CE,0.09004177031525312
07-01-2026 11:20||NIFTY27JAN2623800PE,0.18136567812555077
07-01-2026 11:20||NIFTY27JAN2624200PE,0.1601553678579356
07-01-2026 11:20||NIFTY27JAN2624900PE,0.12184060718887794
07-01-2026 11:20||NIFTY27JAN2625300CE,0.12671319300599837
07-01-2026 11:20||NIFTY27JAN2625700CE,0.10252598307663333
07-01-2026 11:20||NIFTY27JAN2626000CE,0.09153156478720845
07-01-2026 11:25||NIFTY27JAN2623800PE,0.1804687919419448
07-01-2026 11:25||NIFTY27JAN2624400PE,0.14832290819733251
07-01-2026 11:25||NIFTY27JAN2624800PE,0.1266795161102045
07-01-2026 11:25||NIFTY27JAN2625300CE,0.13367673004259062
07-01-2026 11:25||NIFTY27JAN2625700CE,0.10877955666135279
07-01-2026 11:25||NIFTY27JAN2625800CE,0.10330106300210522
07-01-2026 11:25||NIFTY27JAN2625900CE,0.09870139097544765
07-01-2026 11:25||NIFTY27JAN2626000CE,0.09542860517901462
07-01-2026 11:25||NIFTY27JAN2626200CE,0.09007319852580142
07-01-2026 11:30||NIFTY27JAN2624300PE,0.15427556027366046
07-01-2026 11:30||NIFTY27JAN2624400PE,0.14867473812846446
07-01-2026 11:35||NIFTY27JAN2624900PE,0.12237676457058756
07-01-2026 11:35||NIFTY27JAN2626300CE,0.08649129047828802
07-01-2026 11:40||NIFTY27JAN2624000PE,0.17156022703842266
07-01-2026 11:40||NIFTY27JAN2624500PE,0.1435102395096067
07-01-2026 11:40||NIFTY27JAN2625200CE,0.12813565389788995
07-01-2026 11:40||NIFTY27JAN2625900CE,0.10106832736867181
07-01-2026 11:45||NIFTY27JAN2624000PE,0.17091597331043784
07-01-2026 11:45||NIFTY27JAN2625000PE,0.11611433740685093
07-01-2026 11:45||NIFTY27JAN2625500CE,0.12038266012797726
07-01-2026 11:45||NIFTY27JAN2625600CE,0.11341144290464816
07-01-2026 11:45||NIFTY27JAN2626400CE,0.08987593331952165
07-01-2026 11:50||NIFTY27JAN2624000PE,0.17100990048350295
07-01-2026 11:50||NIFTY27JAN2624600PE,0.13678626332904034
07-01-2026 11:50||NIFTY27JAN2625700CE,0.10173350616728548
07-01-2026 11:50||NIFTY27JAN2626400CE,0.08653319173428259
07-01-2026 11:55||NIFTY27JAN2623900PE,0.1749807961381676
07-01-2026 11:55||NIFTY27JAN2625200CE,0.14602083849895378
07-01-2026 11:55||NIFTY27JAN2625400CE,0.12379521651738441
07-01-2026 11:55||NIFTY27JAN2626100CE,0.09039564770456023
07-01-2026 11:55||NIFTY27JAN2626300CE,0.0881969390865371
07-01-2026 12:00||NIFTY27JAN2624300PE,0.15258362103329343
07-01-2026 12:00||NIFTY27JAN2624500PE,0.1415749473718097
07-01-2026 12:00||NIFTY27JAN2625500CE,0.11909112860686427
07-01-2026 12:00||NIFTY27JAN2625600CE,0.1115515559578082
07-01-2026 12:00||NIFTY27JAN2626400CE,0.08878632267883318
07-01-2026 12:05||NIFTY27JAN2624200PE,0.15791388223244746
07-01-2026 12:05||NIFTY27JAN2624300PE,0.1522320508560782
07-01-2026 12:05||NIFTY27JAN2625300CE,0.14870386452566337
07-01-2026 12:05||NIFTY27JAN2625900CE,0.09754544617420867
07-01-2026 12:05||NIFTY27JAN2626000CE,0.09473891957865584
07-01-2026 12:05||NIFTY27JAN2626300CE,0.09015541975779315
07-01-2026 12:05||NIFTY27JAN2626400CE,0.09011729694678978
07-01-2026 12:10||NIFTY27JAN2624000PE,0.16931511614698286
07-01-2026 12:10||NIFTY27JAN2625200CE,0.15652524972516138
07-01-2026 12:10||NIFTY27JAN2625600CE,0.11605019687279558
07-01-2026 12:10||NIFTY27JAN2626500CE,0.09281314440482351
07-01-2026 12:15||NIFTY27JAN2624300PE,0.1515256697241368
07-01-2026 12:15||NIFTY27JAN2625000PE,0.11583256199024691
07-01-2026 12:15||NIFTY27JAN2625100PE,0.11106357599774594
07-01-2026 12:15||NIFTY27JAN2625300CE,0.15156124295830314
07-01-2026 12:15||NIFTY27JAN2625500CE,0.1254891816401713
07-01-2026 12:15||NIFTY27JAN2625600CE,0.11701749941961496
07-01-2026 12:20||NIFTY27JAN2624000PE,0.1693085130153784
07-01-2026 12:20||NIFTY27JAN2624400PE,0.14592296740487054
07-01-2026 12:20||NIFTY27JAN2625100PE,0.1104960455927885
07-01-2026 12:20||NIFTY27JAN2626100CE,0.0940849087438286
07-01-2026 12:25||NIFTY27JAN2624400PE,0.1461395250566233
07-01-2026 12:25||NIFTY27JAN2624600PE,0.13504893553517017
07-01-2026 12:25||NIFTY27JAN2624700PE,0.12972982260792093
07-01-2026 12:25||NIFTY27JAN2625300CE,0.13415843029845265
07-01-2026 12:25||NIFTY27JAN2626300CE,0.08962863727598136
07-01-2026 12:30||NIFTY27JAN2623800PE,0.1784756120594227
07-01-2026 12:30||NIFTY27JAN2624000PE,0.1689048189997779
07-01-2026 12:30||NIFTY27JAN2624100PE,0.16307998960264075
07-01-2026 12:30||NIFTY27JAN2624500PE,0.1414436284318628
07-01-2026 12:30||NIFTY27JAN2624600PE,0.13567651413747472
07-01-2026 12:30||NIFTY27JAN2625200CE,0.13739822929614945
07-01-2026 12:30||NIFTY27JAN2626300CE,0.09073040738099941
07-01-2026 12:35||NIFTY27JAN2625100PE,0.11053745312965242
07-01-2026 12:35||NIFTY27JAN2625300CE,0.13003629300301534
07-01-2026 12:35||NIFTY27JAN2625400CE,0.12390950901299733
07-01-2026 12:35||NIFTY27JAN2626300CE,0.09222650840108766
07-01-2026 12:35||NIFTY27JAN2626500CE,0.09265830139869578
07-01-2026 12:40||NIFTY27JAN2625100PE,0.11138087260680354
07-01-2026 12:40||NIFTY27JAN2625700CE,0.10010961999298248
07-01-2026 12:45||NIFTY27JAN2623800PE,0.17679137239652745
07-01-2026 12:45||NIFTY27JAN2624000PE,0.16720971324157427
07-01-2026 12:45||NIFTY27JAN2624900PE,0.1190652576094327
07-01-2026 12:45||NIFTY27JAN2625000PE,0.11454785341803689
07-01-2026 12:45||NIFTY27JAN2625800CE,0.10240856334428576
07-01-2026 12:45||NIFTY27JAN2626400CE,0.08815552846058053
07-01-2026 12:50||NIFTY27JAN2624400PE,0.14508714075853996
07-01-2026 12:50||NIFTY27JAN2624700PE,0.12858175026495086
07-01-2026 12:50||NIFTY27JAN2625100PE,0.10938915553370943
07-01-2026 12:50||NIFTY27JAN2626300CE,0.08998999090212713
07-01-2026 12:55||NIFTY27JAN2623800PE,0.1776194826156728
07-01-2026 12:55||NIFTY27JAN2623900PE,0.17236152447466757
07-01-2026 12:55||NIFTY27JAN2625100PE,0.1088384187045073
07-01-2026 12:55||NIFTY27JAN2625200CE,0.123698218853175
07-01-2026 12:55||NIFTY27JAN2625300CE,0.12178854418264658
07-01-2026 13:00||NIFTY27JAN2624000PE,0.1691972070107368
07-01-2026 13:00||NIFTY27JAN2624400PE,0.14590492919970535
07-01-2026 13:00||NIFTY27JAN2624600PE,0.13459166580914095
07-01-2026 13:00||NIFTY27JAN2625300CE,0.12960490205893138
07-01-2026 13:00||NIFTY27JAN2625800CE,0.10433100491531308
07-01-2026 13:05||NIFTY27JAN2623900PE,0.17375010944075883
07-01-2026 13:05||NIFTY27JAN2624700PE,0.12942186370901376
07-01-2026 13:05||NIFTY27JAN2625200CE,0.11831300875086877
07-01-2026 13:05||NIFTY27JAN2625400CE,0.11901195478030781
07-01-2026 13:05||NIFTY27JAN2626100CE,0.09253508460441794
07-01-2026 13:10||NIFTY27JAN2624400PE,0.14618383328460088
07-01-2026 13:10||NIFTY27JAN2624700PE,0.1295957513065354
07-01-2026 13:10||NIFTY27JAN2625400CE,0.11933477530023104
07-01-2026 13:10||NIFTY27JAN2625900CE,0.09681962889630119
07-01-2026 13:10||NIFTY27JAN2626400CE,0.08703087894643258
07-01-2026 13:15||NIFTY27JAN2624600PE,0.13460886012897713
07-01-2026 13:15||NIFTY27JAN2625400CE,0.12426767152470113
07-01-2026 13:15||NIFTY27JAN2625500CE,0.11996612857145146
07-01-2026 13:15||NIFTY27JAN2625700CE,0.1095667918902348
07-01-2026 13:15||NIFTY27JAN2625800CE,0.10436206374175554
07-01-2026 13:15||NIFTY27JAN2626400CE,0.08812600183450202
07-01-2026 13:20||NIFTY27JAN2624000PE,0.16810165768466623
07-01-2026 13:20||NIFTY27JAN2624500PE,0.14054626265992853
07-01-2026 13:20||NIFTY27JAN2624800PE,0.12476803189932481
07-01-2026 13:20||NIFTY27JAN2624900PE,0.11935784952115877
07-01-2026 13:20||NIFTY27JAN2625000PE,0.11470898505176476
07-01-2026 13:20||NIFTY27JAN2626300CE,0.08670491310053478
07-01-2026 13:25||NIFTY27JAN2624200PE,0.15527810500185213
07-01-2026 13:25||NIFTY27JAN2624600PE,0.13303866329472042
07-01-2026 13:25||NIFTY27JAN2624700PE,0.12760079954429046
07-01-2026 13:25||NIFTY27JAN2625100PE,0.10772308837221933
07-01-2026 13:25||NIFTY27JAN2626300CE,0.08937923530496004
07-01-2026 13:25||NIFTY27JAN2626400CE,0.08886642459402237
07-01-2026 13:25||NIFTY27JAN2626500CE,0.08942450366169451
07-01-2026 13:30||NIFTY27JAN2624000PE,0.1673348026195578
07-01-2026 13:30||NIFTY27JAN2624400PE,0.144112210648988
07-01-2026 13:30||NIFTY27JAN2624600PE,0.13282359720636217
07-01-2026 13:30||NIFTY27JAN2624900PE,0.11718915880566923
07-01-2026 13:30||NIFTY27JAN2625300CE,0.13516539398812505
07-01-2026 13:30||NIFTY27JAN2625700CE,0.11159532948783729
07-01-2026 13:30||NIFTY27JAN2625800CE,0.10591951173131368
07-01-2026 13:30||NIFTY27JAN2626500CE,0.08918875257596338
07-01-2026 13:35||NIFTY27JAN2623900PE,0.17224979134460267
07-01-2026 13:35||NIFTY27JAN2624200PE,0.15576463774722635
07-01-2026 13:35||NIFTY27JAN2624300PE,0.15001993760042787
07-01-2026 13:35||NIFTY27JAN2625100PE,0.10722229369233742
07-01-2026 13:35||NIFTY27JAN2625200CE,0.15098423087256582
07-01-2026 13:35||NIFTY27JAN2625300CE,0.14060469001669146
07-01-2026 13:40||NIFTY27JAN2624300PE,0.1498002703067527
07-01-2026 13:40||NIFTY27JAN2625000PE,0.11280089948596239
07-01-2026 13:40||NIFTY27JAN2625700CE,0.11139285874831739
07-01-2026 13:40||NIFTY27JAN2626100CE,0.09341670593445692
07-01-2026 13:45||NIFTY27JAN2623900PE,0.17192712185045925
07-01-2026 13:45||NIFTY27JAN2624200PE,0.15525421405762602
07-01-2026 13:45||NIFTY27JAN2624600PE,0.13247498568806446
07-01-2026 13:45||NIFTY27JAN2625200CE,0.1439211247257859
07-01-2026 13:45||NIFTY27JAN2625400CE,0.1310698186107561
07-01-2026 13:50||NIFTY27JAN2623800PE,0.17656718513283215
07-01-2026 13:50||NIFTY27JAN2623900PE,0.1713264853983659
07-01-2026 13:50||NIFTY27JAN2624100PE,0.16100930746927777
07-01-2026 13:55||NIFTY27JAN2624400PE,0.14423676280919542
07-01-2026 13:55||NIFTY27JAN2625100PE,0.10733169508188668
07-01-2026 13:55||NIFTY27JAN2625300CE,0.13048736519781412
07-01-2026 13:55||NIFTY27JAN2625800CE,0.10768779561455437
07-01-2026 13:55||NIFTY27JAN2626400CE,0.08943408720149389
07-01-2026 14:00||NIFTY27JAN2623800PE,0.17638421247973188
07-01-2026 14:00||NIFTY27JAN2623900PE,0.17122911058128207
07-01-2026 14:00||NIFTY27JAN2625400CE,0.1223606551379665
07-01-2026 14:00||NIFTY27JAN2625500CE,0.11855159723432868
07-01-2026 14:00||NIFTY27JAN2625900CE,0.09987768904427395
07-01-2026 14:00||NIFTY27JAN2626200CE,0.09149013184616193
07-01-2026 14:05||NIFTY27JAN2624000PE,0.16774610491938763
07-01-2026 14:05||NIFTY27JAN2624200PE,0.15635996334035154
07-01-2026 14:05||NIFTY27JAN2624400PE,0.1453292978385752
07-01-2026 14:05||NIFTY27JAN2625900CE,0.09805559189568042
07-01-2026 14:05||NIFTY27JAN2626000CE,0.09509041431214178
07-01-2026 14:05||NIFTY27JAN2626300CE,0.08814566486191651
07-01-2026 14:10||NIFTY27JAN2623800PE,0.1768932799465152
07-01-2026 14:10||NIFTY27JAN2624000PE,0.16746064717490236
07-01-2026 14:10||NIFTY27JAN2624700PE,0.12911037104840742
07-01-2026 14:10||NIFTY27JAN2626100CE,0.09088452874916265
07-01-2026 14:10||NIFTY27JAN2626200CE,0.08879268697437184
07-01-2026 14:10||NIFTY27JAN2626400CE,0.08586352643552363
07-01-2026 14:15||NIFTY27JAN2625200CE,0.12364433990145644
07-01-2026 14:15||NIFTY27JAN2625600CE,0.1066940413463715
07-01-2026 14:15||NIFTY27JAN2625900CE,0.09496909339749408
07-01-2026 14:15||NIFTY27JAN2626200CE,0.08793005477332252
07-01-2026 14:20||NIFTY27JAN2623800PE,0.1771506516054614
07-01-2026 14:20||NIFTY27JAN2624500PE,0.13989339373258874
07-01-2026 14:20||NIFTY27JAN2625400CE,0.11986125217733584
07-01-2026 14:20||NIFTY27JAN2625700CE,0.1060564898764196
07-01-2026 14:20||NIFTY27JAN2626300CE,0.08723750178192285
07-01-2026 14:25||NIFTY27JAN2623900PE,0.1721245752826795
07-01-2026 14:25||NIFTY27JAN2625400CE,0.12084283159252658
07-01-2026 14:25||NIFTY27JAN2625700CE,0.10746945632822258
07-01-2026 14:25||NIFTY27JAN2625900CE,0.0984667395997792
07-01-2026 14:25||NIFTY27JAN2626300CE,0.08851676379128676
07-01-2026 14:30||NIFTY27JAN2624800PE,0.12450156688040019
07-01-2026 14:30||NIFTY27JAN2625100PE,0.10822859951692376
07-01-2026 14:30||NIFTY27JAN2625300CE,0.11505334161127068
07-01-2026 14:30||NIFTY27JAN2626300CE,0.08536092942227982
07-01-2026 14:35||NIFTY27JAN2624000PE,0.1673348999468282
07-01-2026 14:35||NIFTY27JAN2624100PE,0.1616239826037367
07-01-2026 14:35||NIFTY27JAN2624400PE,0.14526891211592097
07-01-2026 14:35||NIFTY27JAN2624700PE,0.1287288108294241
07-01-2026 14:35||NIFTY27JAN2625000PE,0.11343218825298279
07-01-2026 14:35||NIFTY27JAN2626400CE,0.09018729682717833
07-01-2026 14:35||NIFTY27JAN2626500CE,0.09039089632152847
07-01-2026 14:40||NIFTY27JAN2623800PE,0.17801208044904665
07-01-2026 14:40||NIFTY27JAN2624100PE,0.16262250351898824
07-01-2026 14:40||NIFTY27JAN2625100PE,0.10772048947676696
07-01-2026 14:40||NIFTY27JAN2625400CE,0.12091062346066646
07-01-2026 14:40||NIFTY27JAN2626200CE,0.09120961278113336
07-01-2026 14:45||NIFTY27JAN2623800PE,0.17899372061080784
07-01-2026 14:45||NIFTY27JAN2624000PE,0.16918246735744844
07-01-2026 14:45||NIFTY27JAN2624200PE,0.15762484317850423
07-01-2026 14:45||NIFTY27JAN2624500PE,0.1410974530705884
07-01-2026 14:45||NIFTY27JAN2624900PE,0.1192739945761841
07-01-2026 14:50||NIFTY27JAN2623900PE,0.1726824192245799
07-01-2026 14:50||NIFTY27JAN2624900PE,0.11835691660669075
07-01-2026 14:50||NIFTY27JAN2625600CE,0.11743842317129435
07-01-2026 14:50||NIFTY27JAN2626400CE,0.0900384465025086
07-01-2026 14:50||NIFTY27JAN2626500CE,0.08994498396959669
07-01-2026 14:55||NIFTY27JAN2624100PE,0.1636099719540662
07-01-2026 14:55||NIFTY27JAN2624300PE,0.15229310155795978
07-01-2026 14:55||NIFTY27JAN2624600PE,0.13541462133873441
07-01-2026 14:55||NIFTY27JAN2625900CE,0.096849424472325
07-01-2026 14:55||NIFTY27JAN2626300CE,0.08754403574014365
07-01-2026 15:00||NIFTY27JAN2623900PE,0.17396766661355365
07-01-2026 15:00||NIFTY27JAN2625100PE,0.10899769871040588
07-01-2026 15:00||NIFTY27JAN2625700CE,0.10196205152572477
07-01-2026 15:00||NIFTY27JAN2626000CE,0.09174424460168772
07-01-2026 15:00||NIFTY27JAN2626400CE,0.08615367080333525
07-01-2026 15:05||NIFTY27JAN2624200PE,0.15864745521365584
07-01-2026 15:05||NIFTY27JAN2624500PE,0.1423256691597877
07-01-2026 15:05||NIFTY27JAN2625400CE,0.11180559164547828
07-01-2026 15:05||NIFTY27JAN2626000CE,0.0921765204907429
07-01-2026 15:05||NIFTY27JAN2626400CE,0.08517815639934945
07-01-2026 15:10||NIFTY27JAN2623800PE,0.18038274330655268
07-01-2026 15:10||NIFTY27JAN2624000PE,0.1709151947705825
07-01-2026 15:10||NIFTY27JAN2624400PE,0.14870459333837002
07-01-2026 15:10||NIFTY27JAN2624500PE,0.1434504786537681
07-01-2026 15:10||NIFTY27JAN2626500CE,0.08545420525297671
07-01-2026 15:15||NIFTY27JAN2624200PE,0.1597627238066252
07-01-2026 15:15||NIFTY27JAN2624900PE,0.12158747799031461
07-01-2026 15:15||NIFTY27JAN2625100PE,0.11084224494148234
07-01-2026 15:15||NIFTY27JAN2625600CE,0.09601728965621983
07-01-2026 15:20||NIFTY27JAN2624100PE,0.16504830742460866
07-01-2026 15:20||NIFTY27JAN2625900CE,0.09163440323802692
07-01-2026 15:20||NIFTY27JAN2626300CE,0.08523435002977331
07-01-2026 15:25||NIFTY27JAN2624700PE,0.13134538047944413
07-01-2026 15:25||NIFTY27JAN2625500CE,0.10652468928855538
07-01-2026 15:25||NIFTY27JAN2626100CE,0.08759859611478422
07-01-2026 15:25||NIFTY27JAN2626400CE,0.08623017388590384
07-01-2026 15:25||NIFTY27JAN2626500CE,0.08721573986837568
08-01-2026 09:15||NIFTY27JAN2624100PE,0.16554493266914588
08-01-2026 09:15||NIFTY27JAN2624300PE,0.15368481547366833
08-01-2026 09:15||NIFTY27JAN2625100PE,0.10899406590440504
08-01-2026 09:15||NIFTY27JAN2625300CE,0.10872237278041497
08-01-2026 09:15||NIFTY27JAN2626300CE,0.08751980729625235
08-01-2026 09:20||NIFTY27JAN2623800PE,0.1827024584531064
08-01-2026 09:20||NIFTY27JAN2624100PE,0.16573067706751496
08-01-2026 09:20||NIFTY27JAN2624800PE,0.12563971868566903
08-01-2026 09:20||NIFTY27JAN2624900PE,0.12017987219299077
08-01-2026 09:20||NIFTY27JAN2625300CE,0.09765470251588707
08-01-2026 09:20||NIFTY27JAN2625900CE,0.08364111082013188
08-01-2026 09:20||NIFTY27JAN2626000CE,0.08376073123122611
08-01-2026 09:20||NIFTY27JAN2626400CE,0.08702718550510775
08-01-2026 09:20||NIFTY27JAN2626500CE,0.08935936500107826
08-01-2026 09:25||NIFTY27JAN2623900PE,0.17623218547754463
08-01-2026 09:25||NIFTY27JAN2624100PE,0.16475382947015138
08-01-2026 09:25||NIFTY27JAN2624200PE,0.15866623123564014
08-01-2026 09:25||NIFTY27JAN2625300CE,0.10499103563185494
08-01-2026 09:25||NIFTY27JAN2626200CE,0.08253251315447295
08-01-2026 09:25||NIFTY27JAN2626400CE,0.08293849344213106
08-01-2026 09:30||NIFTY27JAN2624100PE,0.16315232585453884
08-01-2026 09:30||NIFTY27JAN2624700PE,0.12794656818980465
08-01-2026 09:30||NIFTY27JAN2624800PE,0.12326346646114733
08-01-2026 09:30||NIFTY27JAN2624900PE,0.1179936048872235
08-01-2026 09:30||NIFTY27JAN2625000PE,0.11355809308044915
08-01-2026 09:30||NIFTY27JAN2626200CE,0.08631964490615214
08-01-2026 09:30||NIFTY27JAN2626300CE,0.08618324362732839
08-01-2026 09:35||NIFTY27JAN2623900PE,0.17288468817548747
08-01-2026 09:35||NIFTY27JAN2624100PE,0.16234005964660633
08-01-2026 09:35||NIFTY27JAN2624400PE,0.14525463959176993
08-01-2026 09:35||NIFTY27JAN2625300CE,0.13128515428241916
08-01-2026 09:35||NIFTY27JAN2625400CE,0.12460886722373998
08-01-2026 09:35||NIFTY27JAN2626100CE,0.09407108764684743
08-01-2026 09:35||NIFTY27JAN2626200CE,0.09260072632493246
08-01-2026 09:35||NIFTY27JAN2626500CE,0.09186870994306284
08-01-2026 09:40||NIFTY27JAN2623800PE,0.18153898054308604
08-01-2026 09:40||NIFTY27JAN2624800PE,0.12535420060098795
08-01-2026 09:40||NIFTY27JAN2624900PE,0.11988224162530586
08-01-2026 09:40||NIFTY27JAN2625000PE,0.11519948658938435
08-01-2026 09:40||NIFTY27JAN2625200CE,0.06923935649639379
08-01-2026 09:40||NIFTY27JAN2625700CE,0.09878729032481563
08-01-2026 09:40||NIFTY27JAN2626200CE,0.08571496441385733
08-01-2026 09:40||NIFTY27JAN2626400CE,0.08160262473454755
08-01-2026 09:45||NIFTY27JAN2624200PE,0.15846248789107276
08-01-2026 09:45||NIFTY27JAN2624600PE,0.1352817040315638
08-01-2026 09:45||NIFTY27JAN2625400CE,0.10671886909749881
08-01-2026 09:45||NIFTY27JAN2625900CE,0.0917320372713675
08-01-2026 09:45||NIFTY27JAN2626500CE,0.0890195726115747
08-01-2026 09:50||NIFTY27JAN2624400PE,0.14645410753323493
08-01-2026 09:50||NIFTY27JAN2625100PE,0.10932913814765137
08-01-2026 09:50||NIFTY27JAN2625500CE,0.11930065851172537
08-01-2026 09:50||NIFTY27JAN2625600CE,0.11350142659687408
08-01-2026 09:50||NIFTY27JAN2626400CE,0.08904517916736111
08-01-2026 09:55||NIFTY27JAN2624200PE,0.15984455503948902
08-01-2026 09:55||NIFTY27JAN2624600PE,0.13687978497723138
08-01-2026 09:55||NIFTY27JAN2625000PE,0.11633593474738098
08-01-2026 09:55||NIFTY27JAN2625100PE,0.11104964995801127
08-01-2026 09:55||NIFTY27JAN2625300CE,0.11383308378899405
08-01-2026 09:55||NIFTY27JAN2626000CE,0.0896506270371301
08-01-2026 09:55||NIFTY27JAN2626200CE,0.08594069949409668
08-01-2026 10:00||NIFTY27JAN2624600PE,0.13629249428539975
08-01-2026 10:00||NIFTY27JAN2625900CE,0.08611283581230507
08-01-2026 10:00||NIFTY27JAN2626100CE,0.082978575849676
08-01-2026 10:00||NIFTY27JAN2626200CE,0.08252515467253112
08-01-2026 10:05||NIFTY27JAN2624800PE,0.1249987496343094
08-01-2026 10:05||NIFTY27JAN2625500CE,0.10332656842392465
08-01-2026 10:05||NIFTY27JAN2625800CE,0.08979112607249479
08-01-2026 10:05||NIFTY27JAN2626000CE,0.08599650956094078
08-01-2026 10:05||NIFTY27JAN2626500CE,0.08804634946574022
08-01-2026 10:10||NIFTY27JAN2624100PE,0.1636401031819945
08-01-2026 10:10||NIFTY27JAN2625000PE,0.11381455438997663
08-01-2026 10:10||NIFTY27JAN2625100PE,0.10876072313717572
08-01-2026 10:10||NIFTY27JAN2625200CE,0.14222174510932908
08-01-2026 10:10||NIFTY27JAN2625600CE,0.10791294068098914
08-01-2026 10:10||NIFTY27JAN2625800CE,0.09832161093757961
08-01-2026 10:10||NIFTY27JAN2626400CE,0.08766492960049489
08-01-2026 10:15||NIFTY27JAN2625100PE,0.109131052425454
08-01-2026 10:15||NIFTY27JAN2625700CE,0.09449085260069329
08-01-2026 10:15||NIFTY27JAN2625800CE,0.09074088111049641
08-01-2026 10:15||NIFTY27JAN2626500CE,0.08649926577133696
08-01-2026 10:20||NIFTY27JAN2625200CE,0.11901973987027248
08-01-2026 10:20||NIFTY27JAN2626400CE,0.08677092715503754
08-01-2026 10:25||NIFTY27JAN2623900PE,0.17373803284853492
08-01-2026 10:25||NIFTY27JAN2624000PE,0.16901088685884497
08-01-2026 10:25||NIFTY27JAN2624400PE,0.14556230753591723
08-01-2026 10:25||NIFTY27JAN2624800PE,0.12376215701117245
08-01-2026 10:25||NIFTY27JAN2625000PE,0.11355857391424301
08-01-2026 10:25||NIFTY27JAN2625100PE,0.10826888201845694
08-01-2026 10:25||NIFTY27JAN2625200CE,0.12475120575437507
08-01-2026 10:25||NIFTY27JAN2625500CE,0.11261434127073683
08-01-2026 10:25||NIFTY27JAN2625600CE,0.10724286152419812
08-01-2026 10:25||NIFTY27JAN2625700CE,0.10373918622493962
08-01-2026 10:25||NIFTY27JAN2626100CE,0.09096678472992524
08-01-2026 10:25||NIFTY27JAN2626500CE,0.08884660370793676
08-01-2026 10:30||NIFTY27JAN2623800PE,0.17920431686312677
08-01-2026 10:30||NIFTY27JAN2624000PE,0.1691857181919847
08-01-2026 10:30||NIFTY27JAN2624400PE,0.14603727566451988
08-01-2026 10:30||NIFTY27JAN2624500PE,0.14057786339089212
08-01-2026 10:30||NIFTY27JAN2626000CE,0.09393693523975524
08-01-2026 10:30||NIFTY27JAN2626400CE,0.090092450719134
08-01-2026 10:30||NIFTY27JAN2626500CE,0.09109789847594135
08-01-2026 10:35||NIFTY27JAN2624000PE,0.16999284562924494
08-01-2026 10:35||NIFTY27JAN2624200PE,0.15797546555252806
08-01-2026 10:35||NIFTY27JAN2625800CE,0.09435375137837249
08-01-2026 10:35||NIFTY27JAN2626300CE,0.08696935102521833
08-01-2026 10:35||NIFTY27JAN2626500CE,0.08825586403320546
08-01-2026 10:40||NIFTY27JAN2624000PE,0.16861183786343056
08-01-2026 10:40||NIFTY27JAN2624300PE,0.1508837914079549
08-01-2026 10:40||NIFTY27JAN2625000PE,0.1132347469450306
08-01-2026 10:40||NIFTY27JAN2625500CE,0.11482862631050686
08-01-2026 10:40||NIFTY27JAN2625900CE,0.09607624729725313
08-01-2026 10:40||NIFTY27JAN2626100CE,0.0902627800906473
08-01-2026 10:40||NIFTY27JAN2626300CE,0.08732624460710758
08-01-2026 10:40||NIFTY27JAN2626400CE,0.08675028064137562
08-01-2026 10:45||NIFTY27JAN2623900PE,0.17330891782380092
08-01-2026 10:45||NIFTY27JAN2624200PE,0.15676013628164967
08-01-2026 10:45||NIFTY27JAN2625200CE,0.12803518707409198
08-01-2026 10:45||NIFTY27JAN2625300CE,0.12061970720841116
08-01-2026 10:45||NIFTY27JAN2625600CE,0.1042029282759523
08-01-2026 10:45||NIFTY27JAN2626400CE,0.08857105921571397
08-01-2026 10:45||NIFTY27JAN2626500CE,0.08970749909833478
08-01-2026 10:50||NIFTY27JAN2623900PE,0.17288988429478225
08-01-2026 10:50||NIFTY27JAN2625500CE,0.10625170981033435
08-01-2026 10:50||NIFTY27JAN2625800CE,0.09464475806075559
08-01-2026 10:50||NIFTY27JAN2626100CE,0.08867101812994878
08-01-2026 10:50||NIFTY27JAN2626500CE,0.0895648895650814
08-01-2026 10:55||NIFTY27JAN2624000PE,0.1679719838489078
08-01-2026 10:55||NIFTY27JAN2624700PE,0.128243705110463
08-01-2026 10:55||NIFTY27JAN2624800PE,0.12357357297482192
08-01-2026 10:55||NIFTY27JAN2625100PE,0.10835066613645261
08-01-2026 10:55||NIFTY27JAN2625400CE,0.1169101111401022
08-01-2026 10:55||NIFTY27JAN2625600CE,0.10568792595882906
08-01-2026 11:00||NIFTY27JAN2623800PE,0.17852288969890395
08-01-2026 11:00||NIFTY27JAN2623900PE,0.1729881677575671
08-01-2026 11:00||NIFTY27JAN2624000PE,0.16827832525953904
08-01-2026 11:00||NIFTY27JAN2624300PE,0.1504572162031235
08-01-2026 11:00||NIFTY27JAN2624600PE,0.13390532407677855
08-01-2026 11:00||NIFTY27JAN2625000PE,0.1152555988055893
08-01-2026 11:00||NIFTY27JAN2625100PE,0.11063789702090111
08-01-2026 11:00||NIFTY27JAN2626200CE,0.0896127252232019
08-01-2026 11:00||NIFTY27JAN2626500CE,0.0907609010181105
08-01-2026 11:05||NIFTY27JAN2623800PE,0.17900345846695442
08-01-2026 11:05||NIFTY27JAN2624200PE,0.156832913853432
08-01-2026 11:05||NIFTY27JAN2624400PE,0.14535232877745638
08-01-2026 11:05||NIFTY27JAN2624800PE,0.12397243048740439
08-01-2026 11:05||NIFTY27JAN2625400CE,0.11918350741703117
08-01-2026 11:05||NIFTY27JAN2626000CE,0.09285300073132212
08-01-2026 11:05||NIFTY27JAN2626200CE,0.08897548944815291
08-01-2026 11:05||NIFTY27JAN2626300CE,0.08810070006680548
08-01-2026 11:10||NIFTY27JAN2624000PE,0.16850930793164198
08-01-2026 11:10||NIFTY27JAN2624200PE,0.15663917120370152
08-01-2026 11:10||NIFTY27JAN2624400PE,0.14532608112882728
08-01-2026 11:10||NIFTY27JAN2624600PE,0.13433327812825369
08-01-2026 11:10||NIFTY27JAN2624700PE,0.12907703764804263
08-01-2026 11:10||NIFTY27JAN2625200CE,0.13842780726505663
08-01-2026 11:10||NIFTY27JAN2625600CE,0.10506159075427524
08-01-2026 11:10||NIFTY27JAN2625900CE,0.09307224807294266
08-01-2026 11:10||NIFTY27JAN2626000CE,0.09111306090081196
08-01-2026 11:15||NIFTY27JAN2624100PE,0.16435507204277655
08-01-2026 11:15||NIFTY27JAN2624200PE,0.1585680212822223
08-01-2026 11:15||NIFTY27JAN2624900PE,0.1205766303283018
08-01-2026 11:15||NIFTY27JAN2625200CE,0.1269501911869795
08-01-2026 11:15||NIFTY27JAN2626200CE,0.08860499397046982
08-01-2026 11:15||NIFTY27JAN2626400CE,0.0890285694582597
08-01-2026 11:20||NIFTY27JAN2624300PE,0.15398645705846953
08-01-2026 11:20||NIFTY27JAN2625700CE,0.09654222894874467
08-01-2026 11:20||NIFTY27JAN2626400CE,0.09400784352275543
08-01-2026 11:20||NIFTY27JAN2626500CE,0.09681542007374574
08-01-2026 11:25||NIFTY27JAN2623800PE,0.1795273769567062
08-01-2026 11:25||NIFTY27JAN2624300PE,0.15290101045577237
08-01-2026 11:25||NIFTY27JAN2624400PE,0.14737807036113992
08-01-2026 11:25||NIFTY27JAN2624700PE,0.13062834857353667
08-01-2026 11:25||NIFTY27JAN2625400CE,0.12391710266677883
08-01-2026 11:25||NIFTY27JAN2626200CE,0.09248014199337437
08-01-2026 11:30||NIFTY27JAN2623800PE,0.18049848572339455
08-01-2026 11:30||NIFTY27JAN2624100PE,0.1642614717478081
08-01-2026 11:30||NIFTY27JAN2624200PE,0.15849095318407347
08-01-2026 11:30||NIFTY27JAN2625200CE,0.159324260214422
08-01-2026 11:30||NIFTY27JAN2625400CE,0.1281765856890949
08-01-2026 11:30||NIFTY27JAN2625500CE,0.11962164019496059
08-01-2026 11:30||NIFTY27JAN2625800CE,0.10146529387938182
08-01-2026 11:30||NIFTY27JAN2626000CE,0.09509467236300083
08-01-2026 11:30||NIFTY27JAN2626100CE,0.0927792327057946
08-01-2026 11:35||NIFTY27JAN2623800PE,0.1803465804761277
08-01-2026 11:35||NIFTY27JAN2624100PE,0.16402593442692687
08-01-2026 11:35||NIFTY27JAN2624400PE,0.14663583198502314
08-01-2026 11:35||NIFTY27JAN2624500PE,0.14114794153369378
08-01-2026 11:35||NIFTY27JAN2624700PE,0.12948611421968542
08-01-2026 11:35||NIFTY27JAN2624900PE,0.11909546964895944
08-01-2026 11:35||NIFTY27JAN2625200CE,0.12531266621272652
08-01-2026 11:35||NIFTY27JAN2625300CE,0.12204583294969254
08-01-2026 11:35||NIFTY27JAN2626500CE,0.09250653853833847
08-01-2026 11:40||NIFTY27JAN2624100PE,0.16431091975584428
08-01-2026 11:40||NIFTY27JAN2624200PE,0.15854207313596796
08-01-2026 11:40||NIFTY27JAN2624400PE,0.14711358261581042
08-01-2026 11:40||NIFTY27JAN2624900PE,0.11993385002111727
08-01-2026 11:40||NIFTY27JAN2625600CE,0.10492544988686613
08-01-2026 11:40||NIFTY27JAN2625800CE,0.09786709175532561
08-01-2026 11:45||NIFTY27JAN2624200PE,0.15813142879955752
08-01-2026 11:45||NIFTY27JAN2625500CE,0.1098559147160229
08-01-2026 11:45||NIFTY27JAN2625900CE,0.09471988112224644
08-01-2026 11:45||NIFTY27JAN2626100CE,0.09081676450775975
08-01-2026 11:50||NIFTY27JAN2623800PE,0.18025642473959774
08-01-2026 11:50||NIFTY27JAN2625700CE,0.10645483051270006
08-01-2026 11:50||NIFTY27JAN2625800CE,0.10236070268334821
08-01-2026 11:50||NIFTY27JAN2626500CE,0.09331423718668758
08-01-2026 11:55||NIFTY27JAN2624200PE,0.15849790487511983
08-01-2026 11:55||NIFTY27JAN2624700PE,0.13093102391541425
08-01-2026 11:55||NIFTY27JAN2625100PE,0.11201905059086237
08-01-2026 11:55||NIFTY27JAN2625400CE,0.10932279643195274
08-01-2026 11:55||NIFTY27JAN2625600CE,0.1010929236849797
08-01-2026 11:55||NIFTY27JAN2625800CE,0.0950745455630941
08-01-2026 12:00||NIFTY27JAN2624500PE,0.14179969551441945
08-01-2026 12:00||NIFTY27JAN2624700PE,0.1310556993252456
08-01-2026 12:00||NIFTY27JAN2625000PE,0.11790049502250141
08-01-2026 12:00||NIFTY27JAN2625500CE,0.10775774921303992
08-01-2026 12:00||NIFTY27JAN2626300CE,0.09135367765369541
08-01-2026 12:05||NIFTY27JAN2624000PE,0.1693967970037877
08-01-2026 12:05||NIFTY27JAN2624200PE,0.1567314817156664
08-01-2026 12:05||NIFTY27JAN2624500PE,0.13924921474813093
08-01-2026 12:05||NIFTY27JAN2624900PE,0.11865474550916455
08-01-2026 12:05||NIFTY27JAN2625300CE,0.13634870665183962
08-01-2026 12:05||NIFTY27JAN2625800CE,0.10976761391092224
08-01-2026 12:05||NIFTY27JAN2625900CE,0.10598683047269204
08-01-2026 12:05||NIFTY27JAN2626400CE,0.09839739240826749
08-01-2026 12:10||NIFTY27JAN2624000PE,0.17049976731254987
08-01-2026 12:10||NIFTY27JAN2624400PE,0.1465624681794826
08-01-2026 12:15||NIFTY27JAN2624100PE,0.16663482825023315
08-01-2026 12:15||NIFTY27JAN2624400PE,0.1491430734211003
08-01-2026 12:15||NIFTY27JAN2625200CE,0.12753247139608895
08-01-2026 12:15||NIFTY27JAN2625400CE,0.1185690395023067
08-01-2026 12:15||NIFTY27JAN2625500CE,0.11461201424121455
08-01-2026 12:15||NIFTY27JAN2625700CE,0.1062059542012367
08-01-2026 12:20||NIFTY27JAN2624800PE,0.12852094241820317
08-01-2026 12:20||NIFTY27JAN2625800CE,0.10444699133096792
08-01-2026 12:20||NIFTY27JAN2626300CE,0.09483645150559501
08-01-2026 12:25||NIFTY27JAN2624100PE,0.168994169302434
08-01-2026 12:25||NIFTY27JAN2624400PE,0.15074041407924976
08-01-2026 12:25||NIFTY27JAN2624900PE,0.1228640456837008
08-01-2026 12:25||NIFTY27JAN2625700CE,0.10752172189262972
08-01-2026 12:25||NIFTY27JAN2626000CE,0.09851110432322166
08-01-2026 12:30||NIFTY27JAN2624200PE,0.16326836230866917
08-01-2026 12:30||NIFTY27JAN2624300PE,0.15734103018409748
08-01-2026 12:30||NIFTY27JAN2625100PE,0.11486444957125017
08-01-2026 12:30||NIFTY27JAN2625700CE,0.10362109768650792
08-01-2026 12:30||NIFTY27JAN2626000CE,0.09528883432301988
08-01-2026 12:35||NIFTY27JAN2624800PE,0.12737811356708276
08-01-2026 12:35||NIFTY27JAN2625000PE,0.11715079438814373
08-01-2026 12:35||NIFTY27JAN2625400CE,0.1276237375694786
08-01-2026 12:35||NIFTY27JAN2625500CE,0.12256581443507977
08-01-2026 12:35||NIFTY27JAN2625800CE,0.1075879455831261
08-01-2026 12:35||NIFTY27JAN2626100CE,0.09820853846150672
08-01-2026 12:35||NIFTY27JAN2626200CE,0.09675326474851083
08-01-2026 12:40||NIFTY27JAN2624100PE,0.16764537873919244
08-01-2026 12:40||NIFTY27JAN2624400PE,0.1497998477645471
08-01-2026 12:40||NIFTY27JAN2624800PE,0.1274656144790991
08-01-2026 12:40||NIFTY27JAN2625000PE,0.11711876782927787
08-01-2026 12:40||NIFTY27JAN2625200CE,0.13652131357728037
08-01-2026 12:40||NIFTY27JAN2626000CE,0.10017218257109604
08-01-2026 12:45||NIFTY27JAN2624400PE,0.15047205176922931
08-01-2026 12:45||NIFTY27JAN2624600PE,0.1389397253542301
08-01-2026 12:45||NIFTY27JAN2625000PE,0.11819361471674915
08-01-2026 12:45||NIFTY27JAN2625300CE,0.12565670888143957
08-01-2026 12:45||NIFTY27JAN2625800CE,0.10250692542728237
08-01-2026 12:45||NIFTY27JAN2626200CE,0.09506848006121532
08-01-2026 12:45||NIFTY27JAN2626300CE,0.09471117980498243
08-01-2026 12:50||NIFTY27JAN2623800PE,0.18453441501374657
08-01-2026 12:50||NIFTY27JAN2624900PE,0.12169747855447922
08-01-2026 12:50||NIFTY27JAN2625600CE,0.11408755655423002
08-01-2026 12:50||NIFTY27JAN2626300CE,0.0966943118444247
08-01-2026 12:50||NIFTY27JAN2626400CE,0.09659953672485885
08-01-2026 12:55||NIFTY27JAN2624200PE,0.16178208532588745
08-01-2026 12:55||NIFTY27JAN2624300PE,0.15563796594978854
08-01-2026 12:55||NIFTY27JAN2624400PE,0.14958728723308645
08-01-2026 12:55||NIFTY27JAN2626100CE,0.0969906712986014
08-01-2026 13:00||NIFTY27JAN2624200PE,0.1619210133035936
08-01-2026 13:00||NIFTY27JAN2624500PE,0.14426318728321538
08-01-2026 13:00||NIFTY27JAN2624600PE,0.13802233219587245
08-01-2026 13:00||NIFTY27JAN2624700PE,0.13210368772029377
08-01-2026 13:00||NIFTY27JAN2625000PE,0.11611988815636239
08-01-2026 13:00||NIFTY27JAN2625100PE,0.11044438149543817
08-01-2026 13:00||NIFTY27JAN2625400CE,0.12797318336949243
08-01-2026 13:00||NIFTY27JAN2625800CE,0.10906924721297644
08-01-2026 13:05||NIFTY27JAN2623800PE,0.18603188313160365
08-01-2026 13:05||NIFTY27JAN2624600PE,0.13888483859689355
08-01-2026 13:05||NIFTY27JAN2625700CE,0.10848689007364201
08-01-2026 13:05||NIFTY27JAN2625800CE,0.10435039037647201
08-01-2026 13:05||NIFTY27JAN2626000CE,0.09855128456739579
08-01-2026 13:05||NIFTY27JAN2626100CE,0.0958635253271287
08-01-2026 13:05||NIFTY27JAN2626200CE,0.09454766128006317
08-01-2026 13:05||NIFTY27JAN2626300CE,0.09351458680849375
08-01-2026 13:10||NIFTY27JAN2624100PE,0.16828721394961943
08-01-2026 13:10||NIFTY27JAN2624900PE,0.12087911658216337
08-01-2026 13:10||NIFTY27JAN2625400CE,0.12342352382901293
08-01-2026 13:10||NIFTY27JAN2625700CE,0.1094412481749701
08-01-2026 13:10||NIFTY27JAN2625800CE,0.10516163009679469
08-01-2026 13:10||NIFTY27JAN2626100CE,0.096787896939643
08-01-2026 13:10||NIFTY27JAN2626200CE,0.09558562170122237
08-01-2026 13:15||NIFTY27JAN2624300PE,0.15688769741691103
08-01-2026 13:15||NIFTY27JAN2625000PE,0.11695627953877083
08-01-2026 13:15||NIFTY27JAN2625900CE,0.09935841484737563
08-01-2026 13:15||NIFTY27JAN2626300CE,0.0937423905205073
08-01-2026 13:20||NIFTY27JAN2623800PE,0.18563004110765843
08-01-2026 13:20||NIFTY27JAN2624000PE,0.1748538569109828
08-01-2026 13:20||NIFTY27JAN2624400PE,0.15026401763430597
08-01-2026 13:20||NIFTY27JAN2625000PE,0.11680497437487732
08-01-2026 13:20||NIFTY27JAN2625300CE,0.13101706983947306
08-01-2026 13:20||NIFTY27JAN2625400CE,0.12319109700069573
08-01-2026 13:20||NIFTY27JAN2626200CE,0.09468993449112642
08-01-2026 13:25||NIFTY27JAN2624600PE,0.13958903281079274
08-01-2026 13:25||NIFTY27JAN2624900PE,0.1233599795128192
08-01-2026 13:25||NIFTY27JAN2625400CE,0.11615772913516265
08-01-2026 13:25||NIFTY27JAN2625500CE,0.11048162629640176
08-01-2026 13:25||NIFTY27JAN2625900CE,0.09511806371415643
08-01-2026 13:25||NIFTY27JAN2626000CE,0.09376924703746782
08-01-2026 13:25||NIFTY27JAN2626100CE,0.09229571617882457
08-01-2026 13:30||NIFTY27JAN2624300PE,0.1543225390726143
08-01-2026 13:30||NIFTY27JAN2624400PE,0.1481332877631683
08-01-2026 13:30||NIFTY27JAN2625600CE,0.11573316658891879
08-01-2026 13:30||NIFTY27JAN2625700CE,0.11136213983520049
08-01-2026 13:30||NIFTY27JAN2626100CE,0.09909389981596263
08-01-2026 13:30||NIFTY27JAN2626500CE,0.09901316782981728
08-01-2026 13:35||NIFTY27JAN2624600PE,0.13731096955474756
08-01-2026 13:35||NIFTY27JAN2624700PE,0.13141005523418228
08-01-2026 13:35||NIFTY27JAN2624800PE,0.12634070381764043
08-01-2026 13:35||NIFTY27JAN2624900PE,0.12062163102450342
08-01-2026 13:40||NIFTY27JAN2624100PE,0.16703930009295404
08-01-2026 13:40||NIFTY27JAN2624800PE,0.12542591626380697
08-01-2026 13:40||NIFTY27JAN2624900PE,0.11985977071491098
08-01-2026 13:40||NIFTY27JAN2625300CE,0.1259751049655423
08-01-2026 13:40||NIFTY27JAN2625600CE,0.1131917237567719
08-01-2026 13:40||NIFTY27JAN2625700CE,0.10969163511101312
08-01-2026 13:40||NIFTY27JAN2626000CE,0.09976593448314311
08-01-2026 13:40||NIFTY27JAN2626200CE,0.09590868592541049
08-01-2026 13:40||NIFTY27JAN2626300CE,0.09497321089351676
08-01-2026 13:45||NIFTY27JAN2624600PE,0.13654958529203068
08-01-2026 13:45||NIFTY27JAN2624700PE,0.13055584227024528
08-01-2026 13:45||NIFTY27JAN2625100PE,0.10873114411906536
08-01-2026 13:45||NIFTY27JAN2625600CE,0.11302646833597221
08-01-2026 13:45||NIFTY27JAN2625700CE,0.11048603713750668
08-01-2026 13:50||NIFTY27JAN2624600PE,0.13571778308516258
08-01-2026 13:50||NIFTY27JAN2625500CE,0.1194698214020596
08-01-2026 13:55||NIFTY27JAN2624200PE,0.16051756928320862
08-01-2026 13:55||NIFTY27JAN2624600PE,0.13599906580753646
08-01-2026 13:55||NIFTY27JAN2625000PE,0.11438370671043431
08-01-2026 13:55||NIFTY27JAN2625200CE,0.1294897655970927
08-01-2026 13:55||NIFTY27JAN2625700CE,0.10725293778866297
08-01-2026 14:00||NIFTY27JAN2623800PE,0.18589080761382748
08-01-2026 14:00||NIFTY27JAN2623900PE,0.17984962200780116
08-01-2026 14:00||NIFTY27JAN2625300CE,0.10745294003553582
08-01-2026 14:00||NIFTY27JAN2625400CE,0.1108445740578932
08-01-2026 14:00||NIFTY27JAN2625900CE,0.09813565685518055
08-01-2026 14:00||NIFTY27JAN2626000CE,0.09614651964521863
08-01-2026 14:00||NIFTY27JAN2626100CE,0.09355689824226843
08-01-2026 14:00||NIFTY27JAN2626200CE,0.09232066188204723
08-01-2026 14:00||NIFTY27JAN2626300CE,0.09116459610542953
08-01-2026 14:05||NIFTY27JAN2623900PE,0.1785292713450527
08-01-2026 14:05||NIFTY27JAN2624500PE,0.1424933300098094
08-01-2026 14:05||NIFTY27JAN2625300CE,0.11078296170318494
08-01-2026 14:05||NIFTY27JAN2626000CE,0.0953449065037149
08-01-2026 14:05||NIFTY27JAN2626200CE,0.09223941863565006
08-01-2026 14:05||NIFTY27JAN2626300CE,0.09149287426575578
08-01-2026 14:05||NIFTY27JAN2626500CE,0.09217610625349945
08-01-2026 14:10||NIFTY27JAN2624800PE,0.12481901727310912
08-01-2026 14:10||NIFTY27JAN2625000PE,0.11434213569232979
08-01-2026 14:10||NIFTY27JAN2625200CE,0.11784890660670574
08-01-2026 14:10||NIFTY27JAN2625300CE,0.11751088692923857
08-01-2026 14:10||NIFTY27JAN2625700CE,0.11108248333888104
08-01-2026 14:15||NIFTY27JAN2623800PE,0.18373935437833483
08-01-2026 14:15||NIFTY27JAN2624200PE,0.15987647770268346
08-01-2026 14:15||NIFTY27JAN2624300PE,0.15366912768739696
08-01-2026 14:15||NIFTY27JAN2625000PE,0.1133318904195699
08-01-2026 14:15||NIFTY27JAN2625200CE,0.12194110391789457
08-01-2026 14:15||NIFTY27JAN2625600CE,0.11217577215731864
08-01-2026 14:15||NIFTY27JAN2626100CE,0.09583271459759128
08-01-2026 14:15||NIFTY27JAN2626400CE,0.09223014969112027
08-01-2026 14:20||NIFTY27JAN2624500PE,0.14132825782497482
08-01-2026 14:20||NIFTY27JAN2625000PE,0.11364986280524386
08-01-2026 14:20||NIFTY27JAN2625700CE,0.10434872682291561
08-01-2026 14:20||NIFTY27JAN2626400CE,0.0898904518378159
08-01-2026 14:25||NIFTY27JAN2624600PE,0.13625603055341118
08-01-2026 14:25||NIFTY27JAN2624800PE,0.12543041320386536
08-01-2026 14:25||NIFTY27JAN2625200CE,0.136381212147217
08-01-2026 14:25||NIFTY27JAN2625600CE,0.10821325336172419
08-01-2026 14:25||NIFTY27JAN2625900CE,0.09624821864704328
08-01-2026 14:25||NIFTY27JAN2626000CE,0.09409075822592823
08-01-2026 14:30||NIFTY27JAN2624500PE,0.1402847520438903
08-01-2026 14:30||NIFTY27JAN2626200CE,0.09766892964257863
08-01-2026 14:30||NIFTY27JAN2626400CE,0.09461818702538059
08-01-2026 14:30||NIFTY27JAN2626500CE,0.09455393475051636
08-01-2026 14:35||NIFTY27JAN2624200PE,0.15937139711885873
08-01-2026 14:35||NIFTY27JAN2624800PE,0.12426079153636735
08-01-2026 14:35||NIFTY27JAN2625100PE,0.10764002290963971
08-01-2026 14:35||NIFTY27JAN2626100CE,0.09398100748747662
08-01-2026 14:40||NIFTY27JAN2624200PE,0.15898795567407054
08-01-2026 14:40||NIFTY27JAN2624600PE,0.13482787013520986
08-01-2026 14:40||NIFTY27JAN2625000PE,0.11325103696025252
08-01-2026 14:40||NIFTY27JAN2625300CE,0.12017868806398768
08-01-2026 14:40||NIFTY27JAN2625400CE,0.11833709825691499
08-01-2026 14:40||NIFTY27JAN2625500CE,0.11486188601392287
08-01-2026 14:40||NIFTY27JAN2626200CE,0.0919145627175753
08-01-2026 14:40||NIFTY27JAN2626300CE,0.09075240631334297
08-01-2026 14:45||NIFTY27JAN2624000PE,0.17138015609005267
08-01-2026 14:45||NIFTY27JAN2624700PE,0.1282074577333663
08-01-2026 14:45||NIFTY27JAN2625000PE,0.1125489151681951
08-01-2026 14:45||NIFTY27JAN2625300CE,0.1212328997118764
08-01-2026 14:45||NIFTY27JAN2625700CE,0.10691994251600972
08-01-2026 14:50||NIFTY27JAN2624100PE,0.16469592729455224
08-01-2026 14:50||NIFTY27JAN2624300PE,0.1528617093818435
08-01-2026 14:50||NIFTY27JAN2625100PE,0.10793972395360017
08-01-2026 14:50||NIFTY27JAN2625400CE,0.11291702974228726
08-01-2026 14:50||NIFTY27JAN2625500CE,0.10893100802087995
08-01-2026 14:50||NIFTY27JAN2626000CE,0.09207088389739661
08-01-2026 14:50||NIFTY27JAN2626200CE,0.08900397345029994
08-01-2026 14:55||NIFTY27JAN2626300CE,0.09029692736901569
08-01-2026 15:00||NIFTY27JAN2623900PE,0.17487333447044048
08-01-2026 15:00||NIFTY27JAN2624000PE,0.16969886671287396
08-01-2026 15:00||NIFTY27JAN2624900PE,0.11738446530153748
08-01-2026 15:00||NIFTY27JAN2625100PE,0.1081030348572491
08-01-2026 15:00||NIFTY27JAN2625200CE,0.12369615054251823
08-01-2026 15:00||NIFTY27JAN2625600CE,0.0993757161157174
08-01-2026 15:00||NIFTY27JAN2625700CE,0.09613428947190865
08-01-2026 15:00||NIFTY27JAN2626300CE,0.08849628647569806
08-01-2026 15:00||NIFTY27JAN2626400CE,0.089243790850078
08-01-2026 15:05||NIFTY27JAN2624400PE,0.14228858680686493
08-01-2026 15:05||NIFTY27JAN2624800PE,0.120265724971373
08-01-2026 15:05||NIFTY27JAN2624900PE,0.11488233490025755
08-01-2026 15:05||NIFTY27JAN2626000CE,0.09687584842085158
08-01-2026 15:05||NIFTY27JAN2626100CE,0.09432426163766743
08-01-2026 15:05||NIFTY27JAN2626200CE,0.09311658875579974
08-01-2026 15:10||NIFTY27JAN2624000PE,0.1673018414652559
08-01-2026 15:10||NIFTY27JAN2624200PE,0.15495384011598734
08-01-2026 15:10||NIFTY27JAN2624600PE,0.13132162248243445
08-01-2026 15:10||NIFTY27JAN2625100PE,0.10565059898178666
08-01-2026 15:10||NIFTY27JAN2625700CE,0.10431658368734495
08-01-2026 15:10||NIFTY27JAN2626100CE,0.09365210738615178
08-01-2026 15:10||NIFTY27JAN2626300CE,0.09234940114453537
08-01-2026 15:10||NIFTY27JAN2626500CE,0.09357868346525847
08-01-2026 15:15||NIFTY27JAN2624800PE,0.12068479516749711
08-01-2026 15:15||NIFTY27JAN2625100PE,0.10562094368049757
08-01-2026 15:15||NIFTY27JAN2625500CE,0.1122158396566568
08-01-2026 15:15||NIFTY27JAN2626100CE,0.09235033406126726
08-01-2026 15:20||NIFTY27JAN2624000PE,0.167253918990266
08-01-2026 15:20||NIFTY27JAN2624500PE,0.13742083062720778
08-01-2026 15:20||NIFTY27JAN2624800PE,0.1210808140466408
08-01-2026 15:20||NIFTY27JAN2625000PE,0.11121951330370827
08-01-2026 15:20||NIFTY27JAN2625600CE,0.10456973210285905
08-01-2026 15:20||NIFTY27JAN2626100CE,0.09184441297736774
08-01-2026 15:20||NIFTY27JAN2626400CE,0.09202084294298053
08-01-2026 15:20||NIFTY27JAN2626500CE,0.09357534399623282
08-01-2026 15:25||NIFTY27JAN2623800PE,0.1786850557058647
08-01-2026 15:25||NIFTY27JAN2624100PE,0.16139951355433987
08-01-2026 15:25||NIFTY27JAN2624300PE,0.14928177149532174
08-01-2026 15:25||NIFTY27JAN2624600PE,0.13188579419966073
08-01-2026 15:25||NIFTY27JAN2625100PE,0.10778292902214448
08-01-2026 15:25||NIFTY27JAN2625800CE,0.09494275365980873
08-01-2026 15:25||NIFTY27JAN2626100CE,0.08946975403627189
09-01-2026 09:15||NIFTY27JAN2624400PE,0.14465361732348295
09-01-2026 09:15||NIFTY27JAN2625000PE,0.11245035561304075
09-01-2026 09:15||NIFTY27JAN2625400CE,0.1273076995357834
09-01-2026 09:15||NIFTY27JAN2625500CE,0.12232040404036264
09-01-2026 09:15||NIFTY27JAN2625800CE,0.10687745458071872
09-01-2026 09:15||NIFTY27JAN2626300CE,0.09376806093410296
09-01-2026 09:20||NIFTY27JAN2624100PE,0.16317520047025502
09-01-2026 09:20||NIFTY27JAN2624200PE,0.15739342798878472
09-01-2026 09:20||NIFTY27JAN2624800PE,0.1252359990116933
09-01-2026 09:20||NIFTY27JAN2625000PE,0.11584159136361814
09-01-2026 09:20||NIFTY27JAN2625300CE,0.11431710214974236
09-01-2026 09:25||NIFTY27JAN2624100PE,0.1601277911476194
09-01-2026 09:25||NIFTY27JAN2625000PE,0.11203331257912569
09-01-2026 09:25||NIFTY27JAN2625400CE,0.1198715999748799
09-01-2026 09:25||NIFTY27JAN2626100CE,0.09246462200425556
09-01-2026 09:30||NIFTY27JAN2624300PE,0.14833300640502364
09-01-2026 09:30||NIFTY27JAN2624500PE,0.1373427562542686
09-01-2026 09:30||NIFTY27JAN2624600PE,0.1315194759935007
09-01-2026 09:30||NIFTY27JAN2625300CE,0.11320619821546216
09-01-2026 09:30||NIFTY27JAN2625400CE,0.11231652731812788
09-01-2026 09:30||NIFTY27JAN2626100CE,0.09225720793499892
09-01-2026 09:30||NIFTY27JAN2626400CE,0.0905096153784112
09-01-2026 09:35||NIFTY27JAN2624800PE,0.12014923302747912
09-01-2026 09:35||NIFTY27JAN2626000CE,0.09775441163946119
09-01-2026 09:35||NIFTY27JAN2626200CE,0.09370816447387545
09-01-2026 09:40||NIFTY27JAN2625500CE,0.13895217712570201
09-01-2026 09:40||NIFTY27JAN2625600CE,0.13182553323951685
09-01-2026 09:40||NIFTY27JAN2625700CE,0.12717131947697194
09-01-2026 09:40||NIFTY27JAN2625900CE,0.11529917736142722
09-01-2026 09:45||NIFTY27JAN2624000PE,0.16531923901155493
09-01-2026 09:45||NIFTY27JAN2624300PE,0.14691033484294638
09-01-2026 09:45||NIFTY27JAN2624400PE,0.1409699834367918
09-01-2026 09:45||NIFTY27JAN2624700PE,0.12356438618624191
09-01-2026 09:45||NIFTY27JAN2624900PE,0.11333963866661342
09-01-2026 09:45||NIFTY27JAN2625600CE,0.12489483643211577
09-01-2026 09:45||NIFTY27JAN2625900CE,0.11004953296464227
09-01-2026 09:50||NIFTY27JAN2624100PE,0.15968039324042155
09-01-2026 09:50||NIFTY27JAN2624400PE,0.1417440381291482
09-01-2026 09:50||NIFTY27JAN2624600PE,0.13011254107890788
09-01-2026 09:50||NIFTY27JAN2624700PE,0.12456577357336919
09-01-2026 09:50||NIFTY27JAN2624900PE,0.11455070136901739
09-01-2026 09:50||NIFTY27JAN2625300CE,0.1382103971364736
09-01-2026 09:50||NIFTY27JAN2625600CE,0.11921183943124465
09-01-2026 09:50||NIFTY27JAN2626000CE,0.10187458168288227
09-01-2026 09:50||NIFTY27JAN2626100CE,0.09867595914164971
09-01-2026 09:50||NIFTY27JAN2626400CE,0.09502708984206382
09-01-2026 09:55||NIFTY27JAN2623800PE,0.17794559041591532
09-01-2026 09:55||NIFTY27JAN2624800PE,0.12144688434778601
09-01-2026 09:55||NIFTY27JAN2624900PE,0.11621242702501723
09-01-2026 09:55||NIFTY27JAN2625000PE,0.11180248807808102
09-01-2026 09:55||NIFTY27JAN2625200CE,0.13692424292827945
09-01-2026 10:00||NIFTY27JAN2624100PE,0.1620151699231669
09-01-2026 10:00||NIFTY27JAN2624300PE,0.14985899422559076
09-01-2026 10:00||NIFTY27JAN2625100PE,0.10775060280099655
09-01-2026 10:00||NIFTY27JAN2625500CE,0.10831529818301185
09-01-2026 10:00||NIFTY27JAN2626100CE,0.09107776122849101
09-01-2026 10:05||NIFTY27JAN2624500PE,0.13634329347117258
09-01-2026 10:05||NIFTY27JAN2624800PE,0.11992338551200314
09-01-2026 10:05||NIFTY27JAN2625600CE,0.11998453946786963
09-01-2026 10:05||NIFTY27JAN2626100CE,0.09817433893915589
09-01-2026 10:10||NIFTY27JAN2624400PE,0.1431046805909727
09-01-2026 10:10||NIFTY27JAN2626300CE,0.09057273249689694
09-01-2026 10:10||NIFTY27JAN2626400CE,0.09082666342519743
09-01-2026 10:15||NIFTY27JAN2625100PE,0.10608230346267736
09-01-2026 10:15||NIFTY27JAN2625600CE,0.10835976389213478
09-01-2026 10:15||NIFTY27JAN2626200CE,0.09140351528528938
09-01-2026 10:15||NIFTY27JAN2626300CE,0.09070962613745343
09-01-2026 10:20||NIFTY27JAN2623900PE,0.17310237732386796
09-01-2026 10:20||NIFTY27JAN2624000PE,0.16764603014472645
09-01-2026 10:20||NIFTY27JAN2625200CE,0.14797800952064477
09-01-2026 10:20||NIFTY27JAN2625700CE,0.11317902164986623
09-01-2026 10:25||NIFTY27JAN2624200PE,0.15494517829875593
09-01-2026 10:25||NIFTY27JAN2625000PE,0.10983218348555614
09-01-2026 10:25||NIFTY27JAN2625600CE,0.12066067132176934
09-01-2026 10:25||NIFTY27JAN2626200CE,0.09631443262672296
09-01-2026 10:25||NIFTY27JAN2626500CE,0.09460252409910588
09-01-2026 10:30||NIFTY27JAN2624300PE,0.15008748579037018
09-01-2026 10:30||NIFTY27JAN2624900PE,0.11674596624541851
09-01-2026 10:35||NIFTY27JAN2624300PE,0.14879695378773897
09-01-2026 10:35||NIFTY27JAN2624800PE,0.12051477335893886
09-01-2026 10:35||NIFTY27JAN2626300CE,0.09134091931182403
09-01-2026 10:40||NIFTY27JAN2624000PE,0.16665679298315839
09-01-2026 10:40||NIFTY27JAN2624700PE,0.12457783965020153
09-01-2026 10:40||NIFTY27JAN2625000PE,0.10985316968455001
09-01-2026 10:40||NIFTY27JAN2625500CE,0.11726511233277452
09-01-2026 10:40||NIFTY27JAN2626000CE,0.09712570229893973
09-01-2026 10:40||NIFTY27JAN2626100CE,0.09474523651266038
09-01-2026 10:40||NIFTY27JAN2626400CE,0.09303318892229338
09-01-2026 10:40||NIFTY27JAN2626500CE,0.09407113845642542
09-01-2026 10:45||NIFTY27JAN2624400PE,0.1423146782219162
09-01-2026 10:45||NIFTY27JAN2625000PE,0.10995935597845286
09-01-2026 10:45||NIFTY27JAN2625200CE,0.13411134323848337
09-01-2026 10:45||NIFTY27JAN2625400CE,0.12033649956346344
09-01-2026 10:45||NIFTY27JAN2625500CE,0.11519078570254708
09-01-2026 10:45||NIFTY27JAN2626300CE,0.09040552712671124
09-01-2026 10:50||NIFTY27JAN2624100PE,0.16094724709010894
09-01-2026 10:50||NIFTY27JAN2625800CE,0.0937160712075494
09-01-2026 10:50||NIFTY27JAN2625900CE,0.09142869047847288
09-01-2026 10:50||NIFTY27JAN2626000CE,0.09037128472161175
09-01-2026 10:50||NIFTY27JAN2626400CE,0.09027566715603318
09-01-2026 10:50||NIFTY27JAN2626500CE,0.09210401746331824
09-01-2026 10:55||NIFTY27JAN2623800PE,0.17621723650816207
09-01-2026 10:55||NIFTY27JAN2624700PE,0.12389548234470482
09-01-2026 10:55||NIFTY27JAN2624900PE,0.11416639696787892
09-01-2026 10:55||NIFTY27JAN2626300CE,0.09088278197933138
09-01-2026 11:00||NIFTY27JAN2624900PE,0.11267810651637362
09-01-2026 11:00||NIFTY27JAN2625000PE,0.10843814792962464
09-01-2026 11:00||NIFTY27JAN2625200CE,0.15515414231542535
09-01-2026 11:00||NIFTY27JAN2625700CE,0.10177346844086603
09-01-2026 11:00||NIFTY27JAN2625800CE,0.09755907979113641
09-01-2026 11:05||NIFTY27JAN2624000PE,0.16353947572953198
09-01-2026 11:05||NIFTY27JAN2624400PE,0.13912277791500421
09-01-2026 11:05||NIFTY27JAN2625100PE,0.10329473001264027
09-01-2026 11:05||NIFTY27JAN2625300CE,0.12520649751922314
09-01-2026 11:05||NIFTY27JAN2625500CE,0.11513288240711902
09-01-2026 11:05||NIFTY27JAN2625700CE,0.10587467011664696
09-01-2026 11:10||NIFTY27JAN2623900PE,0.1702853106815657
09-01-2026 11:10||NIFTY27JAN2624700PE,0.12350607982494508
09-01-2026 11:10||NIFTY27JAN2625100PE,0.10494896623517502
09-01-2026 11:10||NIFTY27JAN2625200CE,0.12133759299061554
09-01-2026 11:10||NIFTY27JAN2625500CE,0.10624450606324028
09-01-2026 11:10||NIFTY27JAN2625800CE,0.09524431842027781
09-01-2026 11:15||NIFTY27JAN2624200PE,0.1516664285817259
09-01-2026 11:15||NIFTY27JAN2624600PE,0.1281909488389096
09-01-2026 11:15||NIFTY27JAN2625700CE,0.10207714419396713
09-01-2026 11:15||NIFTY27JAN2626400CE,0.09181594314886993
09-01-2026 11:20||NIFTY27JAN2625200CE,0.13030320200735201
09-01-2026 11:20||NIFTY27JAN2625500CE,0.1115866570292493
09-01-2026 11:25||NIFTY27JAN2624600PE,0.12757407181946603
09-01-2026 11:25||NIFTY27JAN2625100PE,0.10245678771202457
09-01-2026 11:25||NIFTY27JAN2625600CE,0.10914000396288052
09-01-2026 11:30||NIFTY27JAN2624000PE,0.16370032641115015
09-01-2026 11:30||NIFTY27JAN2624100PE,0.15744176588210665
09-01-2026 11:30||NIFTY27JAN2624500PE,0.1344182166256154
09-01-2026 11:30||NIFTY27JAN2624600PE,0.12850812034060155
09-01-2026 11:30||NIFTY27JAN2624900PE,0.11330494142723341
09-01-2026 11:30||NIFTY27JAN2625000PE,0.10892076215979028
09-01-2026 11:30||NIFTY27JAN2625300CE,0.12072803861307518
09-01-2026 11:30||NIFTY27JAN2626200CE,0.08973590566940529
09-01-2026 11:35||NIFTY27JAN2624100PE,0.15696260343118448
09-01-2026 11:35||NIFTY27JAN2624600PE,0.12786467978213997
09-01-2026 11:35||NIFTY27JAN2625200CE,0.11902040929178499
09-01-2026 11:35||NIFTY27JAN2625300CE,0.11473015622627838
09-01-2026 11:35||NIFTY27JAN2625700CE,0.10169819841675044
09-01-2026 11:35||NIFTY27JAN2625800CE,0.09849370387669786
09-01-2026 11:40||NIFTY27JAN2624600PE,0.127147197213665
09-01-2026 11:40||NIFTY27JAN2624700PE,0.12194551915792068
09-01-2026 11:40||NIFTY27JAN2625000PE,0.10876436723432954
09-01-2026 11:40||NIFTY27JAN2625300CE,0.11765919293297519
09-01-2026 11:40||NIFTY27JAN2625800CE,0.0978928959295732
09-01-2026 11:40||NIFTY27JAN2625900CE,0.0954305409141385
09-01-2026 11:45||NIFTY27JAN2625900CE,0.09573779173389693
09-01-2026 11:45||NIFTY27JAN2626000CE,0.0945170966503022
09-01-2026 11:45||NIFTY27JAN2626200CE,0.09274511855903282
09-01-2026 11:45||NIFTY27JAN2626500CE,0.09488756168328441
09-01-2026 11:50||NIFTY27JAN2625000PE,0.10875237285448018
09-01-2026 11:50||NIFTY27JAN2625200CE,0.11911454891829613
09-01-2026 11:50||NIFTY27JAN2625400CE,0.11369250726719754
09-01-2026 11:50||NIFTY27JAN2625500CE,0.11074440571144285
09-01-2026 11:50||NIFTY27JAN2626000CE,0.09659280743142588
09-01-2026 11:50||NIFTY27JAN2626500CE,0.09494753652818747
09-01-2026 11:55||NIFTY27JAN2624200PE,0.15107872664751526
09-01-2026 11:55||NIFTY27JAN2624300PE,0.14487689182670813
09-01-2026 11:55||NIFTY27JAN2624500PE,0.1333805420196323
09-01-2026 11:55||NIFTY27JAN2624900PE,0.11307551100642746
09-01-2026 11:55||NIFTY27JAN2625400CE,0.1147043000682339
09-01-2026 11:55||NIFTY27JAN2625600CE,0.10611926150661419
09-01-2026 11:55||NIFTY27JAN2625800CE,0.09985284846557982
09-01-2026 11:55||NIFTY27JAN2626300CE,0.09370281217140329
09-01-2026 12:00||NIFTY27JAN2623800PE,0.17547810865429606
09-01-2026 12:00||NIFTY27JAN2624400PE,0.13803717937501356
09-01-2026 12:00||NIFTY27JAN2624800PE,0.11575409950992104
09-01-2026 12:00||NIFTY27JAN2625600CE,0.1104954766569871
09-01-2026 12:00||NIFTY27JAN2625800CE,0.10337657111953266
09-01-2026 12:00||NIFTY27JAN2626300CE,0.09515225643578887
09-01-2026 12:05||NIFTY27JAN2624600PE,0.12787804557493232
09-01-2026 12:05||NIFTY27JAN2625500CE,0.10977616967992707
09-01-2026 12:05||NIFTY27JAN2626000CE,0.09536076958983929
09-01-2026 12:05||NIFTY27JAN2626500CE,0.09502314397553438
09-01-2026 12:10||NIFTY27JAN2624200PE,0.15126675487908323
09-01-2026 12:10||NIFTY27JAN2624300PE,0.1451765425819835
09-01-2026 12:10||NIFTY27JAN2625500CE,0.1069051085997931
09-01-2026 12:10||NIFTY27JAN2625900CE,0.09567505572628583
09-01-2026 12:10||NIFTY27JAN2626300CE,0.09321557478464526
09-01-2026 12:15||NIFTY27JAN2623800PE,0.1750717320938484
09-01-2026 12:15||NIFTY27JAN2624100PE,0.15682583192499835
09-01-2026 12:15||NIFTY27JAN2624200PE,0.1505176689830414
09-01-2026 12:15||NIFTY27JAN2624300PE,0.14421996466923107
09-01-2026 12:15||NIFTY27JAN2625400CE,0.11210598089011321
09-01-2026 12:15||NIFTY27JAN2625500CE,0.10780980664580597
09-01-2026 12:15||NIFTY27JAN2625800CE,0.09809109246999313
09-01-2026 12:15||NIFTY27JAN2625900CE,0.09627440129273926
09-01-2026 12:15||NIFTY27JAN2626200CE,0.09512256954873921
09-01-2026 12:15||NIFTY27JAN2626300CE,0.0957680247700894
09-01-2026 12:15||NIFTY27JAN2626400CE,0.09690962455054018
09-01-2026 12:15||NIFTY27JAN2626500CE,0.0990223103040599
09-01-2026 12:20||NIFTY27JAN2624000PE,0.16298440604480477
09-01-2026 12:20||NIFTY27JAN2624700PE,0.12087895644061229
09-01-2026 12:20||NIFTY27JAN2624800PE,0.11647734027939668
09-01-2026 12:20||NIFTY27JAN2625000PE,0.10776064593993934
09-01-2026 12:25||NIFTY27JAN2624200PE,0.14989572361926928
09-01-2026 12:25||NIFTY27JAN2624400PE,0.13802889288266484
09-01-2026 12:25||NIFTY27JAN2624600PE,0.1268229483743322
09-01-2026 12:25||NIFTY27JAN2625000PE,0.1089023229895171
09-01-2026 12:30||NIFTY27JAN2623800PE,0.17279211966284602
09-01-2026 12:30||NIFTY27JAN2624400PE,0.137566418108286
09-01-2026 12:30||NIFTY27JAN2624900PE,0.11198941268805876
09-01-2026 12:30||NIFTY27JAN2626400CE,0.09461138434329681
09-01-2026 12:35||NIFTY27JAN2624100PE,0.15808397870362506
09-01-2026 12:35||NIFTY27JAN2624300PE,0.14583997091787126
09-01-2026 12:35||NIFTY27JAN2624700PE,0.12383119496845944
09-01-2026 12:35||NIFTY27JAN2624900PE,0.11506133953161343
09-01-2026 12:35||NIFTY27JAN2625700CE,0.0974907405741195
09-01-2026 12:35||NIFTY27JAN2626400CE,0.09608097142786111
09-01-2026 12:40||NIFTY27JAN2624100PE,0.15797537433307174
09-01-2026 12:40||NIFTY27JAN2625800CE,0.09843727527202818
09-01-2026 12:40||NIFTY27JAN2626100CE,0.09572654790353562
09-01-2026 12:45||NIFTY27JAN2623900PE,0.16976465916738157
09-01-2026 12:45||NIFTY27JAN2624100PE,0.1576180259034478
09-01-2026 12:45||NIFTY27JAN2624200PE,0.15136006634126795
09-01-2026 12:45||NIFTY27JAN2625100PE,0.10692912904744414
09-01-2026 12:45||NIFTY27JAN2625300CE,0.10577132067099705
09-01-2026 12:45||NIFTY27JAN2625800CE,0.09635709767322514
09-01-2026 12:45||NIFTY27JAN2625900CE,0.0954162461515389
09-01-2026 12:45||NIFTY27JAN2626000CE,0.09547412437159228
09-01-2026 12:45||NIFTY27JAN2626400CE,0.09815094349224711
09-01-2026 12:50||NIFTY27JAN2623800PE,0.1756552369816857
09-01-2026 12:50||NIFTY27JAN2624100PE,0.15609035865283966
09-01-2026 12:50||NIFTY27JAN2625300CE,0.1214087056305927
09-01-2026 12:50||NIFTY27JAN2625500CE,0.11140548770712126
09-01-2026 12:50||NIFTY27JAN2626200CE,0.09794893015450877
09-01-2026 12:55||NIFTY27JAN2624100PE,0.15768865903046167
09-01-2026 12:55||NIFTY27JAN2624500PE,0.13306445573268913
09-01-2026 12:55||NIFTY27JAN2624800PE,0.1175255452221247
09-01-2026 12:55||NIFTY27JAN2625600CE,0.10375243121972647
09-01-2026 12:55||NIFTY27JAN2625700CE,0.10153852649043542
09-01-2026 13:00||NIFTY27JAN2624200PE,0.15146526207980118
09-01-2026 13:00||NIFTY27JAN2624900PE,0.113205223507539
09-01-2026 13:00||NIFTY27JAN2625200CE,0.11704570622381351
09-01-2026 13:00||NIFTY27JAN2625600CE,0.10337300148471094
09-01-2026 13:00||NIFTY27JAN2625800CE,0.09905857719676016
09-01-2026 13:00||NIFTY27JAN2626400CE,0.09790280994903414
09-01-2026 13:05||NIFTY27JAN2623900PE,0.16976300256752466
09-01-2026 13:05||NIFTY27JAN2624100PE,0.15753910025028192
09-01-2026 13:05||NIFTY27JAN2624300PE,0.1448712040465754
09-01-2026 13:05||NIFTY27JAN2624400PE,0.13880269048510058
09-01-2026 13:05||NIFTY27JAN2624700PE,0.12185936944735286
09-01-2026 13:05||NIFTY27JAN2624800PE,0.11746368123610497
09-01-2026 13:05||NIFTY27JAN2624900PE,0.11267975591443104
09-01-2026 13:05||NIFTY27JAN2625000PE,0.10882314358497494
09-01-2026 13:05||NIFTY27JAN2626000CE,0.09843925572226227
09-01-2026 13:05||NIFTY27JAN2626400CE,0.09858180882543809
09-01-2026 13:05||NIFTY27JAN2626500CE,0.10039255217214924
09-01-2026 13:10||NIFTY27JAN2624000PE,0.16439937027824042
09-01-2026 13:10||NIFTY27JAN2624100PE,0.15761645065005672
09-01-2026 13:10||NIFTY27JAN2624300PE,0.14501975154872596
09-01-2026 13:10||NIFTY27JAN2625200CE,0.12349914636948908
09-01-2026 13:10||NIFTY27JAN2625900CE,0.09884313667887058
09-01-2026 13:10||NIFTY27JAN2626100CE,0.09698832236603108
09-01-2026 13:10||NIFTY27JAN2626400CE,0.09843745128952973
09-01-2026 13:15||NIFTY27JAN2624100PE,0.15760814912405688
09-01-2026 13:15||NIFTY27JAN2624400PE,0.13889520863413393
09-01-2026 13:15||NIFTY27JAN2625000PE,0.10881197381972635
09-01-2026 13:15||NIFTY27JAN2625300CE,0.11600903084793421
09-01-2026 13:15||NIFTY27JAN2625700CE,0.10331855667298818
09-01-2026 13:15||NIFTY27JAN2625800CE,0.10079456153657776
09-01-2026 13:15||NIFTY27JAN2625900CE,0.09896718331914207
09-01-2026 13:15||NIFTY27JAN2626100CE,0.0971330051161505
09-01-2026 13:15||NIFTY27JAN2626200CE,0.09725635493951108
09-01-2026 13:20||NIFTY27JAN2624100PE,0.15734169107561666
09-01-2026 13:20||NIFTY27JAN2625000PE,0.10884816449035532
09-01-2026 13:20||NIFTY27JAN2625200CE,0.12062273218632132
09-01-2026 13:20||NIFTY27JAN2625600CE,0.10354323464391482
09-01-2026 13:25||NIFTY27JAN2624500PE,0.13354019781232276
09-01-2026 13:25||NIFTY27JAN2625100PE,0.10486990281931963
09-01-2026 13:25||NIFTY27JAN2625300CE,0.11665749849109754
09-01-2026 13:25||NIFTY27JAN2626200CE,0.09708632869611683
09-01-2026 13:30||NIFTY27JAN2624300PE,0.14603630158655906
09-01-2026 13:30||NIFTY27JAN2624900PE,0.11470316363505575
09-01-2026 13:30||NIFTY27JAN2625900CE,0.09495492247260094
09-01-2026 13:30||NIFTY27JAN2626400CE,0.09746842299126711
09-01-2026 13:35||NIFTY27JAN2623900PE,0.16904081990874703
09-01-2026 13:35||NIFTY27JAN2624100PE,0.15705478610698206
09-01-2026 13:35||NIFTY27JAN2624400PE,0.1385431454232928
09-01-2026 13:35||NIFTY27JAN2624600PE,0.12687558491251005
09-01-2026 13:35||NIFTY27JAN2625100PE,0.10366212038041685
09-01-2026 13:35||NIFTY27JAN2625300CE,0.12110718696970298
09-01-2026 13:35||NIFTY27JAN2625400CE,0.11610311712878194
09-01-2026 13:35||NIFTY27JAN2625900CE,0.10005823553562161
09-01-2026 13:35||NIFTY27JAN2626100CE,0.09789644374047579
09-01-2026 13:40||NIFTY27JAN2624500PE,0.13451672878946366
09-01-2026 13:40||NIFTY27JAN2624800PE,0.11951791489343871
09-01-2026 13:40||NIFTY27JAN2625100PE,0.10697578894370088
09-01-2026 13:40||NIFTY27JAN2625300CE,0.10601591578771385
09-01-2026 13:40||NIFTY27JAN2625500CE,0.10132450078718397
09-01-2026 13:40||NIFTY27JAN2626500CE,0.098465985905249
09-01-2026 13:45||NIFTY27JAN2623900PE,0.1683678961018467
09-01-2026 13:45||NIFTY27JAN2624100PE,0.15647522923611276
09-01-2026 13:45||NIFTY27JAN2624300PE,0.14410702865068217
09-01-2026 13:45||NIFTY27JAN2624400PE,0.1381869024496495
09-01-2026 13:45||NIFTY27JAN2625200CE,0.1159147786216668
09-01-2026 13:45||NIFTY27JAN2626000CE,0.09732435267613376
09-01-2026 13:50||NIFTY27JAN2623800PE,0.17219239778041612
09-01-2026 13:50||NIFTY27JAN2624600PE,0.1275074320212496
09-01-2026 13:50||NIFTY27JAN2624700PE,0.12244608629489259
09-01-2026 13:50||NIFTY27JAN2625400CE,0.10861895208667796
09-01-2026 13:50||NIFTY27JAN2625800CE,0.09836546074253005
09-01-2026 13:50||NIFTY27JAN2626100CE,0.09596389538363966
09-01-2026 13:55||NIFTY27JAN2624000PE,0.1610830702382695
09-01-2026 13:55||NIFTY27JAN2625400CE,0.11751532798056495
09-01-2026 13:55||NIFTY27JAN2625500CE,0.11364933338560688
09-01-2026 13:55||NIFTY27JAN2626400CE,0.10093715443621422
09-01-2026 14:00||NIFTY27JAN2624200PE,0.15097721610061088
09-01-2026 14:00||NIFTY27JAN2624300PE,0.14484168386765503
09-01-2026 14:00||NIFTY27JAN2624400PE,0.13898569643879727
09-01-2026 14:00||NIFTY27JAN2625500CE,0.10586907445165027
09-01-2026 14:00||NIFTY27JAN2625800CE,0.0983254022540441
09-01-2026 14:00||NIFTY27JAN2626000CE,0.09655633855055662
09-01-2026 14:05||NIFTY27JAN2624100PE,0.15655627372400613
09-01-2026 14:05||NIFTY27JAN2624300PE,0.14417204602207648
09-01-2026 14:05||NIFTY27JAN2624400PE,0.13823795012408038
09-01-2026 14:05||NIFTY27JAN2625200CE,0.12656891573464726
09-01-2026 14:05||NIFTY27JAN2625400CE,0.11437112020498515
09-01-2026 14:10||NIFTY27JAN2624300PE,0.1441684904122421
09-01-2026 14:10||NIFTY27JAN2624700PE,0.12224718848222939
09-01-2026 14:10||NIFTY27JAN2625300CE,0.11343059581817942
09-01-2026 14:10||NIFTY27JAN2626300CE,0.09760921433420322
09-01-2026 14:10||NIFTY27JAN2626400CE,0.0990805896249926
09-01-2026 14:10||NIFTY27JAN2626500CE,0.10146733991000295
09-01-2026 14:15||NIFTY27JAN2625500CE,0.10588904782500647
09-01-2026 14:20||NIFTY27JAN2624100PE,0.15646587560553085
09-01-2026 14:20||NIFTY27JAN2624300PE,0.14415446793814393
09-01-2026 14:20||NIFTY27JAN2624400PE,0.1382826234318848
09-01-2026 14:20||NIFTY27JAN2625000PE,0.10919489761655857
09-01-2026 14:20||NIFTY27JAN2625200CE,0.11609212168723632
09-01-2026 14:20||NIFTY27JAN2625400CE,0.1090366357938056
09-01-2026 14:20||NIFTY27JAN2625900CE,0.09722189703780591
09-01-2026 14:25||NIFTY27JAN2624100PE,0.156800573273779
09-01-2026 14:25||NIFTY27JAN2624200PE,0.15070095180601623
09-01-2026 14:25||NIFTY27JAN2624300PE,0.14457862066223087
09-01-2026 14:25||NIFTY27JAN2625100PE,0.10639028344452325
09-01-2026 14:25||NIFTY27JAN2625300CE,0.10977425902481129
09-01-2026 14:25||NIFTY27JAN2625600CE,0.10024067295506661
09-01-2026 14:30||NIFTY27JAN2624000PE,0.16255522101928602
09-01-2026 14:30||NIFTY27JAN2624200PE,0.14936327545244715
09-01-2026 14:30||NIFTY27JAN2625900CE,0.10022630832654154
09-01-2026 14:30||NIFTY27JAN2626300CE,0.09907449757972445
09-01-2026 14:35||NIFTY27JAN2624200PE,0.1495272232116236
09-01-2026 14:35||NIFTY27JAN2624300PE,0.14348385153555546
09-01-2026 14:35||NIFTY27JAN2624600PE,0.12660968681183077
09-01-2026 14:35||NIFTY27JAN2625800CE,0.10020263841667856
09-01-2026 14:40||NIFTY27JAN2623800PE,0.17499461405820368
09-01-2026 14:40||NIFTY27JAN2625200CE,0.12485217593767504
09-01-2026 14:40||NIFTY27JAN2625600CE,0.10629814052481858
09-01-2026 14:40||NIFTY27JAN2625900CE,0.09945380066944026
09-01-2026 14:40||NIFTY27JAN2626100CE,0.09790152120015685
09-01-2026 14:40||NIFTY27JAN2626400CE,0.09981108392145145
09-01-2026 14:45||NIFTY27JAN2624500PE,0.1327026868159194
09-01-2026 14:45||NIFTY27JAN2624600PE,0.1268537349240353
09-01-2026 14:45||NIFTY27JAN2625300CE,0.11411107616028635
09-01-2026 14:45||NIFTY27JAN2625600CE,0.1040461568402167
09-01-2026 14:50||NIFTY27JAN2623900PE,0.16848454329589094
09-01-2026 14:50||NIFTY27JAN2626000CE,0.09785521156119228
09-01-2026 14:50||NIFTY27JAN2626300CE,0.09783814169612555
09-01-2026 14:55||NIFTY27JAN2623900PE,0.16836549946204765
09-01-2026 14:55||NIFTY27JAN2624000PE,0.16318668542970566
09-01-2026 14:55||NIFTY27JAN2624800PE,0.1176584813516138
09-01-2026 14:55||NIFTY27JAN2625600CE,0.10249921408372972
09-01-2026 14:55||NIFTY27JAN2625900CE,0.09672260963948172
09-01-2026 15:00||NIFTY27JAN2624000PE,0.1626041013147619
09-01-2026 15:00||NIFTY27JAN2624300PE,0.14370874332249187
09-01-2026 15:00||NIFTY27JAN2625400CE,0.11252140690842109
09-01-2026 15:00||NIFTY27JAN2625600CE,0.10496533247219877
09-01-2026 15:00||NIFTY27JAN2625700CE,0.10251028973074808
09-01-2026 15:00||NIFTY27JAN2625800CE,0.10007319993123154
09-01-2026 15:00||NIFTY27JAN2626500CE,0.10111210739513941
09-01-2026 15:05||NIFTY27JAN2624200PE,0.14998461030528454
09-01-2026 15:05||NIFTY27JAN2624300PE,0.14383685823835937
09-01-2026 15:05||NIFTY27JAN2625000PE,0.10761227416369536
09-01-2026 15:05||NIFTY27JAN2625100PE,0.10317500734147225
09-01-2026 15:05||NIFTY27JAN2625600CE,0.10492317029789802
09-01-2026 15:05||NIFTY27JAN2626500CE,0.10064297733795619
09-01-2026 15:10||NIFTY27JAN2623800PE,0.17369578754701212
09-01-2026 15:10||NIFTY27JAN2624000PE,0.16263316980616885
09-01-2026 15:10||NIFTY27JAN2624600PE,0.1266430153882609
09-01-2026 15:10||NIFTY27JAN2625000PE,0.1085871179821458
09-01-2026 15:10||NIFTY27JAN2625100PE,0.10437908594785647
09-01-2026 15:10||NIFTY27JAN2625200CE,0.12095088163993493
09-01-2026 15:10||NIFTY27JAN2626200CE,0.0973195569420038
09-01-2026 15:15||NIFTY27JAN2624200PE,0.15084937557291248
09-01-2026 15:15||NIFTY27JAN2624300PE,0.14479888229197882
09-01-2026 15:15||NIFTY27JAN2624500PE,0.13374216587548493
09-01-2026 15:15||NIFTY27JAN2624700PE,0.12300201409173432
09-01-2026 15:15||NIFTY27JAN2624900PE,0.11423675997077523
09-01-2026 15:15||NIFTY27JAN2625200CE,0.11531847295155004
09-01-2026 15:15||NIFTY27JAN2625900CE,0.09641409343540905
09-01-2026 15:15||NIFTY27JAN2626000CE,0.09623211768817165
09-01-2026 15:20||NIFTY27JAN2623800PE,0.17488053741267098
09-01-2026 15:20||NIFTY27JAN2624700PE,0.12367355008760297
09-01-2026 15:20||NIFTY27JAN2625100PE,0.10588573956736443
09-01-2026 15:20||NIFTY27JAN2625200CE,0.12345374427873239
09-01-2026 15:20||NIFTY27JAN2625300CE,0.11740904566043141
09-01-2026 15:20||NIFTY27JAN2625600CE,0.104822953718992
09-01-2026 15:20||NIFTY27JAN2625800CE,0.09992709144833209
09-01-2026 15:20||NIFTY27JAN2626100CE,0.09694088340017241
09-01-2026 15:25||NIFTY27JAN2624100PE,0.15781050678451106
09-01-2026 15:25||NIFTY27JAN2624200PE,0.15186357859381824
09-01-2026 15:25||NIFTY27JAN2624400PE,0.14013656844163705
09-01-2026 15:25||NIFTY27JAN2625500CE,0.1168910648839935
09-01-2026 15:25||NIFTY27JAN2626000CE,0.10222154210581912
09-01-2026 15:25||NIFTY27JAN2626100CE,0.10069123021822633
12-01-2026 09:15||NIFTY27JAN2624000PE,0.17782990777041535
12-01-2026 09:15||NIFTY27JAN2624900PE,0.12437545284805597
12-01-2026 09:15||NIFTY27JAN2625200CE,0.11698047887156889
12-01-2026 09:15||NIFTY27JAN2626000CE,0.10288657376757934
12-01-2026 09:15||NIFTY27JAN2626100CE,0.10266970059221892
12-01-2026 09:20||NIFTY27JAN2624200PE,0.1627796371259757
12-01-2026 09:20||NIFTY27JAN2624600PE,0.13799000795614144
12-01-2026 09:20||NIFTY27JAN2624800PE,0.1284715115173257
12-01-2026 09:20||NIFTY27JAN2625000PE,0.12023036677780606
12-01-2026 09:20||NIFTY27JAN2625100PE,0.11637355026932075
12-01-2026 09:20||NIFTY27JAN2625200CE,0.12613730819234714
12-01-2026 09:20||NIFTY27JAN2625600CE,0.11226030733840103
12-01-2026 09:20||NIFTY27JAN2625800CE,0.10904408872168095
12-01-2026 09:25||NIFTY27JAN2624700PE,0.13179405853292428
12-01-2026 09:25||NIFTY27JAN2625800CE,0.11406510045163192
12-01-2026 09:25||NIFTY27JAN2626200CE,0.11375449845488511
12-01-2026 09:30||NIFTY27JAN2623900PE,0.18059704402617702
12-01-2026 09:30||NIFTY27JAN2624000PE,0.17503216150136847
12-01-2026 09:30||NIFTY27JAN2624400PE,0.14866486820471544
12-01-2026 09:30||NIFTY27JAN2625200CE,0.14260625286503245
12-01-2026 09:30||NIFTY27JAN2625600CE,0.12218751478594406
12-01-2026 09:30||NIFTY27JAN2625800CE,0.11721964945071799
12-01-2026 09:30||NIFTY27JAN2626000CE,0.1153700297064377
12-01-2026 09:35||NIFTY27JAN2623900PE,0.17886188795972027
12-01-2026 09:35||NIFTY27JAN2624500PE,0.1423813162485543
12-01-2026 09:35||NIFTY27JAN2624600PE,0.13628248101389814
12-01-2026 09:35||NIFTY27JAN2624700PE,0.13087898752862506
12-01-2026 09:35||NIFTY27JAN2625000PE,0.11726239719094352
12-01-2026 09:35||NIFTY27JAN2625700CE,0.11747843398194774
12-01-2026 09:35||NIFTY27JAN2625800CE,0.11510619597081133
12-01-2026 09:35||NIFTY27JAN2625900CE,0.11357362767342516
12-01-2026 09:35||NIFTY27JAN2626200CE,0.11341261593036743
12-01-2026 09:35||NIFTY27JAN2626500CE,0.11845208390110391
12-01-2026 09:40||NIFTY27JAN2623900PE,0.17989357633381406
12-01-2026 09:40||NIFTY27JAN2624600PE,0.13823277108231596
12-01-2026 09:40||NIFTY27JAN2624700PE,0.13290037362619353
12-01-2026 09:40||NIFTY27JAN2625200CE,0.13498764782222525
12-01-2026 09:40||NIFTY27JAN2625400CE,0.12358050323971267
12-01-2026 09:45||NIFTY27JAN2623900PE,0.18057209138886376
12-01-2026 09:45||NIFTY27JAN2624800PE,0.1260656478640287
12-01-2026 09:45||NIFTY27JAN2625000PE,0.11585708667417415
12-01-2026 09:45||NIFTY27JAN2626400CE,0.11571115439333973
12-01-2026 09:45||NIFTY27JAN2626500CE,0.11739491029567167
12-01-2026 09:50||NIFTY27JAN2625000PE,0.11961023535921127
12-01-2026 09:50||NIFTY27JAN2625400CE,0.12593384484617504
12-01-2026 09:50||NIFTY27JAN2625900CE,0.11187825654436949
12-01-2026 09:50||NIFTY27JAN2626000CE,0.11156667738061771
12-01-2026 09:55||NIFTY27JAN2623800PE,0.18827155411392968
12-01-2026 09:55||NIFTY27JAN2625000PE,0.120950890168121
12-01-2026 09:55||NIFTY27JAN2625100PE,0.11611175411509762
12-01-2026 09:55||NIFTY27JAN2625400CE,0.11621214761725632
12-01-2026 09:55||NIFTY27JAN2625700CE,0.10878219878316417
12-01-2026 09:55||NIFTY27JAN2625900CE,0.10678986380076388
12-01-2026 09:55||NIFTY27JAN2626200CE,0.10886437044320713
12-01-2026 09:55||NIFTY27JAN2626400CE,0.11247139864337051
12-01-2026 10:00||NIFTY27JAN2624800PE,0.12507633770244736
12-01-2026 10:00||NIFTY27JAN2625200CE,0.14598612799488464
12-01-2026 10:00||NIFTY27JAN2625700CE,0.11996077043729854
12-01-2026 10:00||NIFTY27JAN2626100CE,0.11401812695298491
12-01-2026 10:00||NIFTY27JAN2626200CE,0.11449377500305084
12-01-2026 10:05||NIFTY27JAN2623900PE,0.18224965826737272
12-01-2026 10:05||NIFTY27JAN2624300PE,0.15757922489777623
12-01-2026 10:05||NIFTY27JAN2624600PE,0.1391826037272157
12-01-2026 10:05||NIFTY27JAN2624700PE,0.13341861560824064
12-01-2026 10:05||NIFTY27JAN2624800PE,0.12852071153626016
12-01-2026 10:05||NIFTY27JAN2625100PE,0.1134006638952752
12-01-2026 10:10||NIFTY27JAN2624000PE,0.1758508814402745
12-01-2026 10:10||NIFTY27JAN2624100PE,0.1690950067982019
12-01-2026 10:10||NIFTY27JAN2624900PE,0.12261258112748719
12-01-2026 10:10||NIFTY27JAN2625600CE,0.11522464035733418
12-01-2026 10:10||NIFTY27JAN2626300CE,0.11247310954308119
12-01-2026 10:10||NIFTY27JAN2626400CE,0.11428605877551029
12-01-2026 10:15||NIFTY27JAN2623800PE,0.18640093309444278
12-01-2026 10:15||NIFTY27JAN2624500PE,0.14205414705645897
12-01-2026 10:15||NIFTY27JAN2624800PE,0.12474912724045893
12-01-2026 10:15||NIFTY27JAN2625000PE,0.11471685739413783
12-01-2026 10:15||NIFTY27JAN2625100PE,0.10970081016924876
12-01-2026 10:15||NIFTY27JAN2626200CE,0.11250401584665447
12-01-2026 10:15||NIFTY27JAN2626400CE,0.11410254112407063
12-01-2026 10:15||NIFTY27JAN2626500CE,0.11624361546866682
12-01-2026 10:20||NIFTY27JAN2624200PE,0.16343456020734595
12-01-2026 10:20||NIFTY27JAN2624800PE,0.12785516638063402
12-01-2026 10:20||NIFTY27JAN2624900PE,0.12243546903139117
12-01-2026 10:20||NIFTY27JAN2625200CE,0.134257193860657
12-01-2026 10:20||NIFTY27JAN2626500CE,0.11440785067737799
12-01-2026 10:25||NIFTY27JAN2623800PE,0.18773561409460324
12-01-2026 10:25||NIFTY27JAN2624300PE,0.15609751212438597
12-01-2026 10:25||NIFTY27JAN2624400PE,0.14974944547418634
12-01-2026 10:25||NIFTY27JAN2624900PE,0.12129491544029208
12-01-2026 10:25||NIFTY27JAN2625200CE,0.1462398294151742
12-01-2026 10:25||NIFTY27JAN2625800CE,0.11316488767057585
12-01-2026 10:25||NIFTY27JAN2625900CE,0.1114627720853285
12-01-2026 10:25||NIFTY27JAN2626000CE,0.11111473815183608
12-01-2026 10:30||NIFTY27JAN2624500PE,0.14499051057174644
12-01-2026 10:30||NIFTY27JAN2625200CE,0.13218213763767725
12-01-2026 10:30||NIFTY27JAN2625800CE,0.10891501840593358
12-01-2026 10:30||NIFTY27JAN2626200CE,0.10866663132778696
12-01-2026 10:35||NIFTY27JAN2624600PE,0.13719597134140088
12-01-2026 10:35||NIFTY27JAN2625400CE,0.1229164446340595
12-01-2026 10:35||NIFTY27JAN2625700CE,0.11291803939434662
12-01-2026 10:35||NIFTY27JAN2626400CE,0.11267822680773298
12-01-2026 10:40||NIFTY27JAN2625000PE,0.11771333672831465
12-01-2026 10:40||NIFTY27JAN2625100PE,0.11273954461140001
12-01-2026 10:40||NIFTY27JAN2625300CE,0.1287004472455614
12-01-2026 10:40||NIFTY27JAN2625400CE,0.12188098566557837
12-01-2026 10:40||NIFTY27JAN2625500CE,0.11768577131230337
12-01-2026 10:40||NIFTY27JAN2626400CE,0.11207686468985785
12-01-2026 10:45||NIFTY27JAN2624400PE,0.14875348835836386
12-01-2026 10:45||NIFTY27JAN2625000PE,0.1158529560048382
12-01-2026 10:45||NIFTY27JAN2626000CE,0.11184870298928803
12-01-2026 10:45||NIFTY27JAN2626200CE,0.11202322489954251
12-01-2026 10:45||NIFTY27JAN2626300CE,0.11303412063873064
12-01-2026 10:50||NIFTY27JAN2623900PE,0.1828997475743487
12-01-2026 10:50||NIFTY27JAN2624900PE,0.12351013848204463
12-01-2026 10:50||NIFTY27JAN2625500CE,0.11163856365808743
12-01-2026 10:50||NIFTY27JAN2625600CE,0.10864998050729821
12-01-2026 10:50||NIFTY27JAN2626200CE,0.10703240229270827
12-01-2026 10:55||NIFTY27JAN2624000PE,0.1757352546425007
12-01-2026 10:55||NIFTY27JAN2624300PE,0.1558983974860478
12-01-2026 10:55||NIFTY27JAN2624400PE,0.1496091755498606
12-01-2026 10:55||NIFTY27JAN2624900PE,0.12164145386579393
12-01-2026 10:55||NIFTY27JAN2625100PE,0.11251710878121865
12-01-2026 10:55||NIFTY27JAN2625500CE,0.11627055488875962
12-01-2026 10:55||NIFTY27JAN2626200CE,0.10918766354513976
12-01-2026 10:55||NIFTY27JAN2626400CE,0.11223064653972212
12-01-2026 11:00||NIFTY27JAN2623800PE,0.18704491866150474
12-01-2026 11:00||NIFTY27JAN2624000PE,0.17512336125966732
12-01-2026 11:00||NIFTY27JAN2624500PE,0.1427046211438332
12-01-2026 11:00||NIFTY27JAN2624800PE,0.12618783936699726
12-01-2026 11:00||NIFTY27JAN2624900PE,0.12111362557092159
12-01-2026 11:00||NIFTY27JAN2625000PE,0.11698034615350586
12-01-2026 11:00||NIFTY27JAN2625200CE,0.13284964106614575
12-01-2026 11:00||NIFTY27JAN2625400CE,0.12161834065724919
12-01-2026 11:00||NIFTY27JAN2625600CE,0.11456337293294869
12-01-2026 11:00||NIFTY27JAN2626000CE,0.10974763410957138
12-01-2026 11:00||NIFTY27JAN2626300CE,0.11200677405283978
12-01-2026 11:05||NIFTY27JAN2624100PE,0.1669544635814801
12-01-2026 11:05||NIFTY27JAN2624700PE,0.129949661068029
12-01-2026 11:05||NIFTY27JAN2625200CE,0.13554413722966485
12-01-2026 11:05||NIFTY27JAN2625500CE,0.11866522155505921
12-01-2026 11:05||NIFTY27JAN2625600CE,0.1149785586069691
12-01-2026 11:05||NIFTY27JAN2625700CE,0.11270178455386423
12-01-2026 11:10||NIFTY27JAN2624400PE,0.14858842514179657
12-01-2026 11:10||NIFTY27JAN2624500PE,0.142774661028715
12-01-2026 11:10||NIFTY27JAN2625200CE,0.1297616420317752
12-01-2026 11:10||NIFTY27JAN2625800CE,0.10880568069158422
12-01-2026 11:10||NIFTY27JAN2626000CE,0.10826366142293217
12-01-2026 11:15||NIFTY27JAN2625400CE,0.1178218756155258
12-01-2026 11:15||NIFTY27JAN2625700CE,0.11040301056588692
12-01-2026 11:15||NIFTY27JAN2625800CE,0.10903066510429142
12-01-2026 11:20||NIFTY27JAN2624800PE,0.12416504836318155
12-01-2026 11:20||NIFTY27JAN2626400CE,0.1156571721288752
12-01-2026 11:25||NIFTY27JAN2623800PE,0.18223528990209803
12-01-2026 11:25||NIFTY27JAN2624200PE,0.1575789672788423
12-01-2026 11:25||NIFTY27JAN2624300PE,0.151230511520109
12-01-2026 11:25||NIFTY27JAN2624700PE,0.12812684008722955
12-01-2026 11:25||NIFTY27JAN2625400CE,0.11966965737319198
12-01-2026 11:30||NIFTY27JAN2623900PE,0.17648367578607072
12-01-2026 11:30||NIFTY27JAN2624000PE,0.1713738803771064
12-01-2026 11:35||NIFTY27JAN2624200PE,0.15697968684672509
12-01-2026 11:35||NIFTY27JAN2624400PE,0.1446921068157618
12-01-2026 11:35||NIFTY27JAN2624700PE,0.12806538062738373
12-01-2026 11:35||NIFTY27JAN2624900PE,0.1191140494044315
12-01-2026 11:35||NIFTY27JAN2625300CE,0.12413893012230838
12-01-2026 11:35||NIFTY27JAN2625600CE,0.11389582809684795
12-01-2026 11:35||NIFTY27JAN2625800CE,0.1111592550610038
12-01-2026 11:40||NIFTY27JAN2624300PE,0.15107231809237961
12-01-2026 11:40||NIFTY27JAN2624400PE,0.14515237665561653
12-01-2026 11:40||NIFTY27JAN2625000PE,0.11600273468004267
12-01-2026 11:40||NIFTY27JAN2625200CE,0.13402343162565755
12-01-2026 11:40||NIFTY27JAN2625300CE,0.1273312516614359
12-01-2026 11:50||NIFTY27JAN2624700PE,0.12790211316596975
12-01-2026 11:50||NIFTY27JAN2625600CE,0.1144720521359409
12-01-2026 11:50||NIFTY27JAN2625800CE,0.11157018407800486
12-01-2026 11:50||NIFTY27JAN2625900CE,0.11107180778198428
12-01-2026 11:55||NIFTY27JAN2624000PE,0.1703306914357373
12-01-2026 11:55||NIFTY27JAN2624900PE,0.11844639270908597
12-01-2026 11:55||NIFTY27JAN2625100PE,0.11031298389909702
12-01-2026 11:55||NIFTY27JAN2625700CE,0.11380601152154046
12-01-2026 11:55||NIFTY27JAN2626000CE,0.11188419776608277
12-01-2026 11:55||NIFTY27JAN2626500CE,0.1195383243551518
12-01-2026 12:00||NIFTY27JAN2624100PE,0.16322108774444008
12-01-2026 12:00||NIFTY27JAN2624900PE,0.11854767686196041
12-01-2026 12:00||NIFTY27JAN2625100PE,0.11076987015323445
12-01-2026 12:00||NIFTY27JAN2625900CE,0.1103995098570018
12-01-2026 12:05||NIFTY27JAN2624000PE,0.17027288296793622
12-01-2026 12:05||NIFTY27JAN2624900PE,0.11718740307515683
12-01-2026 12:05||NIFTY27JAN2625500CE,0.11864891694062764
12-01-2026 12:05||NIFTY27JAN2625800CE,0.11193796715872623
12-01-2026 12:05||NIFTY27JAN2626000CE,0.11163825743590683
12-01-2026 12:10||NIFTY27JAN2623800PE,0.1830732398230599
12-01-2026 12:10||NIFTY27JAN2624200PE,0.15641141895485222
12-01-2026 12:10||NIFTY27JAN2624700PE,0.12402938548318802
12-01-2026 12:10||NIFTY27JAN2624800PE,0.11898875597047627
12-01-2026 12:10||NIFTY27JAN2625000PE,0.10917263272065438
12-01-2026 12:10||NIFTY27JAN2625800CE,0.12039121590208682
12-01-2026 12:15||NIFTY27JAN2625100PE,0.10843814899305075
12-01-2026 12:15||NIFTY27JAN2625900CE,0.11441270962643804
12-01-2026 12:15||NIFTY27JAN2626200CE,0.11329381386997842
12-01-2026 12:20||NIFTY27JAN2624400PE,0.1487744716134573
12-01-2026 12:20||NIFTY27JAN2624700PE,0.13034098557753063
12-01-2026 12:20||NIFTY27JAN2625100PE,0.10921350354331712
12-01-2026 12:20||NIFTY27JAN2625300CE,0.1441527030065824
12-01-2026 12:20||NIFTY27JAN2625500CE,0.13259650021980868
12-01-2026 12:20||NIFTY27JAN2626400CE,0.11643337534957043
12-01-2026 12:25||NIFTY27JAN2624800PE,0.12979056379417978
12-01-2026 12:25||NIFTY27JAN2625200CE,0.13237138604921564
12-01-2026 12:25||NIFTY27JAN2626300CE,0.11197953141113332
12-01-2026 12:30||NIFTY27JAN2623800PE,0.18903168707789714
12-01-2026 12:30||NIFTY27JAN2624800PE,0.13045907994557393
12-01-2026 12:30||NIFTY27JAN2624900PE,0.12490190410200118
12-01-2026 12:30||NIFTY27JAN2625500CE,0.1336849788531988
12-01-2026 12:30||NIFTY27JAN2625700CE,0.1250019147416377
12-01-2026 12:30||NIFTY27JAN2626500CE,0.11876165234109483
12-01-2026 12:35||NIFTY27JAN2624300PE,0.16220058584832636
12-01-2026 12:35||NIFTY27JAN2624600PE,0.1445579278021504
12-01-2026 12:35||NIFTY27JAN2624900PE,0.12872808169407943
12-01-2026 12:35||NIFTY27JAN2625100PE,0.11899473469666251
12-01-2026 12:35||NIFTY27JAN2626000CE,0.11042663937253974
12-01-2026 12:35||NIFTY27JAN2626300CE,0.11107317047352364
12-01-2026 12:40||NIFTY27JAN2624300PE,0.15876572148602874
12-01-2026 12:40||NIFTY27JAN2624400PE,0.15253030082491056
12-01-2026 12:40||NIFTY27JAN2624500PE,0.14659674713257131
12-01-2026 12:40||NIFTY27JAN2625000PE,0.11920262586450843
12-01-2026 12:40||NIFTY27JAN2625300CE,0.14838431152971304
12-01-2026 12:40||NIFTY27JAN2625500CE,0.1378341538445653
12-01-2026 12:40||NIFTY27JAN2626000CE,0.1202671429174535
12-01-2026 12:40||NIFTY27JAN2626200CE,0.11773506593855085
12-01-2026 12:45||NIFTY27JAN2624300PE,0.1642436073727965
12-01-2026 12:45||NIFTY27JAN2624500PE,0.1523308574683164
12-01-2026 12:45||NIFTY27JAN2624800PE,0.1356553144370334
12-01-2026 12:45||NIFTY27JAN2625000PE,0.12583471282537004
12-01-2026 12:45||NIFTY27JAN2625300CE,0.12790489679920752
12-01-2026 12:45||NIFTY27JAN2625700CE,0.1140429208561972
12-01-2026 12:45||NIFTY27JAN2625800CE,0.11165128064486435
12-01-2026 12:45||NIFTY27JAN2626000CE,0.1095821378316646
12-01-2026 12:45||NIFTY27JAN2626200CE,0.1092288473374068
12-01-2026 12:45||NIFTY27JAN2626400CE,0.11119158615961226
12-01-2026 12:50||NIFTY27JAN2624500PE,0.15104883311480444
12-01-2026 12:50||NIFTY27JAN2625300CE,0.13662504185843044
12-01-2026 12:50||NIFTY27JAN2625800CE,0.11880344805112175
12-01-2026 12:55||NIFTY27JAN2624500PE,0.15086422156813004
12-01-2026 12:55||NIFTY27JAN2624600PE,0.14464398435365672
12-01-2026 12:55||NIFTY27JAN2624700PE,0.13899351374315844
12-01-2026 12:55||NIFTY27JAN2625000PE,0.12429362086347306
12-01-2026 12:55||NIFTY27JAN2625400CE,0.12937515577648262
12-01-2026 12:55||NIFTY27JAN2625900CE,0.11225156343231035
12-01-2026 12:55||NIFTY27JAN2626200CE,0.11083762305484816
12-01-2026 13:00||NIFTY27JAN2624200PE,0.16760762159993262
12-01-2026 13:00||NIFTY27JAN2624500PE,0.14950361694916287
12-01-2026 13:00||NIFTY27JAN2624600PE,0.1432832419775113
12-01-2026 13:00||NIFTY27JAN2625500CE,0.12841400874097966
12-01-2026 13:00||NIFTY27JAN2626000CE,0.11531690589098578
12-01-2026 13:00||NIFTY27JAN2626100CE,0.11352803004773393
12-01-2026 13:00||NIFTY27JAN2626300CE,0.11290814872050611
12-01-2026 13:00||NIFTY27JAN2626500CE,0.11474359154005323
12-01-2026 13:05||NIFTY27JAN2623900PE,0.18605095108878844
12-01-2026 13:05||NIFTY27JAN2624200PE,0.16786318675363537
12-01-2026 13:05||NIFTY27JAN2624500PE,0.14965941621549544
12-01-2026 13:05||NIFTY27JAN2624900PE,0.12753605124212197
12-01-2026 13:05||NIFTY27JAN2625300CE,0.1398455513617088
12-01-2026 13:05||NIFTY27JAN2625500CE,0.13092683654527423
12-01-2026 13:05||NIFTY27JAN2626400CE,0.11459388717667307
12-01-2026 13:10||NIFTY27JAN2624700PE,0.13837733348300615
12-01-2026 13:10||NIFTY27JAN2624800PE,0.1335855513014461
12-01-2026 13:10||NIFTY27JAN2626400CE,0.1125119721459897
12-01-2026 13:15||NIFTY27JAN2623800PE,0.19108111239421977
12-01-2026 13:15||NIFTY27JAN2624500PE,0.15167816458821806
12-01-2026 13:15||NIFTY27JAN2624700PE,0.14032093327629666
12-01-2026 13:15||NIFTY27JAN2624800PE,0.13575124442057487
12-01-2026 13:15||NIFTY27JAN2625100PE,0.12099357413896797
12-01-2026 13:15||NIFTY27JAN2625500CE,0.11746152028034947
12-01-2026 13:15||NIFTY27JAN2625800CE,0.10930917016009827
12-01-2026 13:15||NIFTY27JAN2626100CE,0.1065412838606411
12-01-2026 13:15||NIFTY27JAN2626300CE,0.10766589041502696
12-01-2026 13:15||NIFTY27JAN2626400CE,0.10888009025382331
12-01-2026 13:20||NIFTY27JAN2624200PE,0.16691270143763895
12-01-2026 13:20||NIFTY27JAN2624300PE,0.16097969780093782
12-01-2026 13:20||NIFTY27JAN2625000PE,0.12280547624384794
12-01-2026 13:20||NIFTY27JAN2625200CE,0.14154541401672974
12-01-2026 13:20||NIFTY27JAN2625500CE,0.12641504050398555
12-01-2026 13:20||NIFTY27JAN2626200CE,0.11134842610171625
12-01-2026 13:20||NIFTY27JAN2626500CE,0.11443655815032712
12-01-2026 13:25||NIFTY27JAN2624300PE,0.16190250007271859
12-01-2026 13:25||NIFTY27JAN2624500PE,0.15103337852624718
12-01-2026 13:25||NIFTY27JAN2624600PE,0.14515884468515072
12-01-2026 13:25||NIFTY27JAN2624800PE,0.13525536346020725
12-01-2026 13:25||NIFTY27JAN2625500CE,0.1172227651666867
12-01-2026 13:25||NIFTY27JAN2625800CE,0.1094898758941003
12-01-2026 13:25||NIFTY27JAN2626000CE,0.10777321037859919
12-01-2026 13:25||NIFTY27JAN2626400CE,0.10965600168807191
12-01-2026 13:25||NIFTY27JAN2626500CE,0.11187045874025112
12-01-2026 13:30||NIFTY27JAN2623900PE,0.1836243722546438
12-01-2026 13:30||NIFTY27JAN2624400PE,0.1541010402533148
12-01-2026 13:30||NIFTY27JAN2624800PE,0.1312774058529551
12-01-2026 13:30||NIFTY27JAN2624900PE,0.12558594237111617
12-01-2026 13:30||NIFTY27JAN2625100PE,0.1152135933324078
12-01-2026 13:30||NIFTY27JAN2625300CE,0.1516007372871682
12-01-2026 13:30||NIFTY27JAN2625500CE,0.13746698662324036
12-01-2026 13:30||NIFTY27JAN2625600CE,0.13147287844918001
12-01-2026 13:30||NIFTY27JAN2625700CE,0.1272297465182599
12-01-2026 13:35||NIFTY27JAN2624700PE,0.14007357351462016
12-01-2026 13:35||NIFTY27JAN2624900PE,0.1297024756522826
12-01-2026 13:35||NIFTY27JAN2625500CE,0.12104500617115185
12-01-2026 13:35||NIFTY27JAN2625600CE,0.11717215208932523
12-01-2026 13:35||NIFTY27JAN2625900CE,0.11059293927375519
12-01-2026 13:40||NIFTY27JAN2623900PE,0.18657529927336747
12-01-2026 13:40||NIFTY27JAN2624000PE,0.18169428385878053
12-01-2026 13:40||NIFTY27JAN2624100PE,0.17530239670112524
12-01-2026 13:40||NIFTY27JAN2624800PE,0.1354438240199698
12-01-2026 13:40||NIFTY27JAN2624900PE,0.1300006126963602
12-01-2026 13:40||NIFTY27JAN2625200CE,0.14280217499608036
12-01-2026 13:40||NIFTY27JAN2625400CE,0.1257982530068453
12-01-2026 13:40||NIFTY27JAN2626100CE,0.10665446332909909
12-01-2026 13:40||NIFTY27JAN2626200CE,0.10709400003101412
12-01-2026 13:45||NIFTY27JAN2623800PE,0.19286223274341113
12-01-2026 13:45||NIFTY27JAN2623900PE,0.18692235296297138
12-01-2026 13:45||NIFTY27JAN2624600PE,0.14452327031851947
12-01-2026 13:45||NIFTY27JAN2625100PE,0.1190345152137548
12-01-2026 13:50||NIFTY27JAN2624200PE,0.16934454934807627
12-01-2026 13:50||NIFTY27JAN2625200CE,0.14549542306349206
12-01-2026 13:50||NIFTY27JAN2625300CE,0.13769000860698713
12-01-2026 13:50||NIFTY27JAN2625400CE,0.13095901389544276
12-01-2026 13:50||NIFTY27JAN2626200CE,0.10908147712242496
12-01-2026 13:55||NIFTY27JAN2623800PE,0.19510397821161488
12-01-2026 13:55||NIFTY27JAN2624000PE,0.1838304673577803
12-01-2026 13:55||NIFTY27JAN2624100PE,0.17713344436001494
12-01-2026 13:55||NIFTY27JAN2624700PE,0.14010363778040202
12-01-2026 13:55||NIFTY27JAN2624900PE,0.1295504227497283
12-01-2026 13:55||NIFTY27JAN2626100CE,0.10752507798974523
12-01-2026 13:55||NIFTY27JAN2626400CE,0.10861339542638923
12-01-2026 14:00||NIFTY27JAN2624000PE,0.1827599335873622
12-01-2026 14:00||NIFTY27JAN2624400PE,0.15782057382062717
12-01-2026 14:00||NIFTY27JAN2624500PE,0.15205147377981726
12-01-2026 14:00||NIFTY27JAN2624600PE,0.14577033969269312
12-01-2026 14:00||NIFTY27JAN2625000PE,0.12461223326535967
12-01-2026 14:00||NIFTY27JAN2625400CE,0.1228653587966378
12-01-2026 14:00||NIFTY27JAN2625600CE,0.1157650588500902
12-01-2026 14:00||NIFTY27JAN2625700CE,0.11345900865968453
12-01-2026 14:00||NIFTY27JAN2626300CE,0.10776020108764925
12-01-2026 14:00||NIFTY27JAN2626400CE,0.10872586178693079
12-01-2026 14:05||NIFTY27JAN2624400PE,0.15698369788647246
12-01-2026 14:05||NIFTY27JAN2624600PE,0.14466335093833504
12-01-2026 14:05||NIFTY27JAN2624800PE,0.1336276158589655
12-01-2026 14:05||NIFTY27JAN2625800CE,0.11499232226759303
12-01-2026 14:05||NIFTY27JAN2626000CE,0.11132304716020056
12-01-2026 14:05||NIFTY27JAN2626200CE,0.10934920466379373
12-01-2026 14:05||NIFTY27JAN2626400CE,0.10985086574175858
12-01-2026 14:05||NIFTY27JAN2626500CE,0.11139480348118787
12-01-2026 14:10||NIFTY27JAN2624100PE,0.17652799234111483
12-01-2026 14:10||NIFTY27JAN2624600PE,0.14630594617265943
12-01-2026 14:10||NIFTY27JAN2624800PE,0.1354501900238296
12-01-2026 14:10||NIFTY27JAN2625200CE,0.13682661939371993
12-01-2026 14:10||NIFTY27JAN2625500CE,0.11824789500166118
12-01-2026 14:10||NIFTY27JAN2626400CE,0.10753485255364935
12-01-2026 14:15||NIFTY27JAN2624100PE,0.17526517410815837
12-01-2026 14:15||NIFTY27JAN2624200PE,0.1690530969879075
12-01-2026 14:15||NIFTY27JAN2624900PE,0.12827499343851892
12-01-2026 14:15||NIFTY27JAN2625800CE,0.11199016508859094
12-01-2026 14:20||NIFTY27JAN2624400PE,0.15637946782992038
12-01-2026 14:20||NIFTY27JAN2624500PE,0.1503634369724435
12-01-2026 14:20||NIFTY27JAN2624600PE,0.14387852979180593
12-01-2026 14:20||NIFTY27JAN2625000PE,0.12145896144306842
12-01-2026 14:20||NIFTY27JAN2625200CE,0.15327801872078461
12-01-2026 14:20||NIFTY27JAN2625700CE,0.12335433951236056
12-01-2026 14:20||NIFTY27JAN2626200CE,0.11147296059833864
12-01-2026 14:20||NIFTY27JAN2626500CE,0.1130050217957072
12-01-2026 14:25||NIFTY27JAN2623900PE,0.18813608198333334
12-01-2026 14:25||NIFTY27JAN2624200PE,0.17058587511526102
12-01-2026 14:25||NIFTY27JAN2624500PE,0.15271273269274954
12-01-2026 14:25||NIFTY27JAN2624600PE,0.14644517091933212
12-01-2026 14:25||NIFTY27JAN2626300CE,0.10627540298425966
12-01-2026 14:25||NIFTY27JAN2626500CE,0.10871823181839864
12-01-2026 14:30||NIFTY27JAN2623900PE,0.1880540926353365
12-01-2026 14:30||NIFTY27JAN2624200PE,0.17050773578367515
12-01-2026 14:30||NIFTY27JAN2625200CE,0.1233578439201517
12-01-2026 14:30||NIFTY27JAN2625700CE,0.10883683644218561
12-01-2026 14:30||NIFTY27JAN2626200CE,0.10470685940927345
12-01-2026 14:35||NIFTY27JAN2624500PE,0.14918638289738193
12-01-2026 14:35||NIFTY27JAN2625100PE,0.11518865112991795
12-01-2026 14:35||NIFTY27JAN2625900CE,0.11627590761072597
12-01-2026 14:35||NIFTY27JAN2626000CE,0.11435239441188373
12-01-2026 14:35||NIFTY27JAN2626100CE,0.11216615547826148
12-01-2026 14:35||NIFTY27JAN2626400CE,0.11127659223187211
12-01-2026 14:35||NIFTY27JAN2626500CE,0.11265097382556734
12-01-2026 14:40||NIFTY27JAN2624100PE,0.1760093685935471
12-01-2026 14:40||NIFTY27JAN2624300PE,0.16374806258773533
12-01-2026 14:40||NIFTY27JAN2624500PE,0.15190910193380922
12-01-2026 14:40||NIFTY27JAN2625100PE,0.11845117362818043
12-01-2026 14:40||NIFTY27JAN2625300CE,0.13390642656053311
12-01-2026 14:40||NIFTY27JAN2625600CE,0.11874091806191675
12-01-2026 14:40||NIFTY27JAN2626400CE,0.10900012173434669
12-01-2026 14:45||NIFTY27JAN2624000PE,0.18344906441679532
12-01-2026 14:45||NIFTY27JAN2624600PE,0.14661594817206475
12-01-2026 14:45||NIFTY27JAN2625000PE,0.12500665780955195
12-01-2026 14:45||NIFTY27JAN2625300CE,0.12646637124307114
12-01-2026 14:45||NIFTY27JAN2625500CE,0.11935946847806693
12-01-2026 14:45||NIFTY27JAN2626000CE,0.10705488775199197
12-01-2026 14:45||NIFTY27JAN2626100CE,0.10582645883092806
12-01-2026 14:45||NIFTY27JAN2626200CE,0.10588921157594566
12-01-2026 14:45||NIFTY27JAN2626500CE,0.10893279975319876
12-01-2026 14:50||NIFTY27JAN2624000PE,0.18330502509874946
12-01-2026 14:50||NIFTY27JAN2624400PE,0.1580012070117909
12-01-2026 14:50||NIFTY27JAN2624800PE,0.1343507279717117
12-01-2026 14:50||NIFTY27JAN2625100PE,0.11779177422305741
12-01-2026 14:50||NIFTY27JAN2625600CE,0.12134664970122935
12-01-2026 14:50||NIFTY27JAN2626000CE,0.10970580500535082
12-01-2026 14:50||NIFTY27JAN2626300CE,0.10710883567430965
12-01-2026 14:50||NIFTY27JAN2626400CE,0.10755633422334393
12-01-2026 14:55||NIFTY27JAN2624300PE,0.164279435177713
12-01-2026 14:55||NIFTY27JAN2624500PE,0.15207001062805509
12-01-2026 14:55||NIFTY27JAN2624700PE,0.139677125321764
12-01-2026 14:55||NIFTY27JAN2624900PE,0.12885577939976908
12-01-2026 14:55||NIFTY27JAN2625100PE,0.118521017568964
12-01-2026 14:55||NIFTY27JAN2626200CE,0.10711868198642012
12-01-2026 15:00||NIFTY27JAN2623800PE,0.19466679143466617
12-01-2026 15:00||NIFTY27JAN2623900PE,0.18868561301018133
12-01-2026 15:00||NIFTY27JAN2624300PE,0.16413966708356773
12-01-2026 15:00||NIFTY27JAN2624700PE,0.13970259520729342
12-01-2026 15:00||NIFTY27JAN2624800PE,0.13466986669981199
12-01-2026 15:00||NIFTY27JAN2626000CE,0.1078455700637385
12-01-2026 15:00||NIFTY27JAN2626100CE,0.10617269507711259
12-01-2026 15:05||NIFTY27JAN2623800PE,0.19508036163149245
12-01-2026 15:05||NIFTY27JAN2624200PE,0.17116332816807905
12-01-2026 15:05||NIFTY27JAN2624300PE,0.16490842661958927
12-01-2026 15:05||NIFTY27JAN2624900PE,0.12982570689542816
12-01-2026 15:05||NIFTY27JAN2625900CE,0.10669607867837516
12-01-2026 15:05||NIFTY27JAN2626200CE,0.1044761991739841
12-01-2026 15:10||NIFTY27JAN2624000PE,0.18398252637614168
12-01-2026 15:10||NIFTY27JAN2624500PE,0.15262195132374204
12-01-2026 15:10||NIFTY27JAN2624600PE,0.14621078823778225
12-01-2026 15:10||NIFTY27JAN2625200CE,0.1338418208426458
12-01-2026 15:10||NIFTY27JAN2625600CE,0.11294882364956178
12-01-2026 15:10||NIFTY27JAN2625900CE,0.10515543235693395
12-01-2026 15:10||NIFTY27JAN2626200CE,0.10331529344082867
12-01-2026 15:10||NIFTY27JAN2626300CE,0.10375255566402553
12-01-2026 15:10||NIFTY27JAN2626400CE,0.10473808763206754
12-01-2026 15:15||NIFTY27JAN2623900PE,0.19101981033491466
12-01-2026 15:15||NIFTY27JAN2624000PE,0.18565628498423306
12-01-2026 15:15||NIFTY27JAN2624500PE,0.15354947498070393
12-01-2026 15:15||NIFTY27JAN2624900PE,0.1295319356572636
12-01-2026 15:15||NIFTY27JAN2625200CE,0.14244316489251008
12-01-2026 15:15||NIFTY27JAN2625400CE,0.12805766029347881
12-01-2026 15:15||NIFTY27JAN2625500CE,0.1231928674194035
12-01-2026 15:20||NIFTY27JAN2624100PE,0.18033908873809754
12-01-2026 15:20||NIFTY27JAN2624200PE,0.1739727208485108
12-01-2026 15:20||NIFTY27JAN2624400PE,0.16127843316739493
12-01-2026 15:20||NIFTY27JAN2624500PE,0.15508313708231927
12-01-2026 15:20||NIFTY27JAN2625000PE,0.12469656282288576
12-01-2026 15:20||NIFTY27JAN2625200CE,0.14058563906901572
12-01-2026 15:20||NIFTY27JAN2625300CE,0.13358535852765976
12-01-2026 15:20||NIFTY27JAN2626200CE,0.1048449184393487
12-01-2026 15:20||NIFTY27JAN2626300CE,0.10475669138002462
12-01-2026 15:25||NIFTY27JAN2624200PE,0.17416972149645912
12-01-2026 15:25||NIFTY27JAN2624600PE,0.14872586760223044
12-01-2026 15:25||NIFTY27JAN2625400CE,0.11944719905411262
12-01-2026 15:25||NIFTY27JAN2625500CE,0.1158346432473636
12-01-2026 15:25||NIFTY27JAN2625700CE,0.1088809897967931
13-01-2026 09:15||NIFTY27JAN2624000PE,0.18957218983361465
13-01-2026 09:15||NIFTY27JAN2624700PE,0.14445387826163872
13-01-2026 09:15||NIFTY27JAN2625500CE,0.10154704753558223
13-01-2026 09:15||NIFTY27JAN2625600CE,0.09930006052276379
13-01-2026 09:15||NIFTY27JAN2625800CE,0.09747936583441462
13-01-2026 09:15||NIFTY27JAN2625900CE,0.09676268795930233
13-01-2026 09:15||NIFTY27JAN2626100CE,0.09645840006915109
13-01-2026 09:20||NIFTY27JAN2623800PE,0.19960923474951942
13-01-2026 09:20||NIFTY27JAN2624500PE,0.15565827436832938
13-01-2026 09:20||NIFTY27JAN2624600PE,0.14900770990597176
13-01-2026 09:20||NIFTY27JAN2624800PE,0.13744245393189383
13-01-2026 09:25||NIFTY27JAN2623800PE,0.20062962550801866
13-01-2026 09:25||NIFTY27JAN2624200PE,0.17705918540732155
13-01-2026 09:25||NIFTY27JAN2624400PE,0.1649737079953092
13-01-2026 09:25||NIFTY27JAN2624600PE,0.15339385335767358
13-01-2026 09:25||NIFTY27JAN2624800PE,0.14344817592872436
13-01-2026 09:25||NIFTY27JAN2625300CE,0.07695761189999806
13-01-2026 09:25||NIFTY27JAN2625500CE,0.08694282368163149
13-01-2026 09:30||NIFTY27JAN2624500PE,0.15553477110911804
13-01-2026 09:30||NIFTY27JAN2625300CE,0.09480305091395005
13-01-2026 09:30||NIFTY27JAN2625500CE,0.09955958567426161
13-01-2026 09:30||NIFTY27JAN2625700CE,0.0988848619743507
13-01-2026 09:30||NIFTY27JAN2626000CE,0.09980528249587743
13-01-2026 09:30||NIFTY27JAN2626200CE,0.10138865940592576
13-01-2026 09:35||NIFTY27JAN2624000PE,0.1858881228737597
13-01-2026 09:35||NIFTY27JAN2625000PE,0.12589474004072768
13-01-2026 09:35||NIFTY27JAN2625300CE,0.11412796423839909
13-01-2026 09:35||NIFTY27JAN2625700CE,0.10694879382595698
13-01-2026 09:35||NIFTY27JAN2625800CE,0.10554973998685248
13-01-2026 09:40||NIFTY27JAN2625200CE,0.11857219072161329
13-01-2026 09:40||NIFTY27JAN2625400CE,0.11519206602482057
13-01-2026 09:40||NIFTY27JAN2625600CE,0.11040186612523394
13-01-2026 09:45||NIFTY27JAN2623800PE,0.19707313810440613
13-01-2026 09:45||NIFTY27JAN2624500PE,0.1535078700145902
13-01-2026 09:45||NIFTY27JAN2625400CE,0.10229262616218932
13-01-2026 09:45||NIFTY27JAN2625800CE,0.0969528538827387
13-01-2026 09:45||NIFTY27JAN2625900CE,0.09699320045015986
13-01-2026 09:50||NIFTY27JAN2623900PE,0.19076109711625433
13-01-2026 09:50||NIFTY27JAN2624500PE,0.15305389224542992
13-01-2026 09:50||NIFTY27JAN2624600PE,0.14659033417514766
13-01-2026 09:50||NIFTY27JAN2625000PE,0.12550717463569647
13-01-2026 09:50||NIFTY27JAN2625100PE,0.120366539210954
13-01-2026 09:50||NIFTY27JAN2626300CE,0.10562163996113848
13-01-2026 09:55||NIFTY27JAN2624100PE,0.17783813541906435
13-01-2026 09:55||NIFTY27JAN2624200PE,0.17139785353355108
13-01-2026 09:55||NIFTY27JAN2624300PE,0.16493929573853336
13-01-2026 09:55||NIFTY27JAN2624700PE,0.14099115861616648
13-01-2026 09:55||NIFTY27JAN2625600CE,0.10373350683915185
13-01-2026 10:00||NIFTY27JAN2624200PE,0.168763065666513
13-01-2026 10:00||NIFTY27JAN2626300CE,0.11177334002484768
13-01-2026 10:00||NIFTY27JAN2626500CE,0.11460544872359839
13-01-2026 10:05||NIFTY27JAN2624000PE,0.18333919705182442
13-01-2026 10:05||NIFTY27JAN2624800PE,0.13472197467927594
13-01-2026 10:05||NIFTY27JAN2626400CE,0.10984372250363118
13-01-2026 10:10||NIFTY27JAN2624100PE,0.17926783423663253
13-01-2026 10:10||NIFTY27JAN2624200PE,0.17273418681129502
13-01-2026 10:10||NIFTY27JAN2624500PE,0.15390192730096197
13-01-2026 10:10||NIFTY27JAN2624700PE,0.14180288161862625
13-01-2026 10:10||NIFTY27JAN2625100PE,0.12246583243276186
13-01-2026 10:10||NIFTY27JAN2625800CE,0.1001969259219461
13-01-2026 10:15||NIFTY27JAN2624500PE,0.15330692008399097
13-01-2026 10:15||NIFTY27JAN2624800PE,0.13630209352615605
13-01-2026 10:15||NIFTY27JAN2624900PE,0.13090960492747314
13-01-2026 10:15||NIFTY27JAN2625100PE,0.12152087587683225
13-01-2026 10:15||NIFTY27JAN2625800CE,0.1013066606948218
13-01-2026 10:20||NIFTY27JAN2623900PE,0.19064749964902833
13-01-2026 10:20||NIFTY27JAN2624100PE,0.1783724172615295
13-01-2026 10:20||NIFTY27JAN2625300CE,0.1170246587066255
13-01-2026 10:20||NIFTY27JAN2625700CE,0.10595020631700841
13-01-2026 10:20||NIFTY27JAN2626500CE,0.1093221689333417
13-01-2026 10:25||NIFTY27JAN2623900PE,0.19143255819258476
13-01-2026 10:25||NIFTY27JAN2624200PE,0.171950539384951
13-01-2026 10:25||NIFTY27JAN2624500PE,0.15213125713390702
13-01-2026 10:25||NIFTY27JAN2624700PE,0.13902274527487313
13-01-2026 10:25||NIFTY27JAN2625100PE,0.11692781469618484
13-01-2026 10:25||NIFTY27JAN2625700CE,0.11497536932101167
13-01-2026 10:30||NIFTY27JAN2623800PE,0.20061454537426832
13-01-2026 10:30||NIFTY27JAN2624400PE,0.1616893531406719
13-01-2026 10:30||NIFTY27JAN2624600PE,0.14873058256418212
13-01-2026 10:30||NIFTY27JAN2624700PE,0.14260172828803286
13-01-2026 10:30||NIFTY27JAN2624900PE,0.13161038426605712
13-01-2026 10:30||NIFTY27JAN2625300CE,0.12108052747288758
13-01-2026 10:30||NIFTY27JAN2625900CE,0.09939356470555016
13-01-2026 10:30||NIFTY27JAN2626000CE,0.0995789826186329
13-01-2026 10:30||NIFTY27JAN2626100CE,0.09956559003477952
13-01-2026 10:30||NIFTY27JAN2626400CE,0.10411605539144307
13-01-2026 10:35||NIFTY27JAN2623800PE,0.19912774440352435
13-01-2026 10:35||NIFTY27JAN2623900PE,0.19293171263958522
13-01-2026 10:35||NIFTY27JAN2624300PE,0.1675018758550925
13-01-2026 10:35||NIFTY27JAN2624600PE,0.14842062186088706
13-01-2026 10:35||NIFTY27JAN2625000PE,0.12681589012592817
13-01-2026 10:35||NIFTY27JAN2626000CE,0.10065576591135093
13-01-2026 10:35||NIFTY27JAN2626100CE,0.1005848520735476
13-01-2026 10:40||NIFTY27JAN2623900PE,0.1920411101413025
13-01-2026 10:40||NIFTY27JAN2624000PE,0.18662611276915017
13-01-2026 10:40||NIFTY27JAN2624400PE,0.16045254277345214
13-01-2026 10:40||NIFTY27JAN2624500PE,0.1543808078291734
13-01-2026 10:40||NIFTY27JAN2624800PE,0.13677506480778137
13-01-2026 10:40||NIFTY27JAN2626300CE,0.104198719073939
13-01-2026 10:45||NIFTY27JAN2623900PE,0.19057006639944715
13-01-2026 10:45||NIFTY27JAN2624900PE,0.12843198683205406
13-01-2026 10:45||NIFTY27JAN2625200CE,0.11725164494147507
13-01-2026 10:45||NIFTY27JAN2625600CE,0.10833510112945961
13-01-2026 10:50||NIFTY27JAN2624900PE,0.13098613228339603
13-01-2026 10:50||NIFTY27JAN2625000PE,0.12637036085808726
13-01-2026 10:50||NIFTY27JAN2625500CE,0.10664051798075294
13-01-2026 10:50||NIFTY27JAN2625600CE,0.10323401044188917
13-01-2026 10:50||NIFTY27JAN2625700CE,0.10123723709857987
13-01-2026 10:50||NIFTY27JAN2625900CE,0.09829335403962353
13-01-2026 10:55||NIFTY27JAN2624300PE,0.163186964584137
13-01-2026 10:55||NIFTY27JAN2624400PE,0.1568166225802163
13-01-2026 10:55||NIFTY27JAN2625200CE,0.13291939570930048
13-01-2026 10:55||NIFTY27JAN2625700CE,0.1098575147758854
13-01-2026 10:55||NIFTY27JAN2626400CE,0.10661033894332733
13-01-2026 11:00||NIFTY27JAN2623900PE,0.18967505038261925
13-01-2026 11:00||NIFTY27JAN2624200PE,0.1711158185485815
13-01-2026 11:00||NIFTY27JAN2625000PE,0.12464268223681156
13-01-2026 11:00||NIFTY27JAN2625700CE,0.10150631387601604
13-01-2026 11:00||NIFTY27JAN2625800CE,0.10023141764634111
13-01-2026 11:00||NIFTY27JAN2626400CE,0.10435442336357563
13-01-2026 11:05||NIFTY27JAN2624100PE,0.176120220425206
13-01-2026 11:05||NIFTY27JAN2624800PE,0.13282417798225907
13-01-2026 11:05||NIFTY27JAN2625100PE,0.11768655361400915
13-01-2026 11:05||NIFTY27JAN2625800CE,0.10858421547859282
13-01-2026 11:10||NIFTY27JAN2623900PE,0.18926286908170248
13-01-2026 11:10||NIFTY27JAN2624800PE,0.13371925112178318
13-01-2026 11:10||NIFTY27JAN2624900PE,0.12761800334039844
13-01-2026 11:10||NIFTY27JAN2625000PE,0.12227307288109375
13-01-2026 11:10||NIFTY27JAN2625100PE,0.11632873492851863
13-01-2026 11:10||NIFTY27JAN2625900CE,0.10215368686598061
13-01-2026 11:10||NIFTY27JAN2626400CE,0.10372459599626552
13-01-2026 11:15||NIFTY27JAN2624500PE,0.1512247162707984
13-01-2026 11:15||NIFTY27JAN2625100PE,0.11853258986266589
13-01-2026 11:15||NIFTY27JAN2625200CE,0.11349396578176629
13-01-2026 11:15||NIFTY27JAN2625300CE,0.1115516701609499
13-01-2026 11:20||NIFTY27JAN2624900PE,0.1279904395532349
13-01-2026 11:20||NIFTY27JAN2626100CE,0.10009617762792113
13-01-2026 11:25||NIFTY27JAN2624000PE,0.18290947061802873
13-01-2026 11:25||NIFTY27JAN2624500PE,0.1500806335243474
13-01-2026 11:25||NIFTY27JAN2624800PE,0.1325831634164925
13-01-2026 11:25||NIFTY27JAN2625600CE,0.11028129506146125
13-01-2026 11:25||NIFTY27JAN2626000CE,0.10285774926946645
13-01-2026 11:25||NIFTY27JAN2626200CE,0.10212365843660692
13-01-2026 11:25||NIFTY27JAN2626400CE,0.10368316355969834
13-01-2026 11:30||NIFTY27JAN2625100PE,0.11690563747109915
13-01-2026 11:30||NIFTY27JAN2625500CE,0.11624274160370704
13-01-2026 11:30||NIFTY27JAN2625800CE,0.1068989127878732
13-01-2026 11:30||NIFTY27JAN2625900CE,0.10490147826611901
13-01-2026 11:35||NIFTY27JAN2623800PE,0.19617549179211533
13-01-2026 11:35||NIFTY27JAN2623900PE,0.18991545554406042
13-01-2026 11:35||NIFTY27JAN2624100PE,0.17742900998911298
13-01-2026 11:35||NIFTY27JAN2624900PE,0.12896706274658715
13-01-2026 11:35||NIFTY27JAN2625300CE,0.10934085280832882
13-01-2026 11:35||NIFTY27JAN2626000CE,0.0996783201490301
13-01-2026 11:35||NIFTY27JAN2626300CE,0.10004130848936109
13-01-2026 11:35||NIFTY27JAN2626500CE,0.10311714533849328
13-01-2026 11:40||NIFTY27JAN2623800PE,0.19515040228817146
13-01-2026 11:40||NIFTY27JAN2624500PE,0.15191133351899208
13-01-2026 11:40||NIFTY27JAN2624900PE,0.12966191768220697
13-01-2026 11:40||NIFTY27JAN2625300CE,0.09782537827643713
13-01-2026 11:40||NIFTY27JAN2625400CE,0.09986203393997167
13-01-2026 11:45||NIFTY27JAN2623800PE,0.1927910185231604
13-01-2026 11:45||NIFTY27JAN2625000PE,0.12228179324859492
13-01-2026 11:45||NIFTY27JAN2625400CE,0.11418693549585673
13-01-2026 11:45||NIFTY27JAN2625800CE,0.1033617021791894
13-01-2026 11:45||NIFTY27JAN2626200CE,0.10162375396759549
13-01-2026 11:45||NIFTY27JAN2626300CE,0.10241302570346125
13-01-2026 11:45||NIFTY27JAN2626400CE,0.10371433270394835
13-01-2026 11:50||NIFTY27JAN2624000PE,0.1818711445611009
13-01-2026 11:50||NIFTY27JAN2624300PE,0.16231005282899252
13-01-2026 11:50||NIFTY27JAN2625100PE,0.11889083241696606
13-01-2026 11:50||NIFTY27JAN2626200CE,0.09842114741907963
13-01-2026 11:50||NIFTY27JAN2626300CE,0.09950178798182878
13-01-2026 11:55||NIFTY27JAN2624300PE,0.16050636898292253
13-01-2026 11:55||NIFTY27JAN2624800PE,0.1320027734371051
13-01-2026 11:55||NIFTY27JAN2625000PE,0.12227478942056018
13-01-2026 11:55||NIFTY27JAN2625400CE,0.11348840906748686
13-01-2026 11:55||NIFTY27JAN2625500CE,0.10940069195979996
13-01-2026 12:00||NIFTY27JAN2624500PE,0.14758480152009562
13-01-2026 12:00||NIFTY27JAN2625000PE,0.12134587303742779
13-01-2026 12:00||NIFTY27JAN2625900CE,0.10113018876523217
13-01-2026 12:05||NIFTY27JAN2623800PE,0.1903112077081894
13-01-2026 12:05||NIFTY27JAN2624500PE,0.14648776942076966
13-01-2026 12:05||NIFTY27JAN2624700PE,0.13442829678353063
13-01-2026 12:05||NIFTY27JAN2625000PE,0.11988320076503356
13-01-2026 12:05||NIFTY27JAN2625300CE,0.11249406388492127
13-01-2026 12:05||NIFTY27JAN2625800CE,0.10422172765977027
13-01-2026 12:10||NIFTY27JAN2624500PE,0.1479438273079406
13-01-2026 12:10||NIFTY27JAN2625000PE,0.12284044157431132
13-01-2026 12:10||NIFTY27JAN2625200CE,0.10764207728560919
13-01-2026 12:10||NIFTY27JAN2625500CE,0.10278502335521142
13-01-2026 12:10||NIFTY27JAN2625600CE,0.10054341476660177
13-01-2026 12:15||NIFTY27JAN2624200PE,0.1647613128116485
13-01-2026 12:15||NIFTY27JAN2624300PE,0.15841733947581926
13-01-2026 12:15||NIFTY27JAN2625300CE,0.11450210346038231
13-01-2026 12:15||NIFTY27JAN2625800CE,0.10642123984743423
13-01-2026 12:15||NIFTY27JAN2626500CE,0.1076396358636381
13-01-2026 12:20||NIFTY27JAN2624100PE,0.1714448744004683
13-01-2026 12:20||NIFTY27JAN2624700PE,0.13607192874988872
13-01-2026 12:20||NIFTY27JAN2625100PE,0.1169351701870249
13-01-2026 12:20||NIFTY27JAN2625700CE,0.10149818751751513
13-01-2026 12:25||NIFTY27JAN2623800PE,0.1879990981032615
13-01-2026 12:25||NIFTY27JAN2624200PE,0.1635039306059635
13-01-2026 12:25||NIFTY27JAN2624300PE,0.1571509090465423
13-01-2026 12:25||NIFTY27JAN2624500PE,0.14499312549335872
13-01-2026 12:25||NIFTY27JAN2625700CE,0.11167866457673
13-01-2026 12:30||NIFTY27JAN2623900PE,0.18323606293047592
13-01-2026 12:30||NIFTY27JAN2624000PE,0.17803671855662848
13-01-2026 12:30||NIFTY27JAN2624100PE,0.17133218442384593
13-01-2026 12:30||NIFTY27JAN2624400PE,0.15276374315557312
13-01-2026 12:30||NIFTY27JAN2624700PE,0.13550723791811806
13-01-2026 12:30||NIFTY27JAN2624900PE,0.12576816468448695
13-01-2026 12:30||NIFTY27JAN2626000CE,0.09987431801897381
13-01-2026 12:30||NIFTY27JAN2626400CE,0.10521735905997476
13-01-2026 12:35||NIFTY27JAN2624200PE,0.16401685232567015
13-01-2026 12:35||NIFTY27JAN2624300PE,0.15787636772669622
13-01-2026 12:35||NIFTY27JAN2624600PE,0.14012272163638237
13-01-2026 12:35||NIFTY27JAN2624800PE,0.12981798837048272
13-01-2026 12:35||NIFTY27JAN2625100PE,0.11502400282634857
13-01-2026 12:35||NIFTY27JAN2625900CE,0.10153105712098898
13-01-2026 12:35||NIFTY27JAN2626100CE,0.10184749442387715
13-01-2026 12:35||NIFTY27JAN2626400CE,0.10612483948902156
13-01-2026 12:40||NIFTY27JAN2624100PE,0.1696893356134138
13-01-2026 12:40||NIFTY27JAN2624300PE,0.15742809308067301
13-01-2026 12:40||NIFTY27JAN2624600PE,0.13990981698158883
13-01-2026 12:40||NIFTY27JAN2624700PE,0.13448347550582576
13-01-2026 12:40||NIFTY27JAN2625100PE,0.11577112765974791
13-01-2026 12:40||NIFTY27JAN2626500CE,0.10842036801469458
13-01-2026 12:45||NIFTY27JAN2625300CE,0.09862976973973644
13-01-2026 12:45||NIFTY27JAN2626200CE,0.10184173965870455
13-01-2026 12:50||NIFTY27JAN2623900PE,0.1808155097606525
13-01-2026 12:50||NIFTY27JAN2624100PE,0.16925347473643754
13-01-2026 12:50||NIFTY27JAN2624600PE,0.13983480570674384
13-01-2026 12:50||NIFTY27JAN2625400CE,0.10703567186849178
13-01-2026 12:50||NIFTY27JAN2625500CE,0.10600206431238872
13-01-2026 12:55||NIFTY27JAN2624000PE,0.17562822342723536
13-01-2026 12:55||NIFTY27JAN2624300PE,0.15660983556251354
13-01-2026 12:55||NIFTY27JAN2624500PE,0.14533279430652982
13-01-2026 12:55||NIFTY27JAN2624700PE,0.13430468544683416
13-01-2026 12:55||NIFTY27JAN2625000PE,0.12146977020936446
13-01-2026 12:55||NIFTY27JAN2625100PE,0.1172847734154034
13-01-2026 12:55||NIFTY27JAN2625300CE,0.1128884876663414
13-01-2026 12:55||NIFTY27JAN2625500CE,0.10742594370888316
13-01-2026 12:55||NIFTY27JAN2626200CE,0.1049599966268446
13-01-2026 12:55||NIFTY27JAN2626400CE,0.10885781966117278
13-01-2026 12:55||NIFTY27JAN2626500CE,0.11189294444767435
13-01-2026 13:00||NIFTY27JAN2624000PE,0.17520040806820733
13-01-2026 13:00||NIFTY27JAN2624600PE,0.13852260767546576
13-01-2026 13:00||NIFTY27JAN2624700PE,0.13327075114210107
13-01-2026 13:00||NIFTY27JAN2626400CE,0.10851887514135218
13-01-2026 13:05||NIFTY27JAN2624000PE,0.17582461901563254
13-01-2026 13:05||NIFTY27JAN2624600PE,0.13821431914521182
13-01-2026 13:05||NIFTY27JAN2625200CE,0.12012526737365828
13-01-2026 13:05||NIFTY27JAN2625700CE,0.10725781317703852
13-01-2026 13:05||NIFTY27JAN2626500CE,0.11328845430106974
13-01-2026 13:10||NIFTY27JAN2623900PE,0.1830771141069944
13-01-2026 13:10||NIFTY27JAN2624400PE,0.15189611758602423
13-01-2026 13:10||NIFTY27JAN2624500PE,0.14619802689925995
13-01-2026 13:10||NIFTY27JAN2624700PE,0.1347253511225037
13-01-2026 13:10||NIFTY27JAN2625000PE,0.12137844722977248
13-01-2026 13:10||NIFTY27JAN2625600CE,0.10292050197676587
13-01-2026 13:10||NIFTY27JAN2626000CE,0.10235013746730671
13-01-2026 13:10||NIFTY27JAN2626400CE,0.10807208328776689
13-01-2026 13:10||NIFTY27JAN2626500CE,0.11095944640780664
13-01-2026 13:15||NIFTY27JAN2623800PE,0.18855958664233133
13-01-2026 13:15||NIFTY27JAN2624000PE,0.17715727670684447
13-01-2026 13:15||NIFTY27JAN2624100PE,0.17035123861867482
13-01-2026 13:15||NIFTY27JAN2624700PE,0.13419989068624855
13-01-2026 13:15||NIFTY27JAN2625000PE,0.12038594806665674
13-01-2026 13:15||NIFTY27JAN2625800CE,0.10639159212791639
13-01-2026 13:15||NIFTY27JAN2626100CE,0.1066266235771669
13-01-2026 13:15||NIFTY27JAN2626200CE,0.10794903001404314
13-01-2026 13:15||NIFTY27JAN2626300CE,0.10940470184407321
13-01-2026 13:20||NIFTY27JAN2624300PE,0.15766306199831787
13-01-2026 13:20||NIFTY27JAN2624400PE,0.15146930964035454
13-01-2026 13:20||NIFTY27JAN2624800PE,0.12925383932339704
13-01-2026 13:20||NIFTY27JAN2625000PE,0.11991682453354946
13-01-2026 13:20||NIFTY27JAN2625300CE,0.11653539940571174
13-01-2026 13:20||NIFTY27JAN2625400CE,0.1137730802894655
13-01-2026 13:20||NIFTY27JAN2625900CE,0.10473386321520854
13-01-2026 13:20||NIFTY27JAN2626500CE,0.11199445088200954
13-01-2026 13:25||NIFTY27JAN2624000PE,0.17776228792240303
13-01-2026 13:25||NIFTY27JAN2624200PE,0.16433453261029837
13-01-2026 13:25||NIFTY27JAN2624300PE,0.15785151982902837
13-01-2026 13:25||NIFTY27JAN2624600PE,0.13960233119737597
13-01-2026 13:25||NIFTY27JAN2625600CE,0.10438955887049835
13-01-2026 13:25||NIFTY27JAN2626400CE,0.10882946639717822
13-01-2026 13:30||NIFTY27JAN2623800PE,0.18917757145665728
13-01-2026 13:30||NIFTY27JAN2624000PE,0.1774184113493365
13-01-2026 13:30||NIFTY27JAN2624100PE,0.1704622570486624
13-01-2026 13:30||NIFTY27JAN2625500CE,0.11024377990495715
13-01-2026 13:35||NIFTY27JAN2624300PE,0.15894924276868033
13-01-2026 13:35||NIFTY27JAN2624800PE,0.1303306339014745
13-01-2026 13:35||NIFTY27JAN2625700CE,0.10139887249526558
13-01-2026 13:40||NIFTY27JAN2623800PE,0.18867040441550115
13-01-2026 13:40||NIFTY27JAN2624400PE,0.1497070225674942
13-01-2026 13:40||NIFTY27JAN2624500PE,0.143723242331588
13-01-2026 13:40||NIFTY27JAN2625500CE,0.11135098417414406
13-01-2026 13:40||NIFTY27JAN2625700CE,0.10775309293004418
13-01-2026 13:40||NIFTY27JAN2625900CE,0.10554455462174347
13-01-2026 13:40||NIFTY27JAN2626100CE,0.1053290439648676
13-01-2026 13:45||NIFTY27JAN2624000PE,0.17677805361632462
13-01-2026 13:45||NIFTY27JAN2624100PE,0.16983707389260674
13-01-2026 13:45||NIFTY27JAN2625100PE,0.11562340420106156
13-01-2026 13:45||NIFTY27JAN2625300CE,0.11112502005689748
13-01-2026 13:45||NIFTY27JAN2625800CE,0.10074176883111242
13-01-2026 13:45||NIFTY27JAN2626000CE,0.10122428181039314
13-01-2026 13:50||NIFTY27JAN2624200PE,0.1625019878809814
13-01-2026 13:50||NIFTY27JAN2624400PE,0.1497431289529207
13-01-2026 13:50||NIFTY27JAN2624500PE,0.143903326379374
13-01-2026 13:50||NIFTY27JAN2626000CE,0.10248066322123925
13-01-2026 13:55||NIFTY27JAN2624200PE,0.16236484723326794
13-01-2026 13:55||NIFTY27JAN2624300PE,0.15597707469917382
13-01-2026 13:55||NIFTY27JAN2625000PE,0.11906080039744645
13-01-2026 13:55||NIFTY27JAN2625500CE,0.10902687110640955
13-01-2026 13:55||NIFTY27JAN2626000CE,0.10402063157710972
13-01-2026 14:00||NIFTY27JAN2623900PE,0.18075417531564827
13-01-2026 14:00||NIFTY27JAN2624000PE,0.17549397419589832
13-01-2026 14:00||NIFTY27JAN2624100PE,0.16866226064164863
13-01-2026 14:00||NIFTY27JAN2624600PE,0.13853533397596643
13-01-2026 14:00||NIFTY27JAN2625300CE,0.10400510093845249
13-01-2026 14:00||NIFTY27JAN2625700CE,0.10076039043661833
13-01-2026 14:05||NIFTY27JAN2623900PE,0.1797452494066359
13-01-2026 14:05||NIFTY27JAN2624200PE,0.16137312187456684
13-01-2026 14:05||NIFTY27JAN2624500PE,0.14345703562821632
13-01-2026 14:05||NIFTY27JAN2625700CE,0.10379449106438306
13-01-2026 14:05||NIFTY27JAN2626300CE,0.10635488201205946
13-01-2026 14:05||NIFTY27JAN2626500CE,0.11122035441182072
13-01-2026 14:10||NIFTY27JAN2624300PE,0.15473023918877912
13-01-2026 14:10||NIFTY27JAN2624700PE,0.1319215762506331
13-01-2026 14:10||NIFTY27JAN2625200CE,0.10493836913989893
13-01-2026 14:10||NIFTY27JAN2625400CE,0.10378989568411069
13-01-2026 14:10||NIFTY27JAN2626100CE,0.1018380588029344
13-01-2026 14:15||NIFTY27JAN2623800PE,0.183531466696527
13-01-2026 14:15||NIFTY27JAN2624800PE,0.1255843369366267
13-01-2026 14:15||NIFTY27JAN2626200CE,0.10483901379149198
13-01-2026 14:20||NIFTY27JAN2624000PE,0.17228784156516305
13-01-2026 14:20||NIFTY27JAN2624400PE,0.1475917071259108
13-01-2026 14:20||NIFTY27JAN2624800PE,0.12699276595385414
13-01-2026 14:20||NIFTY27JAN2624900PE,0.12222765761060486
13-01-2026 14:20||NIFTY27JAN2625200CE,0.10910095557519676
13-01-2026 14:20||NIFTY27JAN2625800CE,0.09838041473808654
13-01-2026 14:25||NIFTY27JAN2624000PE,0.17198983338262772
13-01-2026 14:25||NIFTY27JAN2624100PE,0.16520060764637753
13-01-2026 14:25||NIFTY27JAN2624200PE,0.1589459972739184
13-01-2026 14:25||NIFTY27JAN2624500PE,0.1411640229215642
13-01-2026 14:25||NIFTY27JAN2624600PE,0.1352120167849601
13-01-2026 14:25||NIFTY27JAN2625600CE,0.10260380416182698
13-01-2026 14:25||NIFTY27JAN2626000CE,0.1024961358414666
13-01-2026 14:25||NIFTY27JAN2626200CE,0.10497210210900153
13-01-2026 14:30||NIFTY27JAN2624500PE,0.1395650082874314
13-01-2026 14:30||NIFTY27JAN2624600PE,0.13350468923135847
13-01-2026 14:30||NIFTY27JAN2624900PE,0.11879837151249603
13-01-2026 14:30||NIFTY27JAN2625100PE,0.11048980215679219
13-01-2026 14:30||NIFTY27JAN2625600CE,0.11032883049452895
13-01-2026 14:35||NIFTY27JAN2623800PE,0.18274935679348867
13-01-2026 14:35||NIFTY27JAN2624200PE,0.15811061475931132
13-01-2026 14:35||NIFTY27JAN2625100PE,0.1100407057875251
13-01-2026 14:35||NIFTY27JAN2625400CE,0.11641930328235912
13-01-2026 14:35||NIFTY27JAN2626300CE,0.10722743904234422
13-01-2026 14:35||NIFTY27JAN2626500CE,0.11157569582398856
13-01-2026 14:40||NIFTY27JAN2624500PE,0.14140047146235002
13-01-2026 14:40||NIFTY27JAN2624600PE,0.13526308561523492
13-01-2026 14:40||NIFTY27JAN2624800PE,0.12490883959704144
13-01-2026 14:40||NIFTY27JAN2625300CE,0.12191122232129883
13-01-2026 14:40||NIFTY27JAN2625600CE,0.10986727650867661
13-01-2026 14:40||NIFTY27JAN2625800CE,0.10584745960707675
13-01-2026 14:45||NIFTY27JAN2625100PE,0.11357190853171753
13-01-2026 14:45||NIFTY27JAN2626000CE,0.10044811879439319
13-01-2026 14:45||NIFTY27JAN2626100CE,0.10060941193513365
13-01-2026 14:45||NIFTY27JAN2626500CE,0.10818631824562805
13-01-2026 14:50||NIFTY27JAN2624400PE,0.14821489812746907
13-01-2026 14:50||NIFTY27JAN2624500PE,0.1422777744751074
13-01-2026 14:55||NIFTY27JAN2623800PE,0.18760766539912735
13-01-2026 14:55||NIFTY27JAN2623900PE,0.1815213199615009
13-01-2026 14:55||NIFTY27JAN2624100PE,0.1694083683238365
13-01-2026 14:55||NIFTY27JAN2624400PE,0.15048922356799338
13-01-2026 14:55||NIFTY27JAN2624500PE,0.1446475520500835
13-01-2026 14:55||NIFTY27JAN2624800PE,0.12798871605321796
13-01-2026 14:55||NIFTY27JAN2624900PE,0.12270704822949358
13-01-2026 14:55||NIFTY27JAN2625100PE,0.11348123492650856
13-01-2026 14:55||NIFTY27JAN2625700CE,0.1003435879390175
13-01-2026 14:55||NIFTY27JAN2625900CE,0.09878019638770036
13-01-2026 14:55||NIFTY27JAN2626400CE,0.10222302996455244
13-01-2026 15:00||NIFTY27JAN2623900PE,0.18384581620180618
13-01-2026 15:00||NIFTY27JAN2624500PE,0.14744978277067144
13-01-2026 15:00||NIFTY27JAN2624600PE,0.14127440425930668
13-01-2026 15:00||NIFTY27JAN2625100PE,0.11685660626783109
13-01-2026 15:00||NIFTY27JAN2625700CE,0.08856803853536384
13-01-2026 15:00||NIFTY27JAN2626200CE,0.0945962652683549
13-01-2026 15:05||NIFTY27JAN2624000PE,0.17457978700956783
13-01-2026 15:05||NIFTY27JAN2624500PE,0.14262089623526522
13-01-2026 15:05||NIFTY27JAN2624900PE,0.11980691225336475
13-01-2026 15:05||NIFTY27JAN2625400CE,0.11518564822987401
13-01-2026 15:05||NIFTY27JAN2625700CE,0.10585010419444296
13-01-2026 15:05||NIFTY27JAN2625800CE,0.10366082565143618
13-01-2026 15:05||NIFTY27JAN2626000CE,0.10193743938956595
13-01-2026 15:05||NIFTY27JAN2626100CE,0.1013075950933089
13-01-2026 15:05||NIFTY27JAN2626500CE,0.10633309766191004
13-01-2026 15:10||NIFTY27JAN2624000PE,0.17688189238909702
13-01-2026 15:10||NIFTY27JAN2624200PE,0.1640176897135524
13-01-2026 15:10||NIFTY27JAN2624400PE,0.15164962286932873
13-01-2026 15:10||NIFTY27JAN2624900PE,0.12349095575783883
13-01-2026 15:10||NIFTY27JAN2625300CE,0.09466871257475798
13-01-2026 15:10||NIFTY27JAN2625600CE,0.09321862579582449
13-01-2026 15:10||NIFTY27JAN2626200CE,0.09608046062784842
13-01-2026 15:15||NIFTY27JAN2623800PE,0.18785371745764193
13-01-2026 15:15||NIFTY27JAN2624200PE,0.16452545430422325
13-01-2026 15:15||NIFTY27JAN2624600PE,0.14053402453548194
13-01-2026 15:15||NIFTY27JAN2624700PE,0.13480064172922945
13-01-2026 15:15||NIFTY27JAN2625700CE,0.0915282400378996
13-01-2026 15:15||NIFTY27JAN2626000CE,0.09249424271952192
13-01-2026 15:15||NIFTY27JAN2626300CE,0.09678352811534806
13-01-2026 15:15||NIFTY27JAN2626500CE,0.1020061838610425
13-01-2026 15:20||NIFTY27JAN2623900PE,0.18239067190369915
13-01-2026 15:20||NIFTY27JAN2624300PE,0.15807886584954256
13-01-2026 15:20||NIFTY27JAN2624800PE,0.12855734706393643
13-01-2026 15:20||NIFTY27JAN2625300CE,0.10316381558478169
13-01-2026 15:20||NIFTY27JAN2625600CE,0.09775903083678801
13-01-2026 15:20||NIFTY27JAN2626200CE,0.09766641389897324
13-01-2026 15:25||NIFTY27JAN2624500PE,0.14664043437474159
13-01-2026 15:25||NIFTY27JAN2624700PE,0.13442935769094286
13-01-2026 15:25||NIFTY27JAN2624900PE,0.12391716219534811
13-01-2026 15:25||NIFTY27JAN2626000CE,0.09401486333143869
14-01-2026 09:15||NIFTY27JAN2624300PE,0.16201334724562286
14-01-2026 09:15||NIFTY27JAN2624400PE,0.1555956966072288
14-01-2026 09:15||NIFTY27JAN2625300CE,0.13204738160352425
14-01-2026 09:15||NIFTY27JAN2626100CE,0.10119636553709688
14-01-2026 09:15||NIFTY27JAN2626500CE,0.11183905804084343
14-01-2026 09:20||NIFTY27JAN2624100PE,0.17624525487970502
14-01-2026 09:25||NIFTY27JAN2624000PE,0.1834238854914457
14-01-2026 09:25||NIFTY27JAN2624200PE,0.16971136280904364
14-01-2026 09:25||NIFTY27JAN2624700PE,0.1364868934075701
14-01-2026 09:25||NIFTY27JAN2625300CE,0.12608026443374964
14-01-2026 09:25||NIFTY27JAN2626500CE,0.10728401385340729
14-01-2026 09:30||NIFTY27JAN2623800PE,0.19801213751082283
14-01-2026 09:30||NIFTY27JAN2624000PE,0.18601052953104547
14-01-2026 09:30||NIFTY27JAN2624600PE,0.14580876912263488
14-01-2026 09:30||NIFTY27JAN2624700PE,0.1394756014582871
14-01-2026 09:30||NIFTY27JAN2626200CE,0.09810961235337813
14-01-2026 09:30||NIFTY27JAN2626500CE,0.1046352800771666
14-01-2026 09:35||NIFTY27JAN2624000PE,0.18480812107977593
14-01-2026 09:35||NIFTY27JAN2625500CE,0.10269754596366897
14-01-2026 09:35||NIFTY27JAN2626400CE,0.10184142652075179
14-01-2026 09:40||NIFTY27JAN2623800PE,0.19460328214641856
14-01-2026 09:40||NIFTY27JAN2624000PE,0.18292467148990096
14-01-2026 09:40||NIFTY27JAN2624200PE,0.16957236180594704
14-01-2026 09:40||NIFTY27JAN2624700PE,0.13736747012605446
14-01-2026 09:40||NIFTY27JAN2624800PE,0.13199160022594386
14-01-2026 09:40||NIFTY27JAN2625000PE,0.12089792650745407
14-01-2026 09:40||NIFTY27JAN2625500CE,0.10102012311030208
14-01-2026 09:40||NIFTY27JAN2625800CE,0.09540957162745228
14-01-2026 09:45||NIFTY27JAN2624300PE,0.16184745149286806
14-01-2026 09:45||NIFTY27JAN2624400PE,0.1553624482584086
14-01-2026 09:45||NIFTY27JAN2624500PE,0.14911604279720322
14-01-2026 09:45||NIFTY27JAN2624600PE,0.1424731566302557
14-01-2026 09:45||NIFTY27JAN2625400CE,0.10494350547762957
14-01-2026 09:50||NIFTY27JAN2623800PE,0.1926835781211374
14-01-2026 09:50||NIFTY27JAN2623900PE,0.1865008923383977
14-01-2026 09:50||NIFTY27JAN2624600PE,0.14090489282810098
14-01-2026 09:50||NIFTY27JAN2625200CE,0.15497148786199358
14-01-2026 09:50||NIFTY27JAN2625300CE,0.14248765748656525
14-01-2026 09:50||NIFTY27JAN2626400CE,0.10783838610569496
14-01-2026 09:55||NIFTY27JAN2624100PE,0.1788091501556835
14-01-2026 09:55||NIFTY27JAN2626000CE,0.09436832337937509
14-01-2026 10:00||NIFTY27JAN2624000PE,0.18235039672117714
14-01-2026 10:00||NIFTY27JAN2624400PE,0.15552863425309038
14-01-2026 10:00||NIFTY27JAN2625100PE,0.11473343525485163
14-01-2026 10:00||NIFTY27JAN2625500CE,0.10484164177418336
14-01-2026 10:00||NIFTY27JAN2626100CE,0.09672369835744098
14-01-2026 10:00||NIFTY27JAN2626500CE,0.1049893443047818
14-01-2026 10:05||NIFTY27JAN2624600PE,0.14199422619523142
14-01-2026 10:05||NIFTY27JAN2624800PE,0.13034924829852293
14-01-2026 10:05||NIFTY27JAN2625000PE,0.11926900809593557
14-01-2026 10:05||NIFTY27JAN2625300CE,0.11360261527406153
14-01-2026 10:05||NIFTY27JAN2625400CE,0.10833917198786013
14-01-2026 10:05||NIFTY27JAN2626200CE,0.09950292598498789
14-01-2026 10:05||NIFTY27JAN2626300CE,0.101036780839904
14-01-2026 10:05||NIFTY27JAN2626400CE,0.1029992147678667
14-01-2026 10:10||NIFTY27JAN2624000PE,0.18054734404534828
14-01-2026 10:10||NIFTY27JAN2624200PE,0.16713140268806395
14-01-2026 10:10||NIFTY27JAN2624500PE,0.14771598403188563
14-01-2026 10:10||NIFTY27JAN2624600PE,0.14102297336007238
14-01-2026 10:10||NIFTY27JAN2625400CE,0.10925780154364341
14-01-2026 10:10||NIFTY27JAN2625600CE,0.1027912263939427
14-01-2026 10:10||NIFTY27JAN2626400CE,0.10377457434497939
14-01-2026 10:15||NIFTY27JAN2624100PE,0.17440119215150526
14-01-2026 10:15||NIFTY27JAN2625000PE,0.11975375952460335
14-01-2026 10:15||NIFTY27JAN2625200CE,0.10118530498839438
14-01-2026 10:15||NIFTY27JAN2625600CE,0.09631049950939229
14-01-2026 10:15||NIFTY27JAN2625900CE,0.09548451114305942
14-01-2026 10:20||NIFTY27JAN2624200PE,0.16611248872186712
14-01-2026 10:20||NIFTY27JAN2624700PE,0.13374448781002032
14-01-2026 10:20||NIFTY27JAN2625000PE,0.11778347562703088
14-01-2026 10:20||NIFTY27JAN2625500CE,0.10066807682980108
14-01-2026 10:20||NIFTY27JAN2625600CE,0.09857113515722156
14-01-2026 10:20||NIFTY27JAN2625700CE,0.09789053435395853
14-01-2026 10:20||NIFTY27JAN2625800CE,0.09718512183890626
14-01-2026 10:25||NIFTY27JAN2623800PE,0.19219893109305267
14-01-2026 10:25||NIFTY27JAN2624300PE,0.15965231394815263
14-01-2026 10:25||NIFTY27JAN2625000PE,0.11768351308725072
14-01-2026 10:25||NIFTY27JAN2626100CE,0.09967931050247913
14-01-2026 10:25||NIFTY27JAN2626200CE,0.10099167129526859
14-01-2026 10:25||NIFTY27JAN2626400CE,0.10429761740816133
14-01-2026 10:30||NIFTY27JAN2623900PE,0.18513622094712304
14-01-2026 10:30||NIFTY27JAN2624000PE,0.1795396098118703
14-01-2026 10:30||NIFTY27JAN2624700PE,0.13364963559587983
14-01-2026 10:30||NIFTY27JAN2624800PE,0.12822688024663062
14-01-2026 10:30||NIFTY27JAN2625100PE,0.11141564573258073
14-01-2026 10:30||NIFTY27JAN2625200CE,0.12279974563249722
14-01-2026 10:30||NIFTY27JAN2626500CE,0.10752758786712252
14-01-2026 10:35||NIFTY27JAN2623900PE,0.18688476100956927
14-01-2026 10:35||NIFTY27JAN2624400PE,0.154004358681261
14-01-2026 10:35||NIFTY27JAN2625600CE,0.09723554605898446
14-01-2026 10:35||NIFTY27JAN2625700CE,0.09642300461099651
14-01-2026 10:35||NIFTY27JAN2626300CE,0.10061741051761872
14-01-2026 10:40||NIFTY27JAN2623800PE,0.1913462245722765
14-01-2026 10:40||NIFTY27JAN2624100PE,0.172952800076873
14-01-2026 10:40||NIFTY27JAN2625300CE,0.10615950119824431
14-01-2026 10:40||NIFTY27JAN2625600CE,0.09745819554431719
14-01-2026 10:40||NIFTY27JAN2626300CE,0.10046912647282794
14-01-2026 10:40||NIFTY27JAN2626500CE,0.10595595668780292
14-01-2026 10:45||NIFTY27JAN2624000PE,0.17743255513728162
14-01-2026 10:45||NIFTY27JAN2624600PE,0.13789977331758946
14-01-2026 10:45||NIFTY27JAN2624800PE,0.12604362277371842
14-01-2026 10:45||NIFTY27JAN2625400CE,0.11690479520906098
14-01-2026 10:50||NIFTY27JAN2624000PE,0.1803125937379773
14-01-2026 10:50||NIFTY27JAN2624300PE,0.16033432999584088
14-01-2026 10:50||NIFTY27JAN2624800PE,0.12889591934195024
14-01-2026 10:50||NIFTY27JAN2625200CE,0.1180047886354037
14-01-2026 10:50||NIFTY27JAN2625400CE,0.10912272587152878
14-01-2026 10:50||NIFTY27JAN2625800CE,0.0998686735797597
14-01-2026 10:55||NIFTY27JAN2624600PE,0.14023563485829127
14-01-2026 10:55||NIFTY27JAN2625000PE,0.11697124343756457
14-01-2026 10:55||NIFTY27JAN2625200CE,0.12805746355837186
14-01-2026 10:55||NIFTY27JAN2626200CE,0.10060420072583463
14-01-2026 10:55||NIFTY27JAN2626300CE,0.10081412039459738
14-01-2026 10:55||NIFTY27JAN2626400CE,0.10159275358862513
14-01-2026 10:55||NIFTY27JAN2626500CE,0.10332458933222881
14-01-2026 11:00||NIFTY27JAN2624100PE,0.17520770941577202
14-01-2026 11:00||NIFTY27JAN2626100CE,0.09992703865303866
14-01-2026 11:00||NIFTY27JAN2626300CE,0.10184043217164233
14-01-2026 11:05||NIFTY27JAN2624000PE,0.18266295552115677
14-01-2026 11:05||NIFTY27JAN2624800PE,0.13153847772967744
14-01-2026 11:05||NIFTY27JAN2625300CE,0.10542650829037407
14-01-2026 11:05||NIFTY27JAN2626000CE,0.09730249078564218
14-01-2026 11:05||NIFTY27JAN2626100CE,0.09727711148032679
14-01-2026 11:05||NIFTY27JAN2626300CE,0.09964317016876723
14-01-2026 11:10||NIFTY27JAN2624000PE,0.1820704801727177
14-01-2026 11:10||NIFTY27JAN2624300PE,0.16182181510349558
14-01-2026 11:10||NIFTY27JAN2624500PE,0.14885851847166212
14-01-2026 11:10||NIFTY27JAN2625200CE,0.11898436555443657
14-01-2026 11:15||NIFTY27JAN2624100PE,0.17552232109065125
14-01-2026 11:15||NIFTY27JAN2624300PE,0.1621228925289536
14-01-2026 11:15||NIFTY27JAN2624400PE,0.15545188782608274
14-01-2026 11:15||NIFTY27JAN2624500PE,0.14902192740192752
14-01-2026 11:15||NIFTY27JAN2624600PE,0.14224727846085697
14-01-2026 11:15||NIFTY27JAN2625500CE,0.10953950208607928
14-01-2026 11:15||NIFTY27JAN2625800CE,0.10124480730866174
14-01-2026 11:15||NIFTY27JAN2626000CE,0.09954726321908446
14-01-2026 11:20||NIFTY27JAN2623800PE,0.1963587049451881
14-01-2026 11:20||NIFTY27JAN2623900PE,0.18993562620762725
14-01-2026 11:20||NIFTY27JAN2624600PE,0.14356067123605906
14-01-2026 11:20||NIFTY27JAN2624800PE,0.1318467391079251
14-01-2026 11:20||NIFTY27JAN2625100PE,0.11535275600407988
14-01-2026 11:20||NIFTY27JAN2625300CE,0.11018009638398854
14-01-2026 11:20||NIFTY27JAN2625600CE,0.10004374103886249
14-01-2026 11:20||NIFTY27JAN2625800CE,0.09678335893334798
14-01-2026 11:25||NIFTY27JAN2623900PE,0.18804067205141692
14-01-2026 11:25||NIFTY27JAN2624700PE,0.1351097268616718
14-01-2026 11:25||NIFTY27JAN2624900PE,0.12314509623337488
14-01-2026 11:25||NIFTY27JAN2625400CE,0.12550638515180354
14-01-2026 11:25||NIFTY27JAN2626200CE,0.1029044768242099
14-01-2026 11:30||NIFTY27JAN2624200PE,0.1719123318013901
14-01-2026 11:30||NIFTY27JAN2624300PE,0.16527097423823603
14-01-2026 11:30||NIFTY27JAN2624400PE,0.15860615373939574
14-01-2026 11:30||NIFTY27JAN2625000PE,0.12212090893256371
14-01-2026 11:30||NIFTY27JAN2625300CE,0.10678990003042141
14-01-2026 11:30||NIFTY27JAN2625800CE,0.09717687568639864
14-01-2026 11:30||NIFTY27JAN2626000CE,0.09637751956642629
14-01-2026 11:35||NIFTY27JAN2623900PE,0.19004098804447164
14-01-2026 11:35||NIFTY27JAN2624400PE,0.15726314686088375
14-01-2026 11:35||NIFTY27JAN2624500PE,0.15077467250075566
14-01-2026 11:35||NIFTY27JAN2624700PE,0.13750414875722125
14-01-2026 11:35||NIFTY27JAN2625100PE,0.11479200526719549
14-01-2026 11:35||NIFTY27JAN2625500CE,0.10425762000572486
14-01-2026 11:35||NIFTY27JAN2625700CE,0.09926108517674637
14-01-2026 11:35||NIFTY27JAN2626100CE,0.09657372878030437
14-01-2026 11:40||NIFTY27JAN2623900PE,0.18995935396564376
14-01-2026 11:40||NIFTY27JAN2625500CE,0.10189683716219171
14-01-2026 11:40||NIFTY27JAN2625600CE,0.09879950580417926
14-01-2026 11:40||NIFTY27JAN2626500CE,0.10132673782339566
14-01-2026 11:45||NIFTY27JAN2623900PE,0.1898062773194181
14-01-2026 11:45||NIFTY27JAN2624300PE,0.1634061151812484
14-01-2026 11:45||NIFTY27JAN2624500PE,0.14988436389573676
14-01-2026 11:45||NIFTY27JAN2626400CE,0.10073500782557031
14-01-2026 11:50||NIFTY27JAN2625100PE,0.1147392087509859
14-01-2026 11:50||NIFTY27JAN2625700CE,0.10017001558608463
14-01-2026 11:50||NIFTY27JAN2625800CE,0.09822756079616433
14-01-2026 11:50||NIFTY27JAN2626100CE,0.09634062240096475
14-01-2026 11:55||NIFTY27JAN2624200PE,0.17138138368963532
14-01-2026 11:55||NIFTY27JAN2624400PE,0.15781059270485168
14-01-2026 11:55||NIFTY27JAN2624800PE,0.13222758572134588
14-01-2026 11:55||NIFTY27JAN2625200CE,0.11527593690483104
14-01-2026 11:55||NIFTY27JAN2625600CE,0.10054131547485892
14-01-2026 12:00||NIFTY27JAN2623800PE,0.19924163296682956
14-01-2026 12:00||NIFTY27JAN2624400PE,0.1589765143178913
14-01-2026 12:00||NIFTY27JAN2624900PE,0.1271666345562294
14-01-2026 12:00||NIFTY27JAN2625000PE,0.12190195292830291
14-01-2026 12:00||NIFTY27JAN2625100PE,0.11614196360937361
14-01-2026 12:05||NIFTY27JAN2624400PE,0.1587548323796452
14-01-2026 12:05||NIFTY27JAN2624600PE,0.14534249812541122
14-01-2026 12:05||NIFTY27JAN2626500CE,0.09697789379324201
14-01-2026 12:10||NIFTY27JAN2624400PE,0.15686590183936455
14-01-2026 12:10||NIFTY27JAN2624600PE,0.14366381673900044
14-01-2026 12:10||NIFTY27JAN2624800PE,0.13185540653629924
14-01-2026 12:10||NIFTY27JAN2624900PE,0.12586702741506103
14-01-2026 12:10||NIFTY27JAN2625100PE,0.11497204444443848
14-01-2026 12:10||NIFTY27JAN2625900CE,0.0917035568097026
14-01-2026 12:10||NIFTY27JAN2626300CE,0.09532302521716651
14-01-2026 12:15||NIFTY27JAN2624200PE,0.1685287545660894
14-01-2026 12:15||NIFTY27JAN2624800PE,0.12871814029296844
14-01-2026 12:15||NIFTY27JAN2626500CE,0.10258545356105303
14-01-2026 12:20||NIFTY27JAN2623800PE,0.1973805089182247
14-01-2026 12:20||NIFTY27JAN2623900PE,0.19096296865437531
14-01-2026 12:20||NIFTY27JAN2625300CE,0.1008653667248614
14-01-2026 12:20||NIFTY27JAN2626400CE,0.09641440015187436
14-01-2026 12:25||NIFTY27JAN2624500PE,0.151089290910218
14-01-2026 12:25||NIFTY27JAN2625400CE,0.09792076776869729
14-01-2026 12:25||NIFTY27JAN2625500CE,0.09615831221030324
14-01-2026 12:25||NIFTY27JAN2625900CE,0.09143191580096874
14-01-2026 12:30||NIFTY27JAN2623900PE,0.1902135333072863
14-01-2026 12:30||NIFTY27JAN2624300PE,0.16399928100838723
14-01-2026 12:30||NIFTY27JAN2624900PE,0.12526291694521635
14-01-2026 12:30||NIFTY27JAN2625800CE,0.09585533021746606
14-01-2026 12:30||NIFTY27JAN2626300CE,0.0964736319266533
14-01-2026 12:30||NIFTY27JAN2626400CE,0.0980255505050231
14-01-2026 12:35||NIFTY27JAN2623900PE,0.1909299575847527
14-01-2026 12:35||NIFTY27JAN2625300CE,0.10530628674221156
14-01-2026 12:35||NIFTY27JAN2625500CE,0.10051155707329847
14-01-2026 12:35||NIFTY27JAN2625900CE,0.09375997141608342
14-01-2026 12:45||NIFTY27JAN2625600CE,0.09494615427266205
14-01-2026 12:45||NIFTY27JAN2625700CE,0.09296082184219809
14-01-2026 12:50||NIFTY27JAN2624900PE,0.12438768145605127
14-01-2026 12:50||NIFTY27JAN2626300CE,0.09500553489683472
14-01-2026 12:50||NIFTY27JAN2626500CE,0.09892506107345317
14-01-2026 12:55||NIFTY27JAN2623900PE,0.18817868685662584
14-01-2026 12:55||NIFTY27JAN2624300PE,0.1620098218260929
14-01-2026 12:55||NIFTY27JAN2625000PE,0.11855677910769377
14-01-2026 13:00||NIFTY27JAN2624700PE,0.13597182721694254
14-01-2026 13:00||NIFTY27JAN2625400CE,0.09848864518519526
14-01-2026 13:00||NIFTY27JAN2625700CE,0.09430784526353117
14-01-2026 13:00||NIFTY27JAN2625800CE,0.09319332878627379
14-01-2026 13:00||NIFTY27JAN2626200CE,0.09373722728422572
14-01-2026 13:00||NIFTY27JAN2626300CE,0.09474167299390217
14-01-2026 13:00||NIFTY27JAN2626500CE,0.09844590017989223
14-01-2026 13:05||NIFTY27JAN2624000PE,0.18281996858423394
14-01-2026 13:05||NIFTY27JAN2624400PE,0.15560055837091116
14-01-2026 13:05||NIFTY27JAN2624800PE,0.12996717315126433
14-01-2026 13:05||NIFTY27JAN2624900PE,0.12382263391249208
14-01-2026 13:05||NIFTY27JAN2625800CE,0.09580811628978647
14-01-2026 13:05||NIFTY27JAN2626200CE,0.09571431967859206
14-01-2026 13:05||NIFTY27JAN2626300CE,0.09678579803707804
14-01-2026 13:10||NIFTY27JAN2624000PE,0.18351594350839834
14-01-2026 13:10||NIFTY27JAN2624600PE,0.14278727323512974
14-01-2026 13:10||NIFTY27JAN2624700PE,0.13632090548235104
14-01-2026 13:10||NIFTY27JAN2624900PE,0.1246601063739883
14-01-2026 13:10||NIFTY27JAN2625300CE,0.09973591598646588
14-01-2026 13:10||NIFTY27JAN2625800CE,0.08797022362809358
14-01-2026 13:10||NIFTY27JAN2625900CE,0.08792425168210512
14-01-2026 13:10||NIFTY27JAN2626400CE,0.09594388103184613
14-01-2026 13:15||NIFTY27JAN2624000PE,0.18247001903776922
14-01-2026 13:15||NIFTY27JAN2624600PE,0.1415788590092091
14-01-2026 13:15||NIFTY27JAN2624800PE,0.12971152991788099
14-01-2026 13:15||NIFTY27JAN2625200CE,0.1079791590545483
14-01-2026 13:15||NIFTY27JAN2625600CE,0.09245394414037596
14-01-2026 13:15||NIFTY27JAN2626100CE,0.09122642918231004
14-01-2026 13:15||NIFTY27JAN2626200CE,0.09286221529343448
14-01-2026 13:20||NIFTY27JAN2624400PE,0.1545943107156591
14-01-2026 13:20||NIFTY27JAN2624700PE,0.13528152390865658
14-01-2026 13:20||NIFTY27JAN2624900PE,0.12409144829156672
14-01-2026 13:20||NIFTY27JAN2625200CE,0.09266158025482932
14-01-2026 13:20||NIFTY27JAN2625900CE,0.0882776587522352
14-01-2026 13:25||NIFTY27JAN2624100PE,0.1728621193278391
14-01-2026 13:25||NIFTY27JAN2624700PE,0.1336964558278625
14-01-2026 13:25||NIFTY27JAN2624900PE,0.12226831276392545
14-01-2026 13:25||NIFTY27JAN2625200CE,0.10711580300769083
14-01-2026 13:25||NIFTY27JAN2625600CE,0.09510263985821413
14-01-2026 13:25||NIFTY27JAN2626400CE,0.0976476258126979
14-01-2026 13:25||NIFTY27JAN2626500CE,0.10037551789263197
14-01-2026 13:30||NIFTY27JAN2624200PE,0.16622935445631631
14-01-2026 13:30||NIFTY27JAN2624300PE,0.1595604969853216
14-01-2026 13:30||NIFTY27JAN2625200CE,0.09649962003358548
14-01-2026 13:30||NIFTY27JAN2625700CE,0.08912525519421229
14-01-2026 13:30||NIFTY27JAN2626500CE,0.10065704164000769
14-01-2026 13:35||NIFTY27JAN2624000PE,0.17897758475870254
14-01-2026 13:35||NIFTY27JAN2624100PE,0.1720899944036685
14-01-2026 13:35||NIFTY27JAN2625100PE,0.1144147937126962
14-01-2026 13:35||NIFTY27JAN2625500CE,0.08204470481403912
14-01-2026 13:35||NIFTY27JAN2625700CE,0.08517589201929779
14-01-2026 13:40||NIFTY27JAN2626500CE,0.10470041614291233
14-01-2026 13:45||NIFTY27JAN2624100PE,0.16808860636538714
14-01-2026 13:45||NIFTY27JAN2624200PE,0.16150913358536348
14-01-2026 13:45||NIFTY27JAN2624400PE,0.14850347891053445
14-01-2026 13:45||NIFTY27JAN2624600PE,0.13573480802825347
14-01-2026 13:45||NIFTY27JAN2624700PE,0.1296752851093402
14-01-2026 13:45||NIFTY27JAN2624800PE,0.12448664132273386
14-01-2026 13:45||NIFTY27JAN2625400CE,0.10112529087960441
14-01-2026 13:45||NIFTY27JAN2626200CE,0.09918007519000996
14-01-2026 13:45||NIFTY27JAN2626300CE,0.10098386371118762
14-01-2026 13:45||NIFTY27JAN2626400CE,0.10320442316200969
14-01-2026 13:50||NIFTY27JAN2625400CE,0.08690462859938632
14-01-2026 13:50||NIFTY27JAN2625600CE,0.08656877337396802
14-01-2026 13:50||NIFTY27JAN2626300CE,0.09853276074398667
14-01-2026 13:55||NIFTY27JAN2623800PE,0.18688883853467395
14-01-2026 13:55||NIFTY27JAN2624600PE,0.13570684415904608
14-01-2026 13:55||NIFTY27JAN2624900PE,0.11928725633707775
14-01-2026 13:55||NIFTY27JAN2625200CE,0.10460538038126922
14-01-2026 13:55||NIFTY27JAN2626200CE,0.09940177857592677
14-01-2026 14:00||NIFTY27JAN2623800PE,0.18823591726564545
14-01-2026 14:00||NIFTY27JAN2623900PE,0.1818613509261933
14-01-2026 14:00||NIFTY27JAN2624400PE,0.14939527424282087
14-01-2026 14:00||NIFTY27JAN2624500PE,0.14327531219087822
14-01-2026 14:05||NIFTY27JAN2624000PE,0.17560357963137554
14-01-2026 14:05||NIFTY27JAN2624300PE,0.15526969247016975
14-01-2026 14:05||NIFTY27JAN2624700PE,0.12986593198608865
14-01-2026 14:05||NIFTY27JAN2624800PE,0.12474233461516307
14-01-2026 14:05||NIFTY27JAN2625200CE,0.11151074426928527
14-01-2026 14:05||NIFTY27JAN2625700CE,0.09705310759445161
14-01-2026 14:05||NIFTY27JAN2625900CE,0.09636442682269389
14-01-2026 14:10||NIFTY27JAN2624200PE,0.16199018198314977
14-01-2026 14:10||NIFTY27JAN2624800PE,0.1238762276188088
14-01-2026 14:10||NIFTY27JAN2625700CE,0.09859400873584619
14-01-2026 14:15||NIFTY27JAN2624600PE,0.13746084492006355
14-01-2026 14:15||NIFTY27JAN2625300CE,0.09282448660976227
14-01-2026 14:15||NIFTY27JAN2625900CE,0.09140140550376892
14-01-2026 14:15||NIFTY27JAN2626000CE,0.09307196496154398
14-01-2026 14:15||NIFTY27JAN2626500CE,0.10482543147641267
14-01-2026 14:20||NIFTY27JAN2624400PE,0.14902273327919788
14-01-2026 14:20||NIFTY27JAN2624900PE,0.120436313934488
14-01-2026 14:20||NIFTY27JAN2625100PE,0.11110519005185138
14-01-2026 14:25||NIFTY27JAN2623800PE,0.18631694197407847
14-01-2026 14:25||NIFTY27JAN2625600CE,0.10049413773741571
14-01-2026 14:25||NIFTY27JAN2626100CE,0.10093513695429966
14-01-2026 14:30||NIFTY27JAN2623900PE,0.1809185499514672
14-01-2026 14:30||NIFTY27JAN2624300PE,0.15460579306901223
14-01-2026 14:30||NIFTY27JAN2624500PE,0.14164175393735515
14-01-2026 14:30||NIFTY27JAN2625000PE,0.11346550318465576
14-01-2026 14:30||NIFTY27JAN2625100PE,0.1083147989430078
14-01-2026 14:30||NIFTY27JAN2625400CE,0.10548763841986802
14-01-2026 14:30||NIFTY27JAN2626000CE,0.0996317133265265
14-01-2026 14:30||NIFTY27JAN2626100CE,0.10012769229769043
14-01-2026 14:30||NIFTY27JAN2626400CE,0.10576611972104784
14-01-2026 14:30||NIFTY27JAN2626500CE,0.10882246945733712
14-01-2026 14:35||NIFTY27JAN2624000PE,0.17528039751463845
14-01-2026 14:35||NIFTY27JAN2624300PE,0.15497234210957161
14-01-2026 14:35||NIFTY27JAN2625500CE,0.10658747719436806
14-01-2026 14:35||NIFTY27JAN2625900CE,0.09981303169048635
14-01-2026 14:35||NIFTY27JAN2626400CE,0.1066413265717072
14-01-2026 14:40||NIFTY27JAN2624300PE,0.15689761174367103
14-01-2026 14:40||NIFTY27JAN2624400PE,0.15010393294588156
14-01-2026 14:40||NIFTY27JAN2624500PE,0.143579048682686
14-01-2026 14:40||NIFTY27JAN2624700PE,0.13054751623303484
14-01-2026 14:40||NIFTY27JAN2624800PE,0.12520077204449115
14-01-2026 14:40||NIFTY27JAN2625000PE,0.11457305832806486
14-01-2026 14:40||NIFTY27JAN2625400CE,0.10523793950458242
14-01-2026 14:40||NIFTY27JAN2625800CE,0.09697762988634001
14-01-2026 14:45||NIFTY27JAN2624500PE,0.14645230251235802
14-01-2026 14:45||NIFTY27JAN2624800PE,0.12780968361960937
14-01-2026 14:45||NIFTY27JAN2625100PE,0.11102316875305039
14-01-2026 14:45||NIFTY27JAN2625400CE,0.09851503354197719
14-01-2026 14:45||NIFTY27JAN2625500CE,0.09712402324140688
14-01-2026 14:45||NIFTY27JAN2625800CE,0.09437856246494579
14-01-2026 14:45||NIFTY27JAN2626100CE,0.09669798105194642
14-01-2026 14:45||NIFTY27JAN2626200CE,0.09859944895071367
14-01-2026 14:45||NIFTY27JAN2626300CE,0.10059514945487734
14-01-2026 14:50||NIFTY27JAN2624400PE,0.15268393695115584
14-01-2026 14:50||NIFTY27JAN2624600PE,0.1394748521421892
14-01-2026 14:50||NIFTY27JAN2624900PE,0.12184263631005761
14-01-2026 14:50||NIFTY27JAN2625200CE,0.11026262247919878
14-01-2026 14:50||NIFTY27JAN2625700CE,0.09449011544743642
14-01-2026 14:50||NIFTY27JAN2625800CE,0.09371440324308956
14-01-2026 14:50||NIFTY27JAN2626300CE,0.09954221481155912
14-01-2026 14:55||NIFTY27JAN2624100PE,0.1723701201952011
14-01-2026 14:55||NIFTY27JAN2624200PE,0.16560737122947772
14-01-2026 14:55||NIFTY27JAN2624600PE,0.139101615461084
14-01-2026 14:55||NIFTY27JAN2624800PE,0.12756095286449104
14-01-2026 14:55||NIFTY27JAN2625100PE,0.11142286513206937
14-01-2026 14:55||NIFTY27JAN2625300CE,0.09589785899477346
14-01-2026 14:55||NIFTY27JAN2625400CE,0.09384220018636913
14-01-2026 14:55||NIFTY27JAN2625600CE,0.09058670302496195
14-01-2026 14:55||NIFTY27JAN2626400CE,0.1002386333900948
14-01-2026 15:00||NIFTY27JAN2624300PE,0.15682323593052777
14-01-2026 15:00||NIFTY27JAN2624700PE,0.13086734678334946
14-01-2026 15:00||NIFTY27JAN2625800CE,0.09653704451397073
14-01-2026 15:05||NIFTY27JAN2623900PE,0.1847040962158406
14-01-2026 15:05||NIFTY27JAN2624400PE,0.152282936208905
14-01-2026 15:05||NIFTY27JAN2624800PE,0.12852604963228648
14-01-2026 15:05||NIFTY27JAN2626300CE,0.09914873724315726
14-01-2026 15:10||NIFTY27JAN2624100PE,0.17009979791778834
14-01-2026 15:10||NIFTY27JAN2624500PE,0.14441028163714453
14-01-2026 15:10||NIFTY27JAN2624900PE,0.12182707675289094
14-01-2026 15:10||NIFTY27JAN2625500CE,0.09602588176052891
14-01-2026 15:10||NIFTY27JAN2626200CE,0.09922859305665784
14-01-2026 15:15||NIFTY27JAN2624400PE,0.1488525141050939
14-01-2026 15:15||NIFTY27JAN2624700PE,0.13013415105928075
14-01-2026 15:15||NIFTY27JAN2625100PE,0.11015916973436835
14-01-2026 15:15||NIFTY27JAN2625500CE,0.10248354256745701
14-01-2026 15:15||NIFTY27JAN2625900CE,0.09803941226323623
14-01-2026 15:15||NIFTY27JAN2626100CE,0.09960520235336373
14-01-2026 15:20||NIFTY27JAN2624500PE,0.1433380079399762
14-01-2026 15:20||NIFTY27JAN2624800PE,0.12553517100107064
14-01-2026 15:20||NIFTY27JAN2626100CE,0.10081173387463627
14-01-2026 15:20||NIFTY27JAN2626300CE,0.1038217882357559
14-01-2026 15:20||NIFTY27JAN2626400CE,0.10586180663510666
14-01-2026 15:25||NIFTY27JAN2623900PE,0.18404644756205424
14-01-2026 15:25||NIFTY27JAN2624600PE,0.13858965522301767
14-01-2026 15:25||NIFTY27JAN2625100PE,0.11352262902344881
14-01-2026 15:25||NIFTY27JAN2625200CE,0.10791244889616962
14-01-2026 15:25||NIFTY27JAN2626400CE,0.1028690852989431
14-01-2026 15:25||NIFTY27JAN2626500CE,0.10579356086642346
16-01-2026 09:15||NIFTY27JAN2624100PE,0.17865690282039406
16-01-2026 09:15||NIFTY27JAN2624200PE,0.1716063971467303
16-01-2026 09:15||NIFTY27JAN2624300PE,0.16465024731318617
16-01-2026 09:15||NIFTY27JAN2624800PE,0.13111430186480824
16-01-2026 09:15||NIFTY27JAN2625000PE,0.11939512023496555
16-01-2026 09:15||NIFTY27JAN2626000CE,0.10774545027780534
16-01-2026 09:15||NIFTY27JAN2626100CE,0.106540168287032
16-01-2026 09:20||NIFTY27JAN2624100PE,0.17911667412469556
16-01-2026 09:20||NIFTY27JAN2624400PE,0.15777936447697555
16-01-2026 09:20||NIFTY27JAN2624600PE,0.14395954937369607
16-01-2026 09:20||NIFTY27JAN2625000PE,0.12111597050663167
16-01-2026 09:20||NIFTY27JAN2625200CE,0.12368582984436398
16-01-2026 09:20||NIFTY27JAN2625400CE,0.1105683863061845
16-01-2026 09:20||NIFTY27JAN2625700CE,0.10104314622710876
16-01-2026 09:20||NIFTY27JAN2626000CE,0.09850128859023377
16-01-2026 09:25||NIFTY27JAN2624600PE,0.14013736438810317
16-01-2026 09:25||NIFTY27JAN2624700PE,0.13363553259188343
16-01-2026 09:25||NIFTY27JAN2625300CE,0.129622827869085
16-01-2026 09:25||NIFTY27JAN2625600CE,0.11032291897007793
16-01-2026 09:25||NIFTY27JAN2626300CE,0.10060498223630611
16-01-2026 09:25||NIFTY27JAN2626500CE,0.10394583554112383
16-01-2026 09:30||NIFTY27JAN2623800PE,0.1943355018120011
16-01-2026 09:30||NIFTY27JAN2624300PE,0.15976970955722986
16-01-2026 09:30||NIFTY27JAN2624400PE,0.152794673555583
16-01-2026 09:30||NIFTY27JAN2624900PE,0.12189578725164125
16-01-2026 09:30||NIFTY27JAN2625100PE,0.1119151384078679
16-01-2026 09:30||NIFTY27JAN2625500CE,0.10535295507638023
16-01-2026 09:30||NIFTY27JAN2625700CE,0.09954012830277977
16-01-2026 09:30||NIFTY27JAN2625900CE,0.0963946712664131
16-01-2026 09:30||NIFTY27JAN2626000CE,0.09636915506086155
16-01-2026 09:35||NIFTY27JAN2624100PE,0.1739489185656819
16-01-2026 09:35||NIFTY27JAN2624200PE,0.16680117347705373
16-01-2026 09:35||NIFTY27JAN2624800PE,0.12746757209220905
16-01-2026 09:35||NIFTY27JAN2625100PE,0.11190066683216346
16-01-2026 09:35||NIFTY27JAN2626300CE,0.09852742079959308
16-01-2026 09:35||NIFTY27JAN2626400CE,0.10010564194687593
16-01-2026 09:40||NIFTY27JAN2624200PE,0.16647189760747041
16-01-2026 09:40||NIFTY27JAN2624300PE,0.15920009171503413
16-01-2026 09:40||NIFTY27JAN2625900CE,0.10432924711014716
16-01-2026 09:40||NIFTY27JAN2626500CE,0.10255577991281718
16-01-2026 09:45||NIFTY27JAN2623900PE,0.18961664583966575
16-01-2026 09:45||NIFTY27JAN2624500PE,0.1463437600187524
16-01-2026 09:45||NIFTY27JAN2624800PE,0.12578936815035288
16-01-2026 09:45||NIFTY27JAN2624900PE,0.11935626275674117
16-01-2026 09:45||NIFTY27JAN2625400CE,0.12421826399536108
16-01-2026 09:45||NIFTY27JAN2626000CE,0.10293992684094411
16-01-2026 09:45||NIFTY27JAN2626100CE,0.10138345511737733
16-01-2026 09:50||NIFTY27JAN2623900PE,0.19283274312884335
16-01-2026 09:50||NIFTY27JAN2624200PE,0.1715134146071306
16-01-2026 09:50||NIFTY27JAN2624900PE,0.12164660345940122
16-01-2026 09:50||NIFTY27JAN2625500CE,0.11209116801167625
16-01-2026 09:50||NIFTY27JAN2625600CE,0.10740908807664676
16-01-2026 09:50||NIFTY27JAN2625700CE,0.10418063064614089
16-01-2026 09:50||NIFTY27JAN2625800CE,0.10122062352819519
16-01-2026 09:50||NIFTY27JAN2626000CE,0.09826120334880387
16-01-2026 09:50||NIFTY27JAN2626200CE,0.09736900129849708
16-01-2026 09:55||NIFTY27JAN2623800PE,0.20088910530811
16-01-2026 09:55||NIFTY27JAN2624000PE,0.18733577524535114
16-01-2026 09:55||NIFTY27JAN2624200PE,0.1723537452162061
16-01-2026 09:55||NIFTY27JAN2624500PE,0.15011146794988836
16-01-2026 09:55||NIFTY27JAN2624900PE,0.1225207197958853
16-01-2026 09:55||NIFTY27JAN2625000PE,0.11666628944270316
16-01-2026 09:55||NIFTY27JAN2625300CE,0.11510745811294833
16-01-2026 09:55||NIFTY27JAN2625400CE,0.1100788831767487
16-01-2026 09:55||NIFTY27JAN2625500CE,0.10628293962816827
16-01-2026 09:55||NIFTY27JAN2625700CE,0.09953730147295613
16-01-2026 09:55||NIFTY27JAN2625900CE,0.09504311282079267
16-01-2026 09:55||NIFTY27JAN2626000CE,0.09430869183930357
16-01-2026 09:55||NIFTY27JAN2626400CE,0.0948561472183963
16-01-2026 09:55||NIFTY27JAN2626500CE,0.09674867987408657
16-01-2026 10:00||NIFTY27JAN2624000PE,0.18672337086415045
16-01-2026 10:00||NIFTY27JAN2625400CE,0.129411843480044
16-01-2026 10:00||NIFTY27JAN2625900CE,0.10428013473109654
16-01-2026 10:00||NIFTY27JAN2626000CE,0.10232969978819172
16-01-2026 10:00||NIFTY27JAN2626400CE,0.09972623784298533
16-01-2026 10:00||NIFTY27JAN2626500CE,0.10122978349721438
16-01-2026 10:05||NIFTY27JAN2624000PE,0.18724756687544583
16-01-2026 10:05||NIFTY27JAN2624100PE,0.17998565132414338
16-01-2026 10:05||NIFTY27JAN2624400PE,0.15788966973716026
16-01-2026 10:05||NIFTY27JAN2625100PE,0.10826253738823545
16-01-2026 10:05||NIFTY27JAN2625700CE,0.10937761734961836
16-01-2026 10:05||NIFTY27JAN2626400CE,0.09858014245526643
16-01-2026 10:05||NIFTY27JAN2626500CE,0.10007777250804181
16-01-2026 10:10||NIFTY27JAN2623900PE,0.19604273052735624
16-01-2026 10:10||NIFTY27JAN2624800PE,0.1305909654106502
16-01-2026 10:10||NIFTY27JAN2625300CE,0.1403716665875524
16-01-2026 10:10||NIFTY27JAN2625600CE,0.11705656093915
16-01-2026 10:10||NIFTY27JAN2626100CE,0.1019028346142303
16-01-2026 10:10||NIFTY27JAN2626400CE,0.10203074651614714
16-01-2026 10:15||NIFTY27JAN2623800PE,0.20727972500114666
16-01-2026 10:15||NIFTY27JAN2624400PE,0.16420019034903288
16-01-2026 10:15||NIFTY27JAN2624500PE,0.1565902043569553
16-01-2026 10:15||NIFTY27JAN2625300CE,0.15904533736685936
16-01-2026 10:20||NIFTY27JAN2623800PE,0.21022859202042923
16-01-2026 10:20||NIFTY27JAN2624300PE,0.17607476161536426
16-01-2026 10:20||NIFTY27JAN2624500PE,0.16123357811131706
16-01-2026 10:20||NIFTY27JAN2624800PE,0.13919698767061753
16-01-2026 10:20||NIFTY27JAN2625700CE,0.11917108748241739
16-01-2026 10:20||NIFTY27JAN2625900CE,0.1104275822058711
16-01-2026 10:20||NIFTY27JAN2626400CE,0.10377121481628719
16-01-2026 10:25||NIFTY27JAN2624000PE,0.19870734684723387
16-01-2026 10:25||NIFTY27JAN2624200PE,0.1842077574126538
16-01-2026 10:25||NIFTY27JAN2624300PE,0.1770597003600803
16-01-2026 10:25||NIFTY27JAN2624600PE,0.15436516134993117
16-01-2026 10:25||NIFTY27JAN2625400CE,0.1370712621853778
16-01-2026 10:25||NIFTY27JAN2626000CE,0.10580444487072854
16-01-2026 10:30||NIFTY27JAN2624200PE,0.184169674202777
16-01-2026 10:30||NIFTY27JAN2624400PE,0.16960357668356615
16-01-2026 10:30||NIFTY27JAN2624800PE,0.14056855170956367
16-01-2026 10:30||NIFTY27JAN2625500CE,0.12398046091566214
16-01-2026 10:35||NIFTY27JAN2624000PE,0.19957763615272162
16-01-2026 10:35||NIFTY27JAN2624200PE,0.18510895293713264
16-01-2026 10:35||NIFTY27JAN2624900PE,0.13454423691616757
16-01-2026 10:35||NIFTY27JAN2625100PE,0.12113719743517881
16-01-2026 10:35||NIFTY27JAN2625200CE,0.15176035629158593
16-01-2026 10:35||NIFTY27JAN2625600CE,0.11850186960734006
16-01-2026 10:35||NIFTY27JAN2626300CE,0.1000782088911429
16-01-2026 10:35||NIFTY27JAN2626400CE,0.10028159206438318
16-01-2026 10:40||NIFTY27JAN2623800PE,0.21286160328845197
16-01-2026 10:40||NIFTY27JAN2624200PE,0.18574281246656174
16-01-2026 10:40||NIFTY27JAN2624700PE,0.14909135589260103
16-01-2026 10:40||NIFTY27JAN2624900PE,0.1355435246344729
16-01-2026 10:40||NIFTY27JAN2626200CE,0.09479644144981135
16-01-2026 10:45||NIFTY27JAN2623800PE,0.21161224436317277
16-01-2026 10:45||NIFTY27JAN2624000PE,0.1988206269395562
16-01-2026 10:45||NIFTY27JAN2624400PE,0.16999039426104132
16-01-2026 10:45||NIFTY27JAN2624600PE,0.1550678280573227
16-01-2026 10:45||NIFTY27JAN2624900PE,0.13397208633993288
16-01-2026 10:45||NIFTY27JAN2625200CE,0.1425039085778852
16-01-2026 10:50||NIFTY27JAN2624200PE,0.1832437730631512
16-01-2026 10:50||NIFTY27JAN2624300PE,0.17614043276780803
16-01-2026 10:50||NIFTY27JAN2624400PE,0.16876609371099535
16-01-2026 10:50||NIFTY27JAN2624600PE,0.15389212310419742
16-01-2026 10:50||NIFTY27JAN2625400CE,0.12713961505601726
16-01-2026 10:50||NIFTY27JAN2626300CE,0.09801597943152934
16-01-2026 10:50||NIFTY27JAN2626400CE,0.0983942599088725
16-01-2026 10:55||NIFTY27JAN2623800PE,0.20976497676930617
16-01-2026 10:55||NIFTY27JAN2623900PE,0.2032322495103968
16-01-2026 10:55||NIFTY27JAN2624900PE,0.13292085823586505
16-01-2026 10:55||NIFTY27JAN2625400CE,0.12236275824488503
16-01-2026 10:55||NIFTY27JAN2625800CE,0.10261693519801697
16-01-2026 10:55||NIFTY27JAN2625900CE,0.09976842690729534
16-01-2026 10:55||NIFTY27JAN2626100CE,0.09668343617661725
16-01-2026 10:55||NIFTY27JAN2626500CE,0.09888068168706815
16-01-2026 11:00||NIFTY27JAN2624400PE,0.1678367171738898
16-01-2026 11:00||NIFTY27JAN2624900PE,0.132182131334319
16-01-2026 11:00||NIFTY27JAN2625000PE,0.12587203455155252
16-01-2026 11:00||NIFTY27JAN2625300CE,0.13738744979037304
16-01-2026 11:00||NIFTY27JAN2626000CE,0.09977273331066913
16-01-2026 11:00||NIFTY27JAN2626100CE,0.09806324060623896
16-01-2026 11:05||NIFTY27JAN2624300PE,0.17474968125462345
16-01-2026 11:05||NIFTY27JAN2624400PE,0.1673761809127255
16-01-2026 11:05||NIFTY27JAN2625100PE,0.1183151364517147
16-01-2026 11:05||NIFTY27JAN2626100CE,0.1008853524436613
16-01-2026 11:10||NIFTY27JAN2624000PE,0.19533913250262347
16-01-2026 11:10||NIFTY27JAN2625800CE,0.10085421648395733
16-01-2026 11:10||NIFTY27JAN2626000CE,0.09766111012223673
16-01-2026 11:15||NIFTY27JAN2623900PE,0.20011665568453083
16-01-2026 11:15||NIFTY27JAN2624600PE,0.15091123621506267
16-01-2026 11:15||NIFTY27JAN2625800CE,0.10101749758689609
16-01-2026 11:15||NIFTY27JAN2626200CE,0.09637603445082464
16-01-2026 11:20||NIFTY27JAN2623800PE,0.20510461372953828
16-01-2026 11:20||NIFTY27JAN2624000PE,0.19238992662253213
16-01-2026 11:20||NIFTY27JAN2624100PE,0.18517743394361227
16-01-2026 11:20||NIFTY27JAN2624900PE,0.13026222629705275
16-01-2026 11:20||NIFTY27JAN2625900CE,0.09987505351710103
16-01-2026 11:20||NIFTY27JAN2626000CE,0.098698169075601
16-01-2026 11:20||NIFTY27JAN2626200CE,0.09718643279837393
16-01-2026 11:25||NIFTY27JAN2624200PE,0.1782357457038721
16-01-2026 11:25||NIFTY27JAN2624800PE,0.13626450099953352
16-01-2026 11:25||NIFTY27JAN2625000PE,0.12399245115784382
16-01-2026 11:25||NIFTY27JAN2626300CE,0.09874819257125816
16-01-2026 11:30||NIFTY27JAN2624300PE,0.1718061628416116
16-01-2026 11:30||NIFTY27JAN2625600CE,0.10419704422090556
16-01-2026 11:30||NIFTY27JAN2626500CE,0.10111130293072414
16-01-2026 11:35||NIFTY27JAN2624500PE,0.1562498217863785
16-01-2026 11:35||NIFTY27JAN2624800PE,0.13616632485438465
16-01-2026 11:35||NIFTY27JAN2625300CE,0.1189855919297439
16-01-2026 11:35||NIFTY27JAN2625500CE,0.11057753319397343
16-01-2026 11:35||NIFTY27JAN2626200CE,0.09696752032309887
16-01-2026 11:40||NIFTY27JAN2624400PE,0.16299661711120345
16-01-2026 11:40||NIFTY27JAN2624500PE,0.15598048080730237
16-01-2026 11:40||NIFTY27JAN2625500CE,0.11156688906619844
16-01-2026 11:40||NIFTY27JAN2626100CE,0.09604891576204568
16-01-2026 11:45||NIFTY27JAN2624300PE,0.16938505003705118
16-01-2026 11:45||NIFTY27JAN2625000PE,0.12207651965683328
16-01-2026 11:45||NIFTY27JAN2625400CE,0.12166644461583183
16-01-2026 11:50||NIFTY27JAN2623900PE,0.19728715075077838
16-01-2026 11:50||NIFTY27JAN2624300PE,0.16927314072105018
16-01-2026 11:50||NIFTY27JAN2625500CE,0.11680391415043495
16-01-2026 11:55||NIFTY27JAN2624000PE,0.19115412298045215
16-01-2026 11:55||NIFTY27JAN2624500PE,0.15589816678958407
16-01-2026 11:55||NIFTY27JAN2624800PE,0.13555025202279886
16-01-2026 11:55||NIFTY27JAN2625000PE,0.12310426568524495
16-01-2026 11:55||NIFTY27JAN2625100PE,0.11668435332519603
16-01-2026 11:55||NIFTY27JAN2626200CE,0.09541673877092792
16-01-2026 12:00||NIFTY27JAN2623900PE,0.19486672057094392
16-01-2026 12:00||NIFTY27JAN2624000PE,0.18860406890699377
16-01-2026 12:00||NIFTY27JAN2624200PE,0.1740617406027001
16-01-2026 12:00||NIFTY27JAN2624400PE,0.1596855376627536
16-01-2026 12:00||NIFTY27JAN2624800PE,0.13218347235533368
16-01-2026 12:00||NIFTY27JAN2624900PE,0.12569357473281537
16-01-2026 12:00||NIFTY27JAN2625200CE,0.1587581647564115
16-01-2026 12:00||NIFTY27JAN2626200CE,0.1024507622540099
16-01-2026 12:05||NIFTY27JAN2623800PE,0.20234440972372789
16-01-2026 12:05||NIFTY27JAN2624200PE,0.17489216239830901
16-01-2026 12:05||NIFTY27JAN2624500PE,0.1533699170193201
16-01-2026 12:05||NIFTY27JAN2624800PE,0.13274302083333486
16-01-2026 12:05||NIFTY27JAN2625000PE,0.12026467185417346
16-01-2026 12:05||NIFTY27JAN2625200CE,0.16140785258674353
16-01-2026 12:05||NIFTY27JAN2625900CE,0.11235686836113634
16-01-2026 12:10||NIFTY27JAN2624800PE,0.1339527972992024
16-01-2026 12:10||NIFTY27JAN2625100PE,0.11589047915385893
16-01-2026 12:10||NIFTY27JAN2625300CE,0.14393458180802204
16-01-2026 12:10||NIFTY27JAN2625800CE,0.1142480712857094
16-01-2026 12:10||NIFTY27JAN2626000CE,0.10761252301359435
16-01-2026 12:10||NIFTY27JAN2626100CE,0.1048106189249991
16-01-2026 12:15||NIFTY27JAN2624000PE,0.19184916527940699
16-01-2026 12:15||NIFTY27JAN2624600PE,0.1470795301303344
16-01-2026 12:15||NIFTY27JAN2624800PE,0.13439195173038743
16-01-2026 12:15||NIFTY27JAN2624900PE,0.12823569166902665
16-01-2026 12:15||NIFTY27JAN2625000PE,0.12293815204276114
16-01-2026 12:15||NIFTY27JAN2625800CE,0.10475071922609076
16-01-2026 12:15||NIFTY27JAN2626000CE,0.10041660805612104
16-01-2026 12:20||NIFTY27JAN2623900PE,0.1972875943367362
16-01-2026 12:20||NIFTY27JAN2624300PE,0.16904950456533208
16-01-2026 12:20||NIFTY27JAN2624500PE,0.15466684115297613
16-01-2026 12:20||NIFTY27JAN2624900PE,0.12811337825745792
16-01-2026 12:20||NIFTY27JAN2625400CE,0.12462640554827263
16-01-2026 12:20||NIFTY27JAN2625600CE,0.11297767081310789
16-01-2026 12:20||NIFTY27JAN2625700CE,0.10887372232482226
16-01-2026 12:25||NIFTY27JAN2623800PE,0.2030104134915646
16-01-2026 12:25||NIFTY27JAN2624500PE,0.15536819722826906
16-01-2026 12:25||NIFTY27JAN2624700PE,0.14250772535816328
16-01-2026 12:25||NIFTY27JAN2624800PE,0.13738076177456696
16-01-2026 12:25||NIFTY27JAN2625000PE,0.1273362925103124
16-01-2026 12:25||NIFTY27JAN2625100PE,0.12242210863590752
16-01-2026 12:25||NIFTY27JAN2626400CE,0.09477638910159536
16-01-2026 12:30||NIFTY27JAN2623800PE,0.19694285271654152
16-01-2026 12:30||NIFTY27JAN2624400PE,0.15366866753307526
16-01-2026 12:30||NIFTY27JAN2624600PE,0.1394519088630653
16-01-2026 12:35||NIFTY27JAN2623800PE,0.1986313298498559
16-01-2026 12:35||NIFTY27JAN2623900PE,0.19172440978278518
16-01-2026 12:35||NIFTY27JAN2624800PE,0.13047596002523776
16-01-2026 12:35||NIFTY27JAN2625600CE,0.10899536689841503
16-01-2026 12:35||NIFTY27JAN2625700CE,0.10605214870739783
16-01-2026 12:35||NIFTY27JAN2625800CE,0.10318488302699942
16-01-2026 12:35||NIFTY27JAN2625900CE,0.10112010896670773
16-01-2026 12:35||NIFTY27JAN2626000CE,0.10026496215136423
16-01-2026 12:35||NIFTY27JAN2626200CE,0.09925746058634444
16-01-2026 12:40||NIFTY27JAN2623800PE,0.19914587071933387
16-01-2026 12:40||NIFTY27JAN2625200CE,0.12609100594828848
16-01-2026 12:40||NIFTY27JAN2625900CE,0.09878279436773689
16-01-2026 12:45||NIFTY27JAN2624000PE,0.18522215315981283
16-01-2026 12:45||NIFTY27JAN2624800PE,0.13031459194914854
16-01-2026 12:45||NIFTY27JAN2625700CE,0.10357346847558291
16-01-2026 12:45||NIFTY27JAN2625900CE,0.09917333326271333
16-01-2026 12:45||NIFTY27JAN2626000CE,0.09877578788550315
16-01-2026 12:45||NIFTY27JAN2626300CE,0.09999566929869225
16-01-2026 12:50||NIFTY27JAN2624300PE,0.16217553088702658
16-01-2026 12:50||NIFTY27JAN2626000CE,0.10483491198885952
16-01-2026 12:50||NIFTY27JAN2626200CE,0.10305128412560265
16-01-2026 12:55||NIFTY27JAN2623900PE,0.19198768483503115
16-01-2026 12:55||NIFTY27JAN2624700PE,0.13629460751511413
16-01-2026 12:55||NIFTY27JAN2624900PE,0.12502254095058177
16-01-2026 12:55||NIFTY27JAN2625500CE,0.10556564584553474
16-01-2026 12:55||NIFTY27JAN2625800CE,0.09690603141811076
16-01-2026 13:00||NIFTY27JAN2623800PE,0.1975871996902042
16-01-2026 13:00||NIFTY27JAN2624700PE,0.13435956229624846
16-01-2026 13:00||NIFTY27JAN2624800PE,0.12891499667434134
16-01-2026 13:00||NIFTY27JAN2625400CE,0.10923779771147686
16-01-2026 13:00||NIFTY27JAN2625900CE,0.09853223700112368
16-01-2026 13:00||NIFTY27JAN2626000CE,0.09861126660007082
16-01-2026 13:05||NIFTY27JAN2624100PE,0.17460722317837835
16-01-2026 13:05||NIFTY27JAN2625000PE,0.11575597919105961
16-01-2026 13:05||NIFTY27JAN2625300CE,0.128671936766911
16-01-2026 13:10||NIFTY27JAN2625200CE,0.133142140642695
16-01-2026 13:15||NIFTY27JAN2623800PE,0.194755827900751
16-01-2026 13:15||NIFTY27JAN2624100PE,0.17329134632846882
16-01-2026 13:15||NIFTY27JAN2624600PE,0.1371346378253238
16-01-2026 13:15||NIFTY27JAN2624700PE,0.13069889592686787
16-01-2026 13:15||NIFTY27JAN2625800CE,0.10263986083894303
16-01-2026 13:15||NIFTY27JAN2626100CE,0.10037850596232926
16-01-2026 13:15||NIFTY27JAN2626200CE,0.10102591946381377
16-01-2026 13:20||NIFTY27JAN2624300PE,0.15747467886022923
16-01-2026 13:20||NIFTY27JAN2624700PE,0.1306475611250327
16-01-2026 13:20||NIFTY27JAN2625100PE,0.11089996040824153
16-01-2026 13:20||NIFTY27JAN2625600CE,0.10423611832645974
16-01-2026 13:20||NIFTY27JAN2626100CE,0.09917501007397554
16-01-2026 13:25||NIFTY27JAN2623900PE,0.18334023666773125
16-01-2026 13:25||NIFTY27JAN2624300PE,0.1549597400945899
16-01-2026 13:25||NIFTY27JAN2624400PE,0.14784650875477778
16-01-2026 13:25||NIFTY27JAN2625200CE,0.14953000795543334
16-01-2026 13:25||NIFTY27JAN2625300CE,0.13889520169809313
16-01-2026 13:25||NIFTY27JAN2625500CE,0.12293706669123977
16-01-2026 13:25||NIFTY27JAN2625800CE,0.10988264894129786
16-01-2026 13:25||NIFTY27JAN2626400CE,0.10600490008307469
16-01-2026 13:25||NIFTY27JAN2626500CE,0.10806211833169506
16-01-2026 13:30||NIFTY27JAN2624000PE,0.17914671921078107
16-01-2026 13:30||NIFTY27JAN2624200PE,0.16434945800731263
16-01-2026 13:30||NIFTY27JAN2624400PE,0.15022199595349375
16-01-2026 13:30||NIFTY27JAN2624900PE,0.12026600733775378
16-01-2026 13:30||NIFTY27JAN2625000PE,0.11585586209479579
16-01-2026 13:30||NIFTY27JAN2625200CE,0.13225925902963326
16-01-2026 13:35||NIFTY27JAN2624400PE,0.14886817334975838
16-01-2026 13:35||NIFTY27JAN2624500PE,0.14218702879205225
16-01-2026 13:35||NIFTY27JAN2624900PE,0.11850755006250054
16-01-2026 13:35||NIFTY27JAN2625500CE,0.11730736236128947
16-01-2026 13:35||NIFTY27JAN2626100CE,0.10346262177910631
16-01-2026 13:35||NIFTY27JAN2626400CE,0.10660282688201589
16-01-2026 13:40||NIFTY27JAN2623900PE,0.18555551407588391
16-01-2026 13:40||NIFTY27JAN2624500PE,0.14371365948146747
16-01-2026 13:40||NIFTY27JAN2624700PE,0.13090106954382025
16-01-2026 13:40||NIFTY27JAN2625200CE,0.12706977910514122
16-01-2026 13:40||NIFTY27JAN2625300CE,0.11981103735457414
16-01-2026 13:40||NIFTY27JAN2625900CE,0.10017267887446062
16-01-2026 13:40||NIFTY27JAN2626000CE,0.100263220846796
16-01-2026 13:40||NIFTY27JAN2626200CE,0.10110701450439723
16-01-2026 13:40||NIFTY27JAN2626500CE,0.10691860363211188
16-01-2026 13:45||NIFTY27JAN2623900PE,0.1854070193217241
16-01-2026 13:45||NIFTY27JAN2624100PE,0.1713009562783464
16-01-2026 13:45||NIFTY27JAN2624500PE,0.14289272900105146
16-01-2026 13:50||NIFTY27JAN2624700PE,0.1330372691760423
16-01-2026 13:50||NIFTY27JAN2625900CE,0.09625670244389088
16-01-2026 13:50||NIFTY27JAN2626000CE,0.09726821773197314
16-01-2026 13:55||NIFTY27JAN2623900PE,0.18540456409476844
16-01-2026 13:55||NIFTY27JAN2624200PE,0.16427540133932825
16-01-2026 13:55||NIFTY27JAN2624300PE,0.15712844873537982
16-01-2026 13:55||NIFTY27JAN2625000PE,0.11582145064432058
16-01-2026 13:55||NIFTY27JAN2625700CE,0.10306959045201951
16-01-2026 13:55||NIFTY27JAN2626100CE,0.1009661816712811
16-01-2026 14:00||NIFTY27JAN2624500PE,0.14252206159552472
16-01-2026 14:00||NIFTY27JAN2624900PE,0.12065977388009515
16-01-2026 14:00||NIFTY27JAN2625000PE,0.11689218574380132
16-01-2026 14:00||NIFTY27JAN2625100PE,0.11296022198991845
16-01-2026 14:00||NIFTY27JAN2626000CE,0.09963800113599036
16-01-2026 14:05||NIFTY27JAN2624100PE,0.17204444192355922
16-01-2026 14:05||NIFTY27JAN2625500CE,0.10239573767997558
16-01-2026 14:05||NIFTY27JAN2625800CE,0.09723628474969859
16-01-2026 14:05||NIFTY27JAN2626100CE,0.09871984574293738
16-01-2026 14:10||NIFTY27JAN2624500PE,0.14407947637863494
16-01-2026 14:10||NIFTY27JAN2625100PE,0.11097595002756279
16-01-2026 14:10||NIFTY27JAN2625500CE,0.10869505756087056
16-01-2026 14:10||NIFTY27JAN2626400CE,0.10364648117339353
16-01-2026 14:10||NIFTY27JAN2626500CE,0.10625254607299522
16-01-2026 14:15||NIFTY27JAN2624300PE,0.1572079908683889
16-01-2026 14:15||NIFTY27JAN2624600PE,0.1361686248146682
16-01-2026 14:15||NIFTY27JAN2624900PE,0.11885608542930043
16-01-2026 14:15||NIFTY27JAN2625500CE,0.11040754839629399
16-01-2026 14:20||NIFTY27JAN2624200PE,0.16525958552050898
16-01-2026 14:20||NIFTY27JAN2624800PE,0.12521996644131755
16-01-2026 14:20||NIFTY27JAN2625100PE,0.11056177012195866
16-01-2026 14:20||NIFTY27JAN2626000CE,0.10075552698331511
16-01-2026 14:20||NIFTY27JAN2626300CE,0.1036300411930453
16-01-2026 14:25||NIFTY27JAN2623900PE,0.18861073916941068
16-01-2026 14:25||NIFTY27JAN2624900PE,0.12213966229724875
16-01-2026 14:25||NIFTY27JAN2625100PE,0.11268822327080487
16-01-2026 14:25||NIFTY27JAN2625500CE,0.10039211613080697
16-01-2026 14:25||NIFTY27JAN2626500CE,0.10502886269894188
16-01-2026 14:30||NIFTY27JAN2623800PE,0.19349781422366222
16-01-2026 14:30||NIFTY27JAN2624300PE,0.15763808555080697
16-01-2026 14:30||NIFTY27JAN2626300CE,0.10366543830948363
16-01-2026 14:35||NIFTY27JAN2623800PE,0.1951836317057803
16-01-2026 14:35||NIFTY27JAN2624800PE,0.12665630192394137
16-01-2026 14:35||NIFTY27JAN2624900PE,0.12111523663920885
16-01-2026 14:35||NIFTY27JAN2625000PE,0.11649730590381106
16-01-2026 14:35||NIFTY27JAN2625300CE,0.10072804198160891
16-01-2026 14:35||NIFTY27JAN2625900CE,0.09845445909030712
16-01-2026 14:35||NIFTY27JAN2626100CE,0.0980755635301575
16-01-2026 14:35||NIFTY27JAN2626200CE,0.09875439293124046
16-01-2026 14:35||NIFTY27JAN2626300CE,0.09941279359121069
16-01-2026 14:35||NIFTY27JAN2626500CE,0.10250859986797486
16-01-2026 14:40||NIFTY27JAN2624200PE,0.16597386122005017
16-01-2026 14:40||NIFTY27JAN2624600PE,0.13738778159954854
16-01-2026 14:40||NIFTY27JAN2624900PE,0.12001545278686217
16-01-2026 14:40||NIFTY27JAN2625800CE,0.09930106935705114
16-01-2026 14:40||NIFTY27JAN2626500CE,0.10562934627600487
16-01-2026 14:45||NIFTY27JAN2623900PE,0.18726946677209255
16-01-2026 14:45||NIFTY27JAN2624000PE,0.18079145578975062
16-01-2026 14:45||NIFTY27JAN2624100PE,0.17307492616848355
16-01-2026 14:45||NIFTY27JAN2625000PE,0.11623445466111387
16-01-2026 14:45||NIFTY27JAN2625300CE,0.1095140102297869
16-01-2026 14:45||NIFTY27JAN2625600CE,0.10033877632283714
16-01-2026 14:45||NIFTY27JAN2626300CE,0.10021055844600793
16-01-2026 14:45||NIFTY27JAN2626400CE,0.10210854974421894
16-01-2026 14:50||NIFTY27JAN2623900PE,0.18705055411013796
16-01-2026 14:50||NIFTY27JAN2624100PE,0.17256532708398165
16-01-2026 14:50||NIFTY27JAN2624200PE,0.16513135459872452
16-01-2026 14:50||NIFTY27JAN2624300PE,0.15775199819166116
16-01-2026 14:50||NIFTY27JAN2624700PE,0.13073955699265663
16-01-2026 14:50||NIFTY27JAN2625100PE,0.11148228095944057
16-01-2026 14:55||NIFTY27JAN2624200PE,0.16479376461661444
16-01-2026 14:55||NIFTY27JAN2624900PE,0.12006255058172986
16-01-2026 14:55||NIFTY27JAN2625200CE,0.14039596622251335
16-01-2026 14:55||NIFTY27JAN2625300CE,0.1276042187327718
16-01-2026 14:55||NIFTY27JAN2625600CE,0.10437935426823382
16-01-2026 14:55||NIFTY27JAN2625700CE,0.10100829320618979
16-01-2026 14:55||NIFTY27JAN2625800CE,0.09881085595749219
16-01-2026 15:00||NIFTY27JAN2624000PE,0.1805501175163209
16-01-2026 15:00||NIFTY27JAN2624800PE,0.12681666225787977
16-01-2026 15:00||NIFTY27JAN2624900PE,0.12156921027945548
16-01-2026 15:00||NIFTY27JAN2625500CE,0.1007755428244155
16-01-2026 15:05||NIFTY27JAN2623900PE,0.18620607816542617
16-01-2026 15:05||NIFTY27JAN2624100PE,0.17204397414270492
16-01-2026 15:05||NIFTY27JAN2624200PE,0.16475793802685215
16-01-2026 15:05||NIFTY27JAN2624600PE,0.1369880419482644
16-01-2026 15:05||NIFTY27JAN2624900PE,0.12065638232612869
16-01-2026 15:05||NIFTY27JAN2626200CE,0.09957633130704686
16-01-2026 15:10||NIFTY27JAN2623900PE,0.1850571839206175
16-01-2026 15:10||NIFTY27JAN2624700PE,0.13041024173824964
16-01-2026 15:10||NIFTY27JAN2624800PE,0.12564207364223992
16-01-2026 15:10||NIFTY27JAN2625100PE,0.11278929508582454
16-01-2026 15:10||NIFTY27JAN2625600CE,0.09946079847618182
16-01-2026 15:15||NIFTY27JAN2623800PE,0.19209743671178592
16-01-2026 15:15||NIFTY27JAN2624200PE,0.16399094567133132
16-01-2026 15:15||NIFTY27JAN2624400PE,0.14982964320553316
16-01-2026 15:15||NIFTY27JAN2624500PE,0.1431701403553331
16-01-2026 15:15||NIFTY27JAN2624700PE,0.13023219374695294
16-01-2026 15:15||NIFTY27JAN2624800PE,0.12507000276440697
16-01-2026 15:15||NIFTY27JAN2625000PE,0.11520725690182242
16-01-2026 15:15||NIFTY27JAN2625300CE,0.11940170735556581
16-01-2026 15:15||NIFTY27JAN2625500CE,0.10912246766506306
16-01-2026 15:15||NIFTY27JAN2626000CE,0.10050053086650367
16-01-2026 15:15||NIFTY27JAN2626100CE,0.10042626277795128
16-01-2026 15:15||NIFTY27JAN2626300CE,0.10291307111787393
16-01-2026 15:20||NIFTY27JAN2623900PE,0.18637861508613723
16-01-2026 15:20||NIFTY27JAN2624000PE,0.17990348914748602
16-01-2026 15:20||NIFTY27JAN2624200PE,0.164889390421047
16-01-2026 15:20||NIFTY27JAN2624400PE,0.15049621194435744
16-01-2026 15:20||NIFTY27JAN2624600PE,0.13673952064749628
16-01-2026 15:20||NIFTY27JAN2624800PE,0.12522664667036196
16-01-2026 15:20||NIFTY27JAN2625500CE,0.10844687014026362
16-01-2026 15:20||NIFTY27JAN2625900CE,0.09910355712796773
16-01-2026 15:20||NIFTY27JAN2626100CE,0.09891207950376346
16-01-2026 15:20||NIFTY27JAN2626400CE,0.10281174129921122
16-01-2026 15:20||NIFTY27JAN2626500CE,0.10548501526672122
16-01-2026 15:25||NIFTY27JAN2626400CE,0.10081492469932744
16-01-2026 15:25||NIFTY27JAN2626500CE,0.10363703121102372
19-01-2026 09:15||NIFTY27JAN2624700PE,0.13574355757812895
19-01-2026 09:15||NIFTY27JAN2624900PE,0.12378913414306861
19-01-2026 09:15||NIFTY27JAN2625400CE,0.12710263141469152
19-01-2026 09:15||NIFTY27JAN2625500CE,0.12316807337057392
19-01-2026 09:15||NIFTY27JAN2625900CE,0.11799955290573885
19-01-2026 09:15||NIFTY27JAN2626300CE,0.1266527520713917
19-01-2026 09:15||NIFTY27JAN2626400CE,0.12998981178084254
19-01-2026 09:20||NIFTY27JAN2624600PE,0.1471175932423014
19-01-2026 09:20||NIFTY27JAN2625700CE,0.09873905248528335
19-01-2026 09:20||NIFTY27JAN2626100CE,0.11004900414218889
19-01-2026 09:20||NIFTY27JAN2626400CE,0.12162703677244113
19-01-2026 09:25||NIFTY27JAN2624500PE,0.1523768644704147
19-01-2026 09:25||NIFTY27JAN2625500CE,0.10114745012539672
19-01-2026 09:25||NIFTY27JAN2625600CE,0.10092976720112151
19-01-2026 09:25||NIFTY27JAN2625700CE,0.10196823328315409
19-01-2026 09:25||NIFTY27JAN2626100CE,0.11251166652580663
19-01-2026 09:25||NIFTY27JAN2626200CE,0.11666257346797293
19-01-2026 09:25||NIFTY27JAN2626400CE,0.12533603265763335
19-01-2026 09:30||NIFTY27JAN2623800PE,0.20737334453617803
19-01-2026 09:30||NIFTY27JAN2624000PE,0.1915422802231859
19-01-2026 09:30||NIFTY27JAN2624200PE,0.1744693159581937
19-01-2026 09:30||NIFTY27JAN2624300PE,0.16619336890173256
19-01-2026 09:30||NIFTY27JAN2624400PE,0.15784794751330178
19-01-2026 09:30||NIFTY27JAN2624800PE,0.12816301716327455
19-01-2026 09:30||NIFTY27JAN2625400CE,0.1260938311808042
19-01-2026 09:30||NIFTY27JAN2625800CE,0.11637615387413615
19-01-2026 09:30||NIFTY27JAN2626500CE,0.13432612670727084
19-01-2026 09:35||NIFTY27JAN2624500PE,0.15538782510054353
19-01-2026 09:35||NIFTY27JAN2624800PE,0.13464012044989748
19-01-2026 09:35||NIFTY27JAN2625500CE,0.09849828640352429
19-01-2026 09:35||NIFTY27JAN2625600CE,0.0984978419847979
19-01-2026 09:35||NIFTY27JAN2626200CE,0.1151016776047963
19-01-2026 09:40||NIFTY27JAN2624100PE,0.18351874286999478
19-01-2026 09:40||NIFTY27JAN2624200PE,0.17495638409681027
19-01-2026 09:40||NIFTY27JAN2624400PE,0.15816543013928758
19-01-2026 09:40||NIFTY27JAN2624500PE,0.15012235661525064
19-01-2026 09:40||NIFTY27JAN2624600PE,0.14221178078589825
19-01-2026 09:40||NIFTY27JAN2624900PE,0.12323024317805904
19-01-2026 09:40||NIFTY27JAN2625700CE,0.10905846421058261
19-01-2026 09:40||NIFTY27JAN2626200CE,0.11864710812108753
19-01-2026 09:40||NIFTY27JAN2626300CE,0.12228951270306007
19-01-2026 09:40||NIFTY27JAN2626500CE,0.13114964973554452
19-01-2026 09:45||NIFTY27JAN2623900PE,0.20126252404567035
19-01-2026 09:45||NIFTY27JAN2624000PE,0.1934719040311825
19-01-2026 09:45||NIFTY27JAN2626200CE,0.1177623022664643
19-01-2026 09:50||NIFTY27JAN2623900PE,0.20140192021305342
19-01-2026 09:50||NIFTY27JAN2624700PE,0.13771895157821779
19-01-2026 09:50||NIFTY27JAN2624800PE,0.13192824781046478
19-01-2026 09:50||NIFTY27JAN2625300CE,0.09909094292626455
19-01-2026 09:50||NIFTY27JAN2625900CE,0.10659795650141685
19-01-2026 09:50||NIFTY27JAN2626200CE,0.11678436346323162
19-01-2026 09:55||NIFTY27JAN2624700PE,0.13783245140190772
19-01-2026 09:55||NIFTY27JAN2625400CE,0.10091776238173841
19-01-2026 09:55||NIFTY27JAN2625700CE,0.10175894089834768
19-01-2026 09:55||NIFTY27JAN2626400CE,0.12542053124012525
19-01-2026 10:00||NIFTY27JAN2624400PE,0.15753283567943968
19-01-2026 10:00||NIFTY27JAN2625000PE,0.11956141310678844
19-01-2026 10:00||NIFTY27JAN2625700CE,0.10549883580970114
19-01-2026 10:00||NIFTY27JAN2625900CE,0.10924077307473472
19-01-2026 10:05||NIFTY27JAN2624500PE,0.14807445631697386
19-01-2026 10:05||NIFTY27JAN2624800PE,0.12729054506790927
19-01-2026 10:05||NIFTY27JAN2625200CE,0.1299286869308767
19-01-2026 10:05||NIFTY27JAN2625500CE,0.11296702245187362
19-01-2026 10:05||NIFTY27JAN2626100CE,0.1187397608862212
19-01-2026 10:05||NIFTY27JAN2626200CE,0.12273699033768022
19-01-2026 10:10||NIFTY27JAN2623800PE,0.20851906115305802
19-01-2026 10:10||NIFTY27JAN2624200PE,0.17427273143619437
19-01-2026 10:10||NIFTY27JAN2624400PE,0.15745655326307814
19-01-2026 10:10||NIFTY27JAN2625100PE,0.11593978537254818
19-01-2026 10:15||NIFTY27JAN2624200PE,0.17383395463983237
19-01-2026 10:15||NIFTY27JAN2624400PE,0.15719123105996718
19-01-2026 10:15||NIFTY27JAN2624700PE,0.13498086909757473
19-01-2026 10:15||NIFTY27JAN2624800PE,0.1293433508900693
19-01-2026 10:15||NIFTY27JAN2625100PE,0.11489437538981791
19-01-2026 10:15||NIFTY27JAN2625500CE,0.10817741139581415
19-01-2026 10:15||NIFTY27JAN2625700CE,0.10668955367368362
19-01-2026 10:15||NIFTY27JAN2626200CE,0.12003009784740762
19-01-2026 10:15||NIFTY27JAN2626500CE,0.13480311474351012
19-01-2026 10:20||NIFTY27JAN2623900PE,0.20098660640698798
19-01-2026 10:20||NIFTY27JAN2624100PE,0.1842502594323968
19-01-2026 10:20||NIFTY27JAN2625500CE,0.10537743228788855
19-01-2026 10:20||NIFTY27JAN2626300CE,0.12311343067750176
19-01-2026 10:25||NIFTY27JAN2625400CE,0.10120928378560844
19-01-2026 10:25||NIFTY27JAN2626100CE,0.11411365953911361
19-01-2026 10:25||NIFTY27JAN2626400CE,0.12659795497522164
19-01-2026 10:25||NIFTY27JAN2626500CE,0.1315952761788024
19-01-2026 10:30||NIFTY27JAN2623800PE,0.2076366790963094
19-01-2026 10:30||NIFTY27JAN2623900PE,0.199329611472145
19-01-2026 10:30||NIFTY27JAN2624600PE,0.1423075809591899
19-01-2026 10:30||NIFTY27JAN2624700PE,0.13580674470889767
19-01-2026 10:30||NIFTY27JAN2624800PE,0.13036368154543057
19-01-2026 10:30||NIFTY27JAN2624900PE,0.1250754412923039
19-01-2026 10:30||NIFTY27JAN2626200CE,0.12102446153938655
19-01-2026 10:35||NIFTY27JAN2623800PE,0.2071140717405263
19-01-2026 10:35||NIFTY27JAN2624700PE,0.13637203734104927
19-01-2026 10:35||NIFTY27JAN2624800PE,0.13112735615126328
19-01-2026 10:35||NIFTY27JAN2625000PE,0.12206994081826708
19-01-2026 10:35||NIFTY27JAN2625200CE,0.11266213560367472
19-01-2026 10:35||NIFTY27JAN2626300CE,0.12529448856084793
19-01-2026 10:40||NIFTY27JAN2623800PE,0.20655943600922771
19-01-2026 10:40||NIFTY27JAN2623900PE,0.19819045477520955
19-01-2026 10:40||NIFTY27JAN2624000PE,0.19030641468973566
19-01-2026 10:40||NIFTY27JAN2624700PE,0.13423798535464934
19-01-2026 10:40||NIFTY27JAN2625400CE,0.11593910161657311
19-01-2026 10:40||NIFTY27JAN2625700CE,0.11148160547175394
19-01-2026 10:45||NIFTY27JAN2624000PE,0.1927313432054571
19-01-2026 10:45||NIFTY27JAN2624700PE,0.13739041078054634
19-01-2026 10:45||NIFTY27JAN2625600CE,0.1054742999298103
19-01-2026 10:45||NIFTY27JAN2626200CE,0.11987599128484108
19-01-2026 10:50||NIFTY27JAN2625100PE,0.11555892434553297
19-01-2026 10:50||NIFTY27JAN2625200CE,0.1260745537600071
19-01-2026 10:50||NIFTY27JAN2626200CE,0.12135003578776273
19-01-2026 10:55||NIFTY27JAN2624100PE,0.18295866974808528
19-01-2026 10:55||NIFTY27JAN2624200PE,0.1742829870861464
19-01-2026 10:55||NIFTY27JAN2624500PE,0.14923912806510145
19-01-2026 10:55||NIFTY27JAN2625400CE,0.11819922120941094
19-01-2026 10:55||NIFTY27JAN2625500CE,0.11483070910076336
19-01-2026 10:55||NIFTY27JAN2625900CE,0.1129695153571414
19-01-2026 10:55||NIFTY27JAN2626000CE,0.11553054127021631
19-01-2026 11:00||NIFTY27JAN2623900PE,0.20267410500450286
19-01-2026 11:00||NIFTY27JAN2624400PE,0.1598651925852207
19-01-2026 11:00||NIFTY27JAN2625400CE,0.11386312369225163
19-01-2026 11:00||NIFTY27JAN2625600CE,0.10998191425445332
19-01-2026 11:00||NIFTY27JAN2625700CE,0.10949057177834663
19-01-2026 11:00||NIFTY27JAN2625800CE,0.10978952533534644
19-01-2026 11:00||NIFTY27JAN2626300CE,0.12218049125378135
19-01-2026 11:00||NIFTY27JAN2626500CE,0.1306564956835108
19-01-2026 11:05||NIFTY27JAN2623800PE,0.2105509325492519
19-01-2026 11:05||NIFTY27JAN2623900PE,0.20263312565342623
19-01-2026 11:05||NIFTY27JAN2624200PE,0.17848247143712223
19-01-2026 11:05||NIFTY27JAN2624500PE,0.1549971578891981
19-01-2026 11:05||NIFTY27JAN2625000PE,0.12537057407339622
19-01-2026 11:05||NIFTY27JAN2625600CE,0.09984632551480002
19-01-2026 11:05||NIFTY27JAN2626100CE,0.11108096626601077
19-01-2026 11:10||NIFTY27JAN2624300PE,0.16774261167116206
19-01-2026 11:10||NIFTY27JAN2625800CE,0.1064209944746021
19-01-2026 11:15||NIFTY27JAN2624400PE,0.1602415782429613
19-01-2026 11:15||NIFTY27JAN2624500PE,0.15286798420916398
19-01-2026 11:15||NIFTY27JAN2624600PE,0.14545105092819713
19-01-2026 11:15||NIFTY27JAN2624700PE,0.13891339068973366
19-01-2026 11:15||NIFTY27JAN2624900PE,0.12780362628906508
19-01-2026 11:15||NIFTY27JAN2625100PE,0.11845088152688187
19-01-2026 11:20||NIFTY27JAN2623800PE,0.2065189582243698
19-01-2026 11:20||NIFTY27JAN2624200PE,0.1740003263923779
19-01-2026 11:20||NIFTY27JAN2624300PE,0.16583422575769585
19-01-2026 11:20||NIFTY27JAN2624500PE,0.15020351265157275
19-01-2026 11:20||NIFTY27JAN2624900PE,0.12479786633413713
19-01-2026 11:20||NIFTY27JAN2625400CE,0.11194746969114203
19-01-2026 11:20||NIFTY27JAN2625500CE,0.10919971388701791
19-01-2026 11:20||NIFTY27JAN2625600CE,0.10776577806781207
19-01-2026 11:20||NIFTY27JAN2625700CE,0.1073148679902587
19-01-2026 11:20||NIFTY27JAN2626200CE,0.12080801863201474
19-01-2026 11:20||NIFTY27JAN2626300CE,0.12539241848649438
19-01-2026 11:20||NIFTY27JAN2626500CE,0.13605877422698853
19-01-2026 11:25||NIFTY27JAN2624900PE,0.12501180048231167
19-01-2026 11:25||NIFTY27JAN2625300CE,0.11720405239106099
19-01-2026 11:25||NIFTY27JAN2625400CE,0.11254244103364085
19-01-2026 11:30||NIFTY27JAN2624100PE,0.1833102269172459
19-01-2026 11:30||NIFTY27JAN2624600PE,0.14341565319085403
19-01-2026 11:30||NIFTY27JAN2624900PE,0.1250905680370244
19-01-2026 11:30||NIFTY27JAN2625000PE,0.12033304311675978
19-01-2026 11:30||NIFTY27JAN2625500CE,0.11044830668388819
19-01-2026 11:30||NIFTY27JAN2625700CE,0.10903318708671335
19-01-2026 11:30||NIFTY27JAN2626500CE,0.13300856876823655
19-01-2026 11:35||NIFTY27JAN2623900PE,0.19929185829647822
19-01-2026 11:35||NIFTY27JAN2624600PE,0.14272215380285938
19-01-2026 11:35||NIFTY27JAN2625800CE,0.11113721531750086
19-01-2026 11:35||NIFTY27JAN2626000CE,0.11337722375365765
19-01-2026 11:35||NIFTY27JAN2626200CE,0.1175548574974945
19-01-2026 11:35||NIFTY27JAN2626300CE,0.12051637778351867
19-01-2026 11:35||NIFTY27JAN2626400CE,0.12383640469980738
19-01-2026 11:35||NIFTY27JAN2626500CE,0.1281362158654377
19-01-2026 11:40||NIFTY27JAN2623800PE,0.20972963894304814
19-01-2026 11:40||NIFTY27JAN2624100PE,0.18473808963638044
19-01-2026 11:40||NIFTY27JAN2624200PE,0.17622060056706304
19-01-2026 11:40||NIFTY27JAN2624400PE,0.15952990060333289
19-01-2026 11:40||NIFTY27JAN2624500PE,0.15159042364141975
19-01-2026 11:40||NIFTY27JAN2625100PE,0.11546820254151856
19-01-2026 11:45||NIFTY27JAN2624300PE,0.16829547820874835
19-01-2026 11:45||NIFTY27JAN2625400CE,0.11067259049508982
19-01-2026 11:50||NIFTY27JAN2624600PE,0.14498388712704716
19-01-2026 11:50||NIFTY27JAN2625200CE,0.12189126056229443
19-01-2026 11:50||NIFTY27JAN2626300CE,0.1223385499716161
19-01-2026 11:55||NIFTY27JAN2623800PE,0.2087219136070529
19-01-2026 11:55||NIFTY27JAN2624300PE,0.16876896992888824
19-01-2026 11:55||NIFTY27JAN2624500PE,0.15325652525323918
19-01-2026 11:55||NIFTY27JAN2624600PE,0.14567419433836423
19-01-2026 11:55||NIFTY27JAN2624700PE,0.13894927673994495
19-01-2026 11:55||NIFTY27JAN2625900CE,0.10639698070845229
19-01-2026 11:55||NIFTY27JAN2626200CE,0.11731057079836481
19-01-2026 12:00||NIFTY27JAN2624200PE,0.1755788495093384
19-01-2026 12:00||NIFTY27JAN2624300PE,0.1675077513909396
19-01-2026 12:00||NIFTY27JAN2624400PE,0.15959061895148471
19-01-2026 12:00||NIFTY27JAN2624500PE,0.15204712619285907
19-01-2026 12:00||NIFTY27JAN2624700PE,0.13788127205395947
19-01-2026 12:00||NIFTY27JAN2625000PE,0.12207935836524658
19-01-2026 12:00||NIFTY27JAN2626100CE,0.11429593661838636
19-01-2026 12:00||NIFTY27JAN2626500CE,0.1330285440116995
19-01-2026 12:05||NIFTY27JAN2623900PE,0.20033197559129123
19-01-2026 12:05||NIFTY27JAN2624400PE,0.16036513498829125
19-01-2026 12:05||NIFTY27JAN2624500PE,0.15275550899196655
19-01-2026 12:05||NIFTY27JAN2625200CE,0.11569351386131915
19-01-2026 12:05||NIFTY27JAN2625400CE,0.10679006472091143
19-01-2026 12:05||NIFTY27JAN2625500CE,0.10506642094794232
19-01-2026 12:05||NIFTY27JAN2625700CE,0.10438164732624337
19-01-2026 12:05||NIFTY27JAN2626100CE,0.11471612641025225
19-01-2026 12:05||NIFTY27JAN2626200CE,0.11910690575002311
19-01-2026 12:05||NIFTY27JAN2626400CE,0.12860198005528517
19-01-2026 12:05||NIFTY27JAN2626500CE,0.13436233513929235
19-01-2026 12:10||NIFTY27JAN2623900PE,0.2007193710062686
19-01-2026 12:10||NIFTY27JAN2625600CE,0.10878577103169543
19-01-2026 12:10||NIFTY27JAN2626400CE,0.128859887734628
19-01-2026 12:15||NIFTY27JAN2623900PE,0.20022279919522315
19-01-2026 12:15||NIFTY27JAN2624100PE,0.18422130684110338
19-01-2026 12:15||NIFTY27JAN2624300PE,0.16783137673234697
19-01-2026 12:20||NIFTY27JAN2623800PE,0.21047490600416488
19-01-2026 12:20||NIFTY27JAN2624400PE,0.16172984219498873
19-01-2026 12:20||NIFTY27JAN2625100PE,0.11723478396622906
19-01-2026 12:20||NIFTY27JAN2625300CE,0.10860615707075584
19-01-2026 12:20||NIFTY27JAN2626200CE,0.1161496439570452
19-01-2026 12:25||NIFTY27JAN2623800PE,0.20938833880952987
19-01-2026 12:25||NIFTY27JAN2625700CE,0.1051604374711857
19-01-2026 12:25||NIFTY27JAN2626500CE,0.13223633158882725
19-01-2026 12:30||NIFTY27JAN2623900PE,0.20095844909507748
19-01-2026 12:30||NIFTY27JAN2624300PE,0.16831268158861953
19-01-2026 12:30||NIFTY27JAN2624500PE,0.1523719958476049
19-01-2026 12:30||NIFTY27JAN2625000PE,0.12078832435591234
19-01-2026 12:30||NIFTY27JAN2625400CE,0.10693459440772438
19-01-2026 12:30||NIFTY27JAN2626500CE,0.1332116646364703
19-01-2026 12:35||NIFTY27JAN2624100PE,0.1843351644087458
19-01-2026 12:35||NIFTY27JAN2624200PE,0.17612401340898062
19-01-2026 12:35||NIFTY27JAN2624400PE,0.1600084249020938
19-01-2026 12:35||NIFTY27JAN2624700PE,0.13794518547377582
19-01-2026 12:35||NIFTY27JAN2625000PE,0.12167932546091893
19-01-2026 12:35||NIFTY27JAN2625300CE,0.1100844078994524
19-01-2026 12:40||NIFTY27JAN2623800PE,0.2082055467463135
19-01-2026 12:40||NIFTY27JAN2625700CE,0.10880221190213742
19-01-2026 12:40||NIFTY27JAN2625800CE,0.10949581714721389
19-01-2026 12:40||NIFTY27JAN2626400CE,0.12968966699327522
19-01-2026 12:45||NIFTY27JAN2626000CE,0.11149431076894836
19-01-2026 12:45||NIFTY27JAN2626100CE,0.11463790116829249
19-01-2026 12:45||NIFTY27JAN2626400CE,0.12812502539797818
19-01-2026 12:50||NIFTY27JAN2623800PE,0.20809122907403774
19-01-2026 12:50||NIFTY27JAN2624200PE,0.1746076069091647
19-01-2026 12:50||NIFTY27JAN2625900CE,0.11154152988661391
19-01-2026 12:50||NIFTY27JAN2626500CE,0.13361912641457468
19-01-2026 12:55||NIFTY27JAN2623900PE,0.20291424946417927
19-01-2026 12:55||NIFTY27JAN2624100PE,0.18648271113666454
19-01-2026 12:55||NIFTY27JAN2624300PE,0.1697529852993773
19-01-2026 12:55||NIFTY27JAN2624400PE,0.1614843805377744
19-01-2026 12:55||NIFTY27JAN2624500PE,0.15352141422241497
19-01-2026 12:55||NIFTY27JAN2624700PE,0.13854771192581264
19-01-2026 12:55||NIFTY27JAN2625100PE,0.11611646312333898
19-01-2026 12:55||NIFTY27JAN2625700CE,0.10551477679365104
19-01-2026 12:55||NIFTY27JAN2626000CE,0.1111519706800819
19-01-2026 13:00||NIFTY27JAN2623900PE,0.2050823219804166
19-01-2026 13:00||NIFTY27JAN2624000PE,0.19726760595085913
19-01-2026 13:00||NIFTY27JAN2624400PE,0.16314834937067474
19-01-2026 13:00||NIFTY27JAN2624700PE,0.13990149524000728
19-01-2026 13:00||NIFTY27JAN2625400CE,0.10648959511264834
19-01-2026 13:00||NIFTY27JAN2625600CE,0.10436909660991868
19-01-2026 13:00||NIFTY27JAN2625900CE,0.10753316372585867
19-01-2026 13:00||NIFTY27JAN2626200CE,0.11701479554877872
19-01-2026 13:00||NIFTY27JAN2626500CE,0.13020898162712988
19-01-2026 13:05||NIFTY27JAN2624600PE,0.1474143873199524
19-01-2026 13:05||NIFTY27JAN2625100PE,0.11703448950799529
19-01-2026 13:05||NIFTY27JAN2625700CE,0.10300406764189893
19-01-2026 13:10||NIFTY27JAN2623800PE,0.2148611389288872
19-01-2026 13:10||NIFTY27JAN2623900PE,0.2063832935745494
19-01-2026 13:10||NIFTY27JAN2624400PE,0.16329982527030515
19-01-2026 13:10||NIFTY27JAN2624500PE,0.1551068897410195
19-01-2026 13:10||NIFTY27JAN2624600PE,0.1470611451109621
19-01-2026 13:10||NIFTY27JAN2626200CE,0.11615552939715287
19-01-2026 13:10||NIFTY27JAN2626300CE,0.12068510648335205
19-01-2026 13:15||NIFTY27JAN2625800CE,0.10839877873820729
19-01-2026 13:20||NIFTY27JAN2624400PE,0.16263183708481352
19-01-2026 13:20||NIFTY27JAN2624800PE,0.13305002509199565
19-01-2026 13:20||NIFTY27JAN2624900PE,0.12704120365321472
19-01-2026 13:20||NIFTY27JAN2625000PE,0.12202281537071878
19-01-2026 13:20||NIFTY27JAN2625200CE,0.11447030801343257
19-01-2026 13:20||NIFTY27JAN2625400CE,0.1047711646295198
19-01-2026 13:25||NIFTY27JAN2623900PE,0.2049529228634726
19-01-2026 13:25||NIFTY27JAN2625000PE,0.12018582307504026
19-01-2026 13:25||NIFTY27JAN2625300CE,0.11094651180931449
19-01-2026 13:25||NIFTY27JAN2625400CE,0.10688540922853892
19-01-2026 13:25||NIFTY27JAN2625900CE,0.10733975798547889
19-01-2026 13:25||NIFTY27JAN2626200CE,0.11779962911407471
19-01-2026 13:25||NIFTY27JAN2626500CE,0.1323031558125003
19-01-2026 13:30||NIFTY27JAN2624300PE,0.16979446613306368
19-01-2026 13:30||NIFTY27JAN2624900PE,0.1249064001684294
19-01-2026 13:30||NIFTY27JAN2625100PE,0.11408872219135818
19-01-2026 13:30||NIFTY27JAN2625800CE,0.10760146558266191
19-01-2026 13:30||NIFTY27JAN2626100CE,0.11421405890734604
19-01-2026 13:30||NIFTY27JAN2626300CE,0.12191129116120852
19-01-2026 13:30||NIFTY27JAN2626500CE,0.1315128453128754
19-01-2026 13:35||NIFTY27JAN2624400PE,0.16356809719093868
19-01-2026 13:35||NIFTY27JAN2624900PE,0.12736383252420788
19-01-2026 13:35||NIFTY27JAN2626200CE,0.11633202743919249
19-01-2026 13:35||NIFTY27JAN2626400CE,0.12479879696262448
19-01-2026 13:40||NIFTY27JAN2624800PE,0.13485758508684112
19-01-2026 13:40||NIFTY27JAN2625300CE,0.10007735830031832
19-01-2026 13:40||NIFTY27JAN2625400CE,0.09989531976420239
19-01-2026 13:40||NIFTY27JAN2625600CE,0.09952344827347201
19-01-2026 13:40||NIFTY27JAN2625800CE,0.10216159575136842
19-01-2026 13:40||NIFTY27JAN2625900CE,0.10454814644723393
19-01-2026 13:45||NIFTY27JAN2624300PE,0.16853085725334305
19-01-2026 13:45||NIFTY27JAN2624700PE,0.13543940965894788
19-01-2026 13:45||NIFTY27JAN2625100PE,0.10948026599979356
19-01-2026 13:45||NIFTY27JAN2625500CE,0.11837836185139317
19-01-2026 13:45||NIFTY27JAN2626500CE,0.13123067928075793
19-01-2026 13:50||NIFTY27JAN2623900PE,0.20542127377234395
19-01-2026 13:50||NIFTY27JAN2624200PE,0.1810557315783242
19-01-2026 13:50||NIFTY27JAN2625100PE,0.11563664173076024
19-01-2026 13:50||NIFTY27JAN2625400CE,0.11334522798666216
19-01-2026 13:50||NIFTY27JAN2625700CE,0.10620489198872311
19-01-2026 13:50||NIFTY27JAN2626200CE,0.1149612045076549
19-01-2026 13:55||NIFTY27JAN2624500PE,0.15904265622252609
19-01-2026 13:55||NIFTY27JAN2624600PE,0.15073204370508755
19-01-2026 13:55||NIFTY27JAN2625600CE,0.10193719343193616
19-01-2026 13:55||NIFTY27JAN2625700CE,0.10176407568432776
19-01-2026 13:55||NIFTY27JAN2625800CE,0.10235358971974504
19-01-2026 13:55||NIFTY27JAN2625900CE,0.10378544636726529
19-01-2026 13:55||NIFTY27JAN2626200CE,0.11207524101816019
19-01-2026 14:00||NIFTY27JAN2624100PE,0.19311364140417644
19-01-2026 14:00||NIFTY27JAN2624600PE,0.14999774842634248
19-01-2026 14:00||NIFTY27JAN2625300CE,0.12054884358840592
19-01-2026 14:00||NIFTY27JAN2625800CE,0.11011854360303906
19-01-2026 14:00||NIFTY27JAN2625900CE,0.11034107347659726
19-01-2026 14:00||NIFTY27JAN2626100CE,0.1127959350104081
19-01-2026 14:05||NIFTY27JAN2623800PE,0.21990358144400385
19-01-2026 14:05||NIFTY27JAN2624200PE,0.18657001205365997
19-01-2026 14:05||NIFTY27JAN2624500PE,0.16097861021246898
19-01-2026 14:05||NIFTY27JAN2625000PE,0.12497989990377023
19-01-2026 14:05||NIFTY27JAN2625400CE,0.10623281274217326
19-01-2026 14:05||NIFTY27JAN2626500CE,0.12104114476983142
19-01-2026 14:10||NIFTY27JAN2624400PE,0.16935090432287575
19-01-2026 14:10||NIFTY27JAN2624500PE,0.16078758495471002
19-01-2026 14:10||NIFTY27JAN2625100PE,0.11902297904776359
19-01-2026 14:10||NIFTY27JAN2625200CE,0.10521329760426715
19-01-2026 14:10||NIFTY27JAN2626100CE,0.10498600333008257
19-01-2026 14:15||NIFTY27JAN2623800PE,0.21705160650062277
19-01-2026 14:15||NIFTY27JAN2624100PE,0.19245353825706862
19-01-2026 14:15||NIFTY27JAN2624200PE,0.1837986577828475
19-01-2026 14:15||NIFTY27JAN2624500PE,0.157917900041648
19-01-2026 14:15||NIFTY27JAN2624700PE,0.14118861328616894
19-01-2026 14:15||NIFTY27JAN2624800PE,0.13404524206877524
19-01-2026 14:15||NIFTY27JAN2625100PE,0.11356251471192902
19-01-2026 14:15||NIFTY27JAN2626400CE,0.11971895781251526
19-01-2026 14:20||NIFTY27JAN2624200PE,0.18535673818924192
19-01-2026 14:20||NIFTY27JAN2624500PE,0.15961105561157626
19-01-2026 14:20||NIFTY27JAN2625800CE,0.10319594552874632
19-01-2026 14:20||NIFTY27JAN2626000CE,0.10618267634083843
19-01-2026 14:25||NIFTY27JAN2624000PE,0.20227686042530074
19-01-2026 14:25||NIFTY27JAN2625100PE,0.11887218114846272
19-01-2026 14:25||NIFTY27JAN2625700CE,0.09816564098900765
19-01-2026 14:25||NIFTY27JAN2625900CE,0.10032149574631993
19-01-2026 14:25||NIFTY27JAN2626000CE,0.10291515940995451
19-01-2026 14:25||NIFTY27JAN2626500CE,0.12016971136810392
19-01-2026 14:30||NIFTY27JAN2624100PE,0.19278340652037926
19-01-2026 14:30||NIFTY27JAN2624300PE,0.1758048104809481
19-01-2026 14:30||NIFTY27JAN2624700PE,0.1429150506913834
19-01-2026 14:30||NIFTY27JAN2624800PE,0.1362623647629835
19-01-2026 14:30||NIFTY27JAN2625000PE,0.12375660161559864
19-01-2026 14:35||NIFTY27JAN2623800PE,0.21701551564220453
19-01-2026 14:35||NIFTY27JAN2624300PE,0.1753220273759722
19-01-2026 14:35||NIFTY27JAN2625000PE,0.12290619642427307
19-01-2026 14:35||NIFTY27JAN2625800CE,0.10540423297693198
19-01-2026 14:35||NIFTY27JAN2626100CE,0.10919347839015288
19-01-2026 14:35||NIFTY27JAN2626300CE,0.11484933178316331
19-01-2026 14:35||NIFTY27JAN2626400CE,0.11817017382035996
19-01-2026 14:40||NIFTY27JAN2624000PE,0.20236584165598107
19-01-2026 14:40||NIFTY27JAN2624300PE,0.17680734288047312
19-01-2026 14:40||NIFTY27JAN2624700PE,0.14412441132292142
19-01-2026 14:40||NIFTY27JAN2625200CE,0.11670512558232014
19-01-2026 14:45||NIFTY27JAN2623900PE,0.21134785747033602
19-01-2026 14:45||NIFTY27JAN2624100PE,0.19462650732088385
19-01-2026 14:45||NIFTY27JAN2624400PE,0.16884321979677722
19-01-2026 14:45||NIFTY27JAN2624600PE,0.1521224147771473
19-01-2026 14:45||NIFTY27JAN2624800PE,0.13784177378785656
19-01-2026 14:45||NIFTY27JAN2625800CE,0.10105447631667544
19-01-2026 14:45||NIFTY27JAN2626000CE,0.1044606592066382
19-01-2026 14:50||NIFTY27JAN2624000PE,0.20394295801662068
19-01-2026 14:50||NIFTY27JAN2624200PE,0.18676739239952775
19-01-2026 14:50||NIFTY27JAN2624500PE,0.1612920933950992
19-01-2026 14:50||NIFTY27JAN2625100PE,0.11856194835654592
19-01-2026 14:50||NIFTY27JAN2625700CE,0.10138318606047567
19-01-2026 14:55||NIFTY27JAN2623800PE,0.22201359317758385
19-01-2026 14:55||NIFTY27JAN2624400PE,0.17095863525206312
19-01-2026 14:55||NIFTY27JAN2625300CE,0.10424459854483498
19-01-2026 14:55||NIFTY27JAN2625400CE,0.10115346830728392
19-01-2026 14:55||NIFTY27JAN2626000CE,0.10262864353178863
19-01-2026 14:55||NIFTY27JAN2626100CE,0.10481931816054213
19-01-2026 15:00||NIFTY27JAN2624300PE,0.18078774704768644
19-01-2026 15:00||NIFTY27JAN2625000PE,0.12891420973059825
19-01-2026 15:00||NIFTY27JAN2625600CE,0.08920436691116368
19-01-2026 15:00||NIFTY27JAN2626000CE,0.09921709371901632
19-01-2026 15:00||NIFTY27JAN2626300CE,0.10866471093946425
19-01-2026 15:05||NIFTY27JAN2623900PE,0.20962240175166966
19-01-2026 15:05||NIFTY27JAN2625700CE,0.0947982377460338
19-01-2026 15:05||NIFTY27JAN2626000CE,0.10086235343751758
19-01-2026 15:05||NIFTY27JAN2626400CE,0.11415310396140392
19-01-2026 15:10||NIFTY27JAN2624100PE,0.19326324124684796
19-01-2026 15:10||NIFTY27JAN2624300PE,0.17662022478304193
19-01-2026 15:10||NIFTY27JAN2624800PE,0.13852276560444257
19-01-2026 15:10||NIFTY27JAN2625800CE,0.09778714406893256
19-01-2026 15:10||NIFTY27JAN2626100CE,0.10501070046859688
19-01-2026 15:15||NIFTY27JAN2624200PE,0.185341549936255
19-01-2026 15:15||NIFTY27JAN2624400PE,0.1687111852900919
19-01-2026 15:15||NIFTY27JAN2624500PE,0.16070775225538964
19-01-2026 15:15||NIFTY27JAN2624600PE,0.1527357316874941
19-01-2026 15:15||NIFTY27JAN2624700PE,0.1455539232827898
19-01-2026 15:15||NIFTY27JAN2625300CE,0.08177558828156274
19-01-2026 15:15||NIFTY27JAN2625400CE,0.08609962472152267
19-01-2026 15:15||NIFTY27JAN2626200CE,0.10728028467647603
19-01-2026 15:20||NIFTY27JAN2624500PE,0.15704634323322916
19-01-2026 15:20||NIFTY27JAN2625200CE,0.10183285475224359
19-01-2026 15:20||NIFTY27JAN2625800CE,0.09691836311514455
19-01-2026 15:20||NIFTY27JAN2626400CE,0.11652856864096534
19-01-2026 15:20||NIFTY27JAN2626500CE,0.12150078110116999
19-01-2026 15:25||NIFTY27JAN2624300PE,0.17354632804237247
19-01-2026 15:25||NIFTY27JAN2624400PE,0.16541933234822803
19-01-2026 15:25||NIFTY27JAN2624700PE,0.14281513327434994
19-01-2026 15:25||NIFTY27JAN2625800CE,0.09602532881460304
19-01-2026 15:25||NIFTY27JAN2626300CE,0.11372588144179305
20-01-2026 09:15||NIFTY27JAN2623900PE,0.208174115747762
20-01-2026 09:15||NIFTY27JAN2624000PE,0.20059313382441907
20-01-2026 09:15||NIFTY27JAN2624100PE,0.19192671875577474
20-01-2026 09:15||NIFTY27JAN2624400PE,0.1671018187373916
20-01-2026 09:15||NIFTY27JAN2624600PE,0.15131416766804176
20-01-2026 09:15||NIFTY27JAN2625200CE,0.11537313248140679
20-01-2026 09:15||NIFTY27JAN2625500CE,0.10224920317348746
20-01-2026 09:15||NIFTY27JAN2626200CE,0.11530052118843692
20-01-2026 09:15||NIFTY27JAN2626300CE,0.1198998789041993
20-01-2026 09:15||NIFTY27JAN2626400CE,0.12475483568346758
20-01-2026 09:20||NIFTY27JAN2623800PE,0.2136767989810445
20-01-2026 09:20||NIFTY27JAN2624000PE,0.1987769917557678
20-01-2026 09:20||NIFTY27JAN2624700PE,0.1452745829914137
20-01-2026 09:20||NIFTY27JAN2625200CE,0.08685515059812038
20-01-2026 09:20||NIFTY27JAN2625400CE,0.08956000415094482
20-01-2026 09:20||NIFTY27JAN2625500CE,0.09073042286152594
20-01-2026 09:20||NIFTY27JAN2625800CE,0.09641294312918897
20-01-2026 09:20||NIFTY27JAN2626300CE,0.11815137926532873
20-01-2026 09:20||NIFTY27JAN2626500CE,0.12914943204284487
20-01-2026 09:25||NIFTY27JAN2623900PE,0.20277691264730785
20-01-2026 09:25||NIFTY27JAN2625000PE,0.12538866143926755
20-01-2026 09:25||NIFTY27JAN2625400CE,0.10204929483312396
20-01-2026 09:30||NIFTY27JAN2623900PE,0.2021371502837615
20-01-2026 09:30||NIFTY27JAN2624400PE,0.16008423525276033
20-01-2026 09:30||NIFTY27JAN2624800PE,0.13192389240839233
20-01-2026 09:30||NIFTY27JAN2625700CE,0.10755748036018141
20-01-2026 09:30||NIFTY27JAN2626100CE,0.11899308513640822
20-01-2026 09:30||NIFTY27JAN2626300CE,0.12888493675777674
20-01-2026 09:35||NIFTY27JAN2624500PE,0.1534491813717199
20-01-2026 09:35||NIFTY27JAN2625200CE,0.11165201684385992
20-01-2026 09:35||NIFTY27JAN2625700CE,0.10443595999072114
20-01-2026 09:35||NIFTY27JAN2625800CE,0.10662676426818493
20-01-2026 09:35||NIFTY27JAN2626200CE,0.12396436853778736
20-01-2026 09:40||NIFTY27JAN2623800PE,0.2130533176083924
20-01-2026 09:40||NIFTY27JAN2624100PE,0.18683414285829758
20-01-2026 09:40||NIFTY27JAN2625000PE,0.12178177595894794
20-01-2026 09:40||NIFTY27JAN2625900CE,0.1160080639886714
20-01-2026 09:40||NIFTY27JAN2626100CE,0.12335048956882946
20-01-2026 09:40||NIFTY27JAN2626200CE,0.12807172434479988
20-01-2026 09:40||NIFTY27JAN2626400CE,0.13830952201317798
20-01-2026 09:45||NIFTY27JAN2624800PE,0.1332149033440153
20-01-2026 09:45||NIFTY27JAN2625500CE,0.10986731310240865
20-01-2026 09:45||NIFTY27JAN2626200CE,0.127592599325758
20-01-2026 09:45||NIFTY27JAN2626300CE,0.13298641938362396
20-01-2026 09:50||NIFTY27JAN2624100PE,0.1888660755932965
20-01-2026 09:50||NIFTY27JAN2624800PE,0.13595067091521992
20-01-2026 09:50||NIFTY27JAN2625100PE,0.12410394307673964
20-01-2026 09:50||NIFTY27JAN2625200CE,0.10783520623696069
20-01-2026 09:55||NIFTY27JAN2623900PE,0.20404651656375805
20-01-2026 09:55||NIFTY27JAN2624100PE,0.18592825933383647
20-01-2026 09:55||NIFTY27JAN2625000PE,0.1227141344461173
20-01-2026 10:00||NIFTY27JAN2623900PE,0.2060343789992668
20-01-2026 10:00||NIFTY27JAN2624600PE,0.14499546321390222
20-01-2026 10:00||NIFTY27JAN2624700PE,0.13823462070402692
20-01-2026 10:00||NIFTY27JAN2625200CE,0.12576791024186013
20-01-2026 10:00||NIFTY27JAN2625400CE,0.113213479924887
20-01-2026 10:00||NIFTY27JAN2625700CE,0.11005443940913169
20-01-2026 10:00||NIFTY27JAN2626000CE,0.11835093249984144
20-01-2026 10:00||NIFTY27JAN2626200CE,0.12734348348410196
20-01-2026 10:05||NIFTY27JAN2626100CE,0.12178726972359091
20-01-2026 10:05||NIFTY27JAN2626200CE,0.1261345729096729
20-01-2026 10:05||NIFTY27JAN2626500CE,0.1415125145294737
20-01-2026 10:10||NIFTY27JAN2624900PE,0.13007985403289404
20-01-2026 10:10||NIFTY27JAN2625100PE,0.12203777550252971
20-01-2026 10:10||NIFTY27JAN2626500CE,0.13918757766025244
20-01-2026 10:15||NIFTY27JAN2624000PE,0.1952729744131841
20-01-2026 10:15||NIFTY27JAN2625800CE,0.1131277955738536
20-01-2026 10:15||NIFTY27JAN2626300CE,0.13127368034460743
20-01-2026 10:20||NIFTY27JAN2624100PE,0.18767963364214318
20-01-2026 10:20||NIFTY27JAN2625700CE,0.10524326905761025
20-01-2026 10:20||NIFTY27JAN2626000CE,0.11394374821570676
20-01-2026 10:25||NIFTY27JAN2623800PE,0.2149057901343459
20-01-2026 10:25||NIFTY27JAN2624700PE,0.13929139148520267
20-01-2026 10:25||NIFTY27JAN2625000PE,0.12390061897880283
20-01-2026 10:25||NIFTY27JAN2625800CE,0.10671322829222778
20-01-2026 10:25||NIFTY27JAN2626200CE,0.121356042382468
20-01-2026 10:25||NIFTY27JAN2626400CE,0.1311030820836323
20-01-2026 10:30||NIFTY27JAN2623900PE,0.2061770942667092
20-01-2026 10:30||NIFTY27JAN2624000PE,0.1977431750550894
20-01-2026 10:30||NIFTY27JAN2624300PE,0.17028628491855763
20-01-2026 10:30||NIFTY27JAN2624600PE,0.14548571378010414
20-01-2026 10:30||NIFTY27JAN2625500CE,0.10602056234257516
20-01-2026 10:30||NIFTY27JAN2625700CE,0.10618756577649084
20-01-2026 10:30||NIFTY27JAN2625800CE,0.10789360060034987
20-01-2026 10:35||NIFTY27JAN2624300PE,0.1689333723235094
20-01-2026 10:35||NIFTY27JAN2624700PE,0.1363725563177064
20-01-2026 10:35||NIFTY27JAN2625200CE,0.13623625311497775
20-01-2026 10:35||NIFTY27JAN2625400CE,0.11805991919740082
20-01-2026 10:35||NIFTY27JAN2625900CE,0.11342033615443291
20-01-2026 10:40||NIFTY27JAN2624000PE,0.19885424657209452
20-01-2026 10:40||NIFTY27JAN2624300PE,0.17107345393253545
20-01-2026 10:40||NIFTY27JAN2625800CE,0.10599778841192513
20-01-2026 10:40||NIFTY27JAN2626000CE,0.11245880451636571
20-01-2026 10:45||NIFTY27JAN2624900PE,0.126132928183134
20-01-2026 10:45||NIFTY27JAN2625900CE,0.11035299975117416
20-01-2026 10:45||NIFTY27JAN2626200CE,0.12172814523410291
20-01-2026 10:45||NIFTY27JAN2626400CE,0.1312580916155281
20-01-2026 10:50||NIFTY27JAN2623800PE,0.2164546385886042
20-01-2026 10:50||NIFTY27JAN2624100PE,0.18903813883832613
20-01-2026 10:50||NIFTY27JAN2625300CE,0.10399115261140049
20-01-2026 10:50||NIFTY27JAN2626200CE,0.12153796265179158
20-01-2026 10:55||NIFTY27JAN2624200PE,0.1789734127276712
20-01-2026 10:55||NIFTY27JAN2624500PE,0.15273361026325508
20-01-2026 10:55||NIFTY27JAN2624600PE,0.1446400990018924
20-01-2026 10:55||NIFTY27JAN2624700PE,0.13771914472591829
20-01-2026 10:55||NIFTY27JAN2624800PE,0.13191200347745846
20-01-2026 10:55||NIFTY27JAN2625300CE,0.10792528858776362
20-01-2026 10:55||NIFTY27JAN2625400CE,0.10598383233961885
20-01-2026 10:55||NIFTY27JAN2625900CE,0.11049843701954425
20-01-2026 10:55||NIFTY27JAN2626400CE,0.13285911884419874
20-01-2026 11:00||NIFTY27JAN2623800PE,0.21485922048034223
20-01-2026 11:00||NIFTY27JAN2624000PE,0.19715687454302352
20-01-2026 11:00||NIFTY27JAN2624400PE,0.16044048031606373
20-01-2026 11:00||NIFTY27JAN2625300CE,0.10707949844235654
20-01-2026 11:05||NIFTY27JAN2623800PE,0.2143940141695111
20-01-2026 11:05||NIFTY27JAN2624400PE,0.1599816937227557
20-01-2026 11:05||NIFTY27JAN2624500PE,0.1516392402027569
20-01-2026 11:05||NIFTY27JAN2625400CE,0.10477801175329533
20-01-2026 11:05||NIFTY27JAN2625500CE,0.10370592607627495
20-01-2026 11:05||NIFTY27JAN2625800CE,0.1065801011753313
20-01-2026 11:05||NIFTY27JAN2626300CE,0.1292758382863983
20-01-2026 11:10||NIFTY27JAN2624500PE,0.1505175399190037
20-01-2026 11:10||NIFTY27JAN2624900PE,0.1249578174707667
20-01-2026 11:10||NIFTY27JAN2625200CE,0.118121631982735
20-01-2026 11:10||NIFTY27JAN2625600CE,0.10498323987716626
20-01-2026 11:15||NIFTY27JAN2623800PE,0.21132438232463427
20-01-2026 11:15||NIFTY27JAN2624300PE,0.16612462268612047
20-01-2026 11:15||NIFTY27JAN2624700PE,0.13446174220386425
20-01-2026 11:15||NIFTY27JAN2625000PE,0.11927761562476207
20-01-2026 11:15||NIFTY27JAN2625300CE,0.11512671650407175
20-01-2026 11:15||NIFTY27JAN2625600CE,0.10641718596944923
20-01-2026 11:20||NIFTY27JAN2624500PE,0.14910842315952794
20-01-2026 11:20||NIFTY27JAN2625700CE,0.10740041251368422
20-01-2026 11:20||NIFTY27JAN2626200CE,0.12486346664635775
20-01-2026 11:25||NIFTY27JAN2624000PE,0.19331984888815562
20-01-2026 11:25||NIFTY27JAN2624300PE,0.16562630464621933
20-01-2026 11:25||NIFTY27JAN2624900PE,0.12129057628798078
20-01-2026 11:25||NIFTY27JAN2625200CE,0.1470596348478949
20-01-2026 11:25||NIFTY27JAN2625300CE,0.1328267536790112
20-01-2026 11:25||NIFTY27JAN2625700CE,0.1086409766163986
20-01-2026 11:25||NIFTY27JAN2626100CE,0.11955019858419522
20-01-2026 11:30||NIFTY27JAN2623900PE,0.20394462687212034
20-01-2026 11:30||NIFTY27JAN2624200PE,0.17654726665035247
20-01-2026 11:30||NIFTY27JAN2624900PE,0.12403854709548612
20-01-2026 11:30||NIFTY27JAN2625200CE,0.11876849443385656
20-01-2026 11:30||NIFTY27JAN2625700CE,0.10601737268988294
20-01-2026 11:30||NIFTY27JAN2625800CE,0.10778707900329439
20-01-2026 11:30||NIFTY27JAN2626000CE,0.11480224535480384
20-01-2026 11:35||NIFTY27JAN2623800PE,0.21365278649344396
20-01-2026 11:35||NIFTY27JAN2625900CE,0.10961761568151492
20-01-2026 11:35||NIFTY27JAN2626300CE,0.12716477030068088
20-01-2026 11:35||NIFTY27JAN2626500CE,0.1386443499971531
20-01-2026 11:40||NIFTY27JAN2623800PE,0.21199110705685256
20-01-2026 11:40||NIFTY27JAN2624000PE,0.19445805389122794
20-01-2026 11:40||NIFTY27JAN2624100PE,0.18495984364934204
20-01-2026 11:40||NIFTY27JAN2624700PE,0.1339866726948743
20-01-2026 11:40||NIFTY27JAN2624800PE,0.12783299132380566
20-01-2026 11:40||NIFTY27JAN2625100PE,0.11222190003761158
20-01-2026 11:40||NIFTY27JAN2625300CE,0.1160083585391366
20-01-2026 11:45||NIFTY27JAN2623900PE,0.20377534878184286
20-01-2026 11:45||NIFTY27JAN2624500PE,0.14957313639125308
20-01-2026 11:45||NIFTY27JAN2625600CE,0.10704697225691637
20-01-2026 11:45||NIFTY27JAN2625800CE,0.10869497731255753
20-01-2026 11:45||NIFTY27JAN2625900CE,0.1112730097314089
20-01-2026 11:45||NIFTY27JAN2626000CE,0.11524894682774744
20-01-2026 11:50||NIFTY27JAN2624200PE,0.17676939802597774
20-01-2026 11:50||NIFTY27JAN2624600PE,0.14174014311636515
20-01-2026 11:50||NIFTY27JAN2624700PE,0.13435540924415096
20-01-2026 11:50||NIFTY27JAN2624900PE,0.12207235319318983
20-01-2026 11:50||NIFTY27JAN2625400CE,0.10732605250331684
20-01-2026 11:50||NIFTY27JAN2625700CE,0.10447675190546471
20-01-2026 11:50||NIFTY27JAN2626300CE,0.1279419169293743
20-01-2026 11:55||NIFTY27JAN2623800PE,0.2165818658612701
20-01-2026 11:55||NIFTY27JAN2623900PE,0.207271993605585
20-01-2026 11:55||NIFTY27JAN2624000PE,0.1982974833233798
20-01-2026 11:55||NIFTY27JAN2624100PE,0.18838035687627513
20-01-2026 11:55||NIFTY27JAN2625800CE,0.10333555775916238
20-01-2026 11:55||NIFTY27JAN2625900CE,0.10672420602124448
20-01-2026 12:00||NIFTY27JAN2623800PE,0.2148518440720363
20-01-2026 12:00||NIFTY27JAN2624400PE,0.15963505365851594
20-01-2026 12:00||NIFTY27JAN2624600PE,0.14305492240307624
20-01-2026 12:00||NIFTY27JAN2624700PE,0.13612940177673824
20-01-2026 12:00||NIFTY27JAN2625800CE,0.10333613051005254
20-01-2026 12:00||NIFTY27JAN2625900CE,0.107124257844059
20-01-2026 12:05||NIFTY27JAN2624700PE,0.1360225800250221
20-01-2026 12:05||NIFTY27JAN2624900PE,0.12509261221620757
20-01-2026 12:05||NIFTY27JAN2625800CE,0.10332952490051002
20-01-2026 12:10||NIFTY27JAN2624200PE,0.17496832980726146
20-01-2026 12:10||NIFTY27JAN2624500PE,0.14834256826674755
20-01-2026 12:10||NIFTY27JAN2624600PE,0.14017714084245433
20-01-2026 12:10||NIFTY27JAN2624700PE,0.13318201732199386
20-01-2026 12:10||NIFTY27JAN2624800PE,0.12730391529707513
20-01-2026 12:10||NIFTY27JAN2624900PE,0.12182804603829243
20-01-2026 12:15||NIFTY27JAN2624300PE,0.16691945060590968
20-01-2026 12:15||NIFTY27JAN2624500PE,0.14959489508400023
20-01-2026 12:15||NIFTY27JAN2625000PE,0.11916836106631908
20-01-2026 12:15||NIFTY27JAN2625100PE,0.11498675830678648
20-01-2026 12:15||NIFTY27JAN2625400CE,0.10231011934085762
20-01-2026 12:15||NIFTY27JAN2626400CE,0.1375479187643005
20-01-2026 12:20||NIFTY27JAN2623900PE,0.20390139588965325
20-01-2026 12:20||NIFTY27JAN2624000PE,0.19493385523219614
20-01-2026 12:20||NIFTY27JAN2624100PE,0.18498121401663092
20-01-2026 12:20||NIFTY27JAN2625200CE,0.12057313998503949
20-01-2026 12:20||NIFTY27JAN2625300CE,0.11280061512949115
20-01-2026 12:20||NIFTY27JAN2625700CE,0.1022394192153382
20-01-2026 12:20||NIFTY27JAN2625800CE,0.10462112282421747
20-01-2026 12:20||NIFTY27JAN2625900CE,0.10822981785450728
20-01-2026 12:25||NIFTY27JAN2623800PE,0.2108534998541191
20-01-2026 12:25||NIFTY27JAN2625000PE,0.11523879476455161
20-01-2026 12:25||NIFTY27JAN2625100PE,0.1104825754632856
20-01-2026 12:25||NIFTY27JAN2625700CE,0.10785326645870671
20-01-2026 12:25||NIFTY27JAN2626000CE,0.117699311604352
20-01-2026 12:30||NIFTY27JAN2623800PE,0.21191834064699794
20-01-2026 12:30||NIFTY27JAN2623900PE,0.20275893932113814
20-01-2026 12:30||NIFTY27JAN2624900PE,0.1229689013985529
20-01-2026 12:30||NIFTY27JAN2625000PE,0.11886400143429264
20-01-2026 12:30||NIFTY27JAN2625100PE,0.11483745179445909
20-01-2026 12:30||NIFTY27JAN2625300CE,0.10693611575311116
20-01-2026 12:30||NIFTY27JAN2626000CE,0.11594468988773866
20-01-2026 12:35||NIFTY27JAN2623800PE,0.21067899200953097
20-01-2026 12:35||NIFTY27JAN2624200PE,0.17435738239406365
20-01-2026 12:35||NIFTY27JAN2625000PE,0.11730660775002821
20-01-2026 12:35||NIFTY27JAN2625200CE,0.11950738813624633
20-01-2026 12:35||NIFTY27JAN2625500CE,0.10518621204496949
20-01-2026 12:35||NIFTY27JAN2625700CE,0.10565740705625347
20-01-2026 12:35||NIFTY27JAN2625800CE,0.10812457653478205
20-01-2026 12:35||NIFTY27JAN2626200CE,0.12823459238221924
20-01-2026 12:35||NIFTY27JAN2626300CE,0.13485687004248947
20-01-2026 12:40||NIFTY27JAN2623800PE,0.21070307519009607
20-01-2026 12:40||NIFTY27JAN2624000PE,0.19308837205822135
20-01-2026 12:40||NIFTY27JAN2624300PE,0.1653395306449204
20-01-2026 12:40||NIFTY27JAN2624600PE,0.14045942630564215
20-01-2026 12:40||NIFTY27JAN2624700PE,0.13371774017546387
20-01-2026 12:40||NIFTY27JAN2625400CE,0.10289168234853358
20-01-2026 12:40||NIFTY27JAN2626100CE,0.12224537019610478
20-01-2026 12:45||NIFTY27JAN2623800PE,0.2089696317274527
20-01-2026 12:45||NIFTY27JAN2624300PE,0.16431496573228127
20-01-2026 12:45||NIFTY27JAN2624400PE,0.1556366203989156
20-01-2026 12:45||NIFTY27JAN2625100PE,0.11214677751717073
20-01-2026 12:50||NIFTY27JAN2624200PE,0.17454480668042394
20-01-2026 12:50||NIFTY27JAN2625600CE,0.10537482670153323
20-01-2026 12:50||NIFTY27JAN2626000CE,0.11695707436951336
20-01-2026 12:50||NIFTY27JAN2626200CE,0.12734725659183294
20-01-2026 12:55||NIFTY27JAN2624900PE,0.12137845761709448
20-01-2026 12:55||NIFTY27JAN2625400CE,0.10656254370995619
20-01-2026 13:00||NIFTY27JAN2623900PE,0.20298883638952805
20-01-2026 13:00||NIFTY27JAN2624200PE,0.17584383532899622
20-01-2026 13:00||NIFTY27JAN2625100PE,0.11264087239393619
20-01-2026 13:00||NIFTY27JAN2625800CE,0.10816866456609828
20-01-2026 13:00||NIFTY27JAN2625900CE,0.11170162283848863
20-01-2026 13:00||NIFTY27JAN2626400CE,0.13916454031463352
20-01-2026 13:05||NIFTY27JAN2624200PE,0.17534861315745395
20-01-2026 13:05||NIFTY27JAN2624900PE,0.1223695482065279
20-01-2026 13:05||NIFTY27JAN2625300CE,0.1078038267033055
20-01-2026 13:05||NIFTY27JAN2625400CE,0.10422539724367848
20-01-2026 13:05||NIFTY27JAN2625600CE,0.10337705288155168
20-01-2026 13:05||NIFTY27JAN2626500CE,0.14644610691528775
20-01-2026 13:10||NIFTY27JAN2624000PE,0.19437378195161112
20-01-2026 13:10||NIFTY27JAN2624400PE,0.15769081837389545
20-01-2026 13:10||NIFTY27JAN2624700PE,0.1341901328638209
20-01-2026 13:10||NIFTY27JAN2625000PE,0.11832556934241202
20-01-2026 13:10||NIFTY27JAN2626000CE,0.11615787225893011
20-01-2026 13:10||NIFTY27JAN2626400CE,0.13936232765302314
20-01-2026 13:15||NIFTY27JAN2623900PE,0.20221592494971372
20-01-2026 13:15||NIFTY27JAN2624600PE,0.1397647485056136
20-01-2026 13:15||NIFTY27JAN2624900PE,0.12105946525723847
20-01-2026 13:15||NIFTY27JAN2625000PE,0.11651215806708844
20-01-2026 13:15||NIFTY27JAN2625200CE,0.12177815752977954
20-01-2026 13:15||NIFTY27JAN2626000CE,0.118064695643772
20-01-2026 13:15||NIFTY27JAN2626200CE,0.12877874898786645
20-01-2026 13:20||NIFTY27JAN2624200PE,0.1763333320579499
20-01-2026 13:20||NIFTY27JAN2624600PE,0.14240932906243192
20-01-2026 13:20||NIFTY27JAN2625000PE,0.11988987042367986
20-01-2026 13:20||NIFTY27JAN2625700CE,0.10418079440824589
20-01-2026 13:20||NIFTY27JAN2626100CE,0.11995980218773591
20-01-2026 13:20||NIFTY27JAN2626200CE,0.12571819670438544
20-01-2026 13:25||NIFTY27JAN2623800PE,0.21173726420942787
20-01-2026 13:25||NIFTY27JAN2624100PE,0.18421719038307008
20-01-2026 13:25||NIFTY27JAN2624700PE,0.13366813088105142
20-01-2026 13:25||NIFTY27JAN2625000PE,0.11803356953889933
20-01-2026 13:25||NIFTY27JAN2625800CE,0.1086363047785508
20-01-2026 13:30||NIFTY27JAN2624100PE,0.18414947158561437
20-01-2026 13:30||NIFTY27JAN2624700PE,0.13428669248629505
20-01-2026 13:30||NIFTY27JAN2624900PE,0.12355855767974397
20-01-2026 13:30||NIFTY27JAN2626000CE,0.11600054728713591
20-01-2026 13:35||NIFTY27JAN2625100PE,0.1170934404242296
20-01-2026 13:35||NIFTY27JAN2625800CE,0.10899672991775067
20-01-2026 13:40||NIFTY27JAN2623800PE,0.21094475675197946
20-01-2026 13:40||NIFTY27JAN2624600PE,0.13893789746071977
20-01-2026 13:40||NIFTY27JAN2625000PE,0.11654433612757988
20-01-2026 13:45||NIFTY27JAN2624000PE,0.19398686157215791
20-01-2026 13:45||NIFTY27JAN2624400PE,0.15790506309744332
20-01-2026 13:45||NIFTY27JAN2624600PE,0.14163189581649008
20-01-2026 13:50||NIFTY27JAN2624000PE,0.19348011891595293
20-01-2026 13:50||NIFTY27JAN2624100PE,0.18389167516141547
20-01-2026 13:50||NIFTY27JAN2624200PE,0.1747549929101844
20-01-2026 13:50||NIFTY27JAN2624300PE,0.16576877496204948
20-01-2026 13:50||NIFTY27JAN2624500PE,0.14855721299914526
20-01-2026 13:50||NIFTY27JAN2625200CE,0.12165310734801174
20-01-2026 13:50||NIFTY27JAN2625400CE,0.11037496324481566
20-01-2026 13:50||NIFTY27JAN2626000CE,0.12161934757890802
20-01-2026 13:50||NIFTY27JAN2626100CE,0.12692547174524182
20-01-2026 13:55||NIFTY27JAN2624400PE,0.15756693786607917
20-01-2026 13:55||NIFTY27JAN2625200CE,0.12256854137918353
20-01-2026 13:55||NIFTY27JAN2625400CE,0.1105568967889349
20-01-2026 13:55||NIFTY27JAN2625600CE,0.10864554083813091
20-01-2026 14:00||NIFTY27JAN2624100PE,0.18524986288937195
20-01-2026 14:00||NIFTY27JAN2624200PE,0.17588312659467858
20-01-2026 14:00||NIFTY27JAN2624800PE,0.12898233475349874
20-01-2026 14:00||NIFTY27JAN2624900PE,0.12385270915491742
20-01-2026 14:00||NIFTY27JAN2625000PE,0.11993080624980225
20-01-2026 14:00||NIFTY27JAN2625100PE,0.11614226454419896
20-01-2026 14:00||NIFTY27JAN2625200CE,0.11756754528235819
20-01-2026 14:00||NIFTY27JAN2626100CE,0.1260074451130391
20-01-2026 14:05||NIFTY27JAN2623800PE,0.21249381655942315
20-01-2026 14:05||NIFTY27JAN2625100PE,0.1154597319791951
20-01-2026 14:05||NIFTY27JAN2625200CE,0.11677631970561868
20-01-2026 14:05||NIFTY27JAN2626100CE,0.12759726855986903
20-01-2026 14:05||NIFTY27JAN2626400CE,0.1486897132956007
20-01-2026 14:10||NIFTY27JAN2624000PE,0.19471835641833615
20-01-2026 14:10||NIFTY27JAN2624200PE,0.17631576688085068
20-01-2026 14:10||NIFTY27JAN2624500PE,0.1504616158180064
20-01-2026 14:10||NIFTY27JAN2624900PE,0.12373787468951841
20-01-2026 14:10||NIFTY27JAN2625000PE,0.11911662769640037
20-01-2026 14:10||NIFTY27JAN2625500CE,0.10959858566740913
20-01-2026 14:10||NIFTY27JAN2625700CE,0.11125011034665847
20-01-2026 14:10||NIFTY27JAN2626100CE,0.12941494385441837
20-01-2026 14:10||NIFTY27JAN2626200CE,0.1360591090678159
20-01-2026 14:10||NIFTY27JAN2626300CE,0.1429818389627484
20-01-2026 14:15||NIFTY27JAN2623800PE,0.20999313901865957
20-01-2026 14:15||NIFTY27JAN2624100PE,0.18418072515195763
20-01-2026 14:15||NIFTY27JAN2624500PE,0.15059872508667324
20-01-2026 14:15||NIFTY27JAN2624600PE,0.1428297642128878
20-01-2026 14:15||NIFTY27JAN2624900PE,0.12514072564149417
20-01-2026 14:15||NIFTY27JAN2625200CE,0.11427538241318548
20-01-2026 14:15||NIFTY27JAN2625400CE,0.10728321878464576
20-01-2026 14:15||NIFTY27JAN2626000CE,0.12135202195748994
20-01-2026 14:15||NIFTY27JAN2626300CE,0.1401509197405384
20-01-2026 14:15||NIFTY27JAN2626500CE,0.15503301788880336
20-01-2026 14:20||NIFTY27JAN2625400CE,0.11305576547006493
20-01-2026 14:20||NIFTY27JAN2625700CE,0.11248488933543194
20-01-2026 14:20||NIFTY27JAN2626500CE,0.15526642661187356
20-01-2026 14:25||NIFTY27JAN2624100PE,0.18561955248811812
20-01-2026 14:25||NIFTY27JAN2624600PE,0.14193190978887166
20-01-2026 14:25||NIFTY27JAN2625400CE,0.11138013664784223
20-01-2026 14:25||NIFTY27JAN2625900CE,0.11666628992132326
20-01-2026 14:30||NIFTY27JAN2624000PE,0.19635867772535573
20-01-2026 14:30||NIFTY27JAN2624600PE,0.14451185820814222
20-01-2026 14:30||NIFTY27JAN2625400CE,0.1056569857778374
20-01-2026 14:30||NIFTY27JAN2625500CE,0.10515102979150127
20-01-2026 14:30||NIFTY27JAN2625800CE,0.10987541291067969
20-01-2026 14:30||NIFTY27JAN2626000CE,0.11898940191093822
20-01-2026 14:30||NIFTY27JAN2626400CE,0.14296964089514982
20-01-2026 14:30||NIFTY27JAN2626500CE,0.15032086126117147
20-01-2026 14:35||NIFTY27JAN2624600PE,0.14643906898431988
20-01-2026 14:35||NIFTY27JAN2624800PE,0.133778615304426
20-01-2026 14:35||NIFTY27JAN2625600CE,0.10512847850635718
20-01-2026 14:35||NIFTY27JAN2626000CE,0.11895684051888332
20-01-2026 14:35||NIFTY27JAN2626300CE,0.13658203053093773
20-01-2026 14:40||NIFTY27JAN2623800PE,0.21614142038328013
20-01-2026 14:40||NIFTY27JAN2625200CE,0.1124585226005385
20-01-2026 14:40||NIFTY27JAN2625500CE,0.1058430495918591
20-01-2026 14:45||NIFTY27JAN2624600PE,0.14478236029983965
20-01-2026 14:45||NIFTY27JAN2625500CE,0.10837606744258252
20-01-2026 14:45||NIFTY27JAN2626000CE,0.12234816808224461
20-01-2026 14:45||NIFTY27JAN2626100CE,0.12751136413237665
20-01-2026 14:50||NIFTY27JAN2624000PE,0.19982315175879523
20-01-2026 14:50||NIFTY27JAN2624200PE,0.1803934421791949
20-01-2026 14:50||NIFTY27JAN2624900PE,0.1272102370304682
20-01-2026 14:50||NIFTY27JAN2625100PE,0.1189221428127246
20-01-2026 14:50||NIFTY27JAN2625500CE,0.1024553761172492
20-01-2026 14:50||NIFTY27JAN2625900CE,0.11350850592081221
20-01-2026 14:55||NIFTY27JAN2623900PE,0.2087995388131328
20-01-2026 14:55||NIFTY27JAN2624000PE,0.1996436856665329
20-01-2026 14:55||NIFTY27JAN2624100PE,0.18928934435928543
20-01-2026 14:55||NIFTY27JAN2626000CE,0.11952128721446444
20-01-2026 15:00||NIFTY27JAN2624800PE,0.12868871089393055
20-01-2026 15:00||NIFTY27JAN2625600CE,0.10679330041809726
20-01-2026 15:00||NIFTY27JAN2626100CE,0.13167478491469628
20-01-2026 15:00||NIFTY27JAN2626200CE,0.13911774430376694
20-01-2026 15:00||NIFTY27JAN2626400CE,0.15433081741343185
20-01-2026 15:05||NIFTY27JAN2623900PE,0.20545354153909662
20-01-2026 15:05||NIFTY27JAN2624300PE,0.1678608775409556
20-01-2026 15:05||NIFTY27JAN2625000PE,0.12596774890765902
20-01-2026 15:05||NIFTY27JAN2625200CE,0.09740842961473853
20-01-2026 15:05||NIFTY27JAN2626100CE,0.1302265632485985
20-01-2026 15:05||NIFTY27JAN2626200CE,0.1377117655053498
20-01-2026 15:10||NIFTY27JAN2624300PE,0.16661478280927253
20-01-2026 15:10||NIFTY27JAN2625100PE,0.13147921730561327
20-01-2026 15:10||NIFTY27JAN2625300CE,0.10076699971697708
20-01-2026 15:10||NIFTY27JAN2625400CE,0.10426112400460742
20-01-2026 15:10||NIFTY27JAN2625900CE,0.12314122674161095
20-01-2026 15:10||NIFTY27JAN2626100CE,0.13652077020031342
20-01-2026 15:15||NIFTY27JAN2624000PE,0.20514764615064704
20-01-2026 15:15||NIFTY27JAN2624200PE,0.18324382154903607
20-01-2026 15:15||NIFTY27JAN2624500PE,0.15521037608645283
20-01-2026 15:15||NIFTY27JAN2624800PE,0.1372781541031747
20-01-2026 15:15||NIFTY27JAN2625000PE,0.13233185436051353
20-01-2026 15:15||NIFTY27JAN2625100PE,0.13155578676027588
20-01-2026 15:15||NIFTY27JAN2625700CE,0.11517935020619918
20-01-2026 15:15||NIFTY27JAN2625900CE,0.12527822994185503
20-01-2026 15:15||NIFTY27JAN2626000CE,0.13215496930287227
20-01-2026 15:15||NIFTY27JAN2626200CE,0.14619732390773696
20-01-2026 15:20||NIFTY27JAN2623800PE,0.2190576420761335
20-01-2026 15:20||NIFTY27JAN2624200PE,0.1789971631700257
20-01-2026 15:20||NIFTY27JAN2624500PE,0.1510007244419213
20-01-2026 15:20||NIFTY27JAN2625500CE,0.1190291864963502
20-01-2026 15:20||NIFTY27JAN2625700CE,0.12259257347412829
20-01-2026 15:20||NIFTY27JAN2626400CE,0.16491881985624163
20-01-2026 15:25||NIFTY27JAN2623800PE,0.21501192950513678
20-01-2026 15:25||NIFTY27JAN2625100PE,0.11022039443866362
20-01-2026 15:25||NIFTY27JAN2625200CE,0.14263354322300312
20-01-2026 15:25||NIFTY27JAN2625300CE,0.13586499605449037
20-01-2026 15:25||NIFTY27JAN2625900CE,0.13349366954245775
20-01-2026 15:25||NIFTY27JAN2626200CE,0.1505935602957635
21-01-2026 09:15||NIFTY27JAN2625200CE,0.162976947590416
21-01-2026 09:15||NIFTY27JAN2625400CE,0.1435246638432932
21-01-2026 09:15||NIFTY27JAN2625900CE,0.14316727600819937
21-01-2026 09:15||NIFTY27JAN2626200CE,0.15890380856463568
21-01-2026 09:20||NIFTY27JAN2623900PE,0.21880475495722482
21-01-2026 09:20||NIFTY27JAN2624300PE,0.1797115408039785
21-01-2026 09:20||NIFTY27JAN2624400PE,0.1695331531524692
21-01-2026 09:25||NIFTY27JAN2624000PE,0.21922816229303732
21-01-2026 09:25||NIFTY27JAN2624300PE,0.18865036144782232
21-01-2026 09:25||NIFTY27JAN2624400PE,0.17864487877244895
21-01-2026 09:25||NIFTY27JAN2625100PE,0.12655155082564923
21-01-2026 09:25||NIFTY27JAN2625300CE,0.11011611354604647
21-01-2026 09:25||NIFTY27JAN2625600CE,0.11100866161083009
21-01-2026 09:25||NIFTY27JAN2625800CE,0.11799261764693317
21-01-2026 09:30||NIFTY27JAN2623800PE,0.2333572552524183
21-01-2026 09:30||NIFTY27JAN2623900PE,0.2237323859690891
21-01-2026 09:30||NIFTY27JAN2624000PE,0.21393214042751343
21-01-2026 09:30||NIFTY27JAN2624400PE,0.1733336032548368
21-01-2026 09:30||NIFTY27JAN2625300CE,0.12999699597249056
21-01-2026 09:30||NIFTY27JAN2625700CE,0.12213422819240739
21-01-2026 09:35||NIFTY27JAN2623900PE,0.22825243950053217
21-01-2026 09:35||NIFTY27JAN2624200PE,0.19679328414904176
21-01-2026 09:35||NIFTY27JAN2625200CE,0.11073067553507657
21-01-2026 09:35||NIFTY27JAN2625300CE,0.10906079088271005
21-01-2026 09:35||NIFTY27JAN2625600CE,0.11071192462147848
21-01-2026 09:35||NIFTY27JAN2626200CE,0.1466588393309573
21-01-2026 09:40||NIFTY27JAN2624400PE,0.16854215984486792
21-01-2026 09:40||NIFTY27JAN2625100PE,0.10817295124328907
21-01-2026 09:40||NIFTY27JAN2625200CE,0.12815081512030063
21-01-2026 09:40||NIFTY27JAN2625900CE,0.13072523763175298
21-01-2026 09:40||NIFTY27JAN2626300CE,0.1596751748286974
21-01-2026 09:40||NIFTY27JAN2626400CE,0.167877106606324
21-01-2026 09:45||NIFTY27JAN2623800PE,0.22861490217368086
21-01-2026 09:45||NIFTY27JAN2624100PE,0.19885984767661116
21-01-2026 09:45||NIFTY27JAN2624400PE,0.1683088825890475
21-01-2026 09:45||NIFTY27JAN2625200CE,0.12623061858658277
21-01-2026 09:45||NIFTY27JAN2625600CE,0.11924311562589357
21-01-2026 09:45||NIFTY27JAN2626000CE,0.13696773729130768
21-01-2026 09:45||NIFTY27JAN2626300CE,0.1594840000455253
21-01-2026 09:50||NIFTY27JAN2624700PE,0.13772225582391512
21-01-2026 09:50||NIFTY27JAN2624900PE,0.12294320525892102
21-01-2026 09:50||NIFTY27JAN2625400CE,0.1160238000080499
21-01-2026 09:50||NIFTY27JAN2625600CE,0.11739510212616253
21-01-2026 09:50||NIFTY27JAN2625800CE,0.12409695278893536
21-01-2026 09:55||NIFTY27JAN2624100PE,0.19573488298656128
21-01-2026 09:55||NIFTY27JAN2624200PE,0.18597288807784276
21-01-2026 09:55||NIFTY27JAN2624400PE,0.16682083649876336
21-01-2026 09:55||NIFTY27JAN2624800PE,0.13348180925712635
21-01-2026 09:55||NIFTY27JAN2625400CE,0.11103185638684353
21-01-2026 09:55||NIFTY27JAN2626000CE,0.1355807204576343
21-01-2026 09:55||NIFTY27JAN2626100CE,0.14304419244353253
21-01-2026 09:55||NIFTY27JAN2626200CE,0.151806137995444
21-01-2026 09:55||NIFTY27JAN2626500CE,0.1796372943096615
21-01-2026 10:00||NIFTY27JAN2624000PE,0.20197162330950516
21-01-2026 10:00||NIFTY27JAN2625000PE,0.11511292383225244
21-01-2026 10:00||NIFTY27JAN2625300CE,0.12198810577723966
21-01-2026 10:00||NIFTY27JAN2625400CE,0.11915069766735897
21-01-2026 10:00||NIFTY27JAN2626500CE,0.18176046484601266
21-01-2026 10:05||NIFTY27JAN2625200CE,0.11633976579868817
21-01-2026 10:05||NIFTY27JAN2625600CE,0.1170544301718271
21-01-2026 10:05||NIFTY27JAN2625700CE,0.11997045493826955
21-01-2026 10:05||NIFTY27JAN2625800CE,0.1245237250783476
21-01-2026 10:10||NIFTY27JAN2624000PE,0.19811047911492963
21-01-2026 10:10||NIFTY27JAN2624400PE,0.15938484607287792
21-01-2026 10:10||NIFTY27JAN2625800CE,0.1289100900529657
21-01-2026 10:10||NIFTY27JAN2626100CE,0.14820120408480641
21-01-2026 10:15||NIFTY27JAN2624000PE,0.20038726617829716
21-01-2026 10:15||NIFTY27JAN2624200PE,0.1803395571747257
21-01-2026 10:15||NIFTY27JAN2624500PE,0.15123993975178693
21-01-2026 10:15||NIFTY27JAN2624600PE,0.14215660798994023
21-01-2026 10:15||NIFTY27JAN2625500CE,0.11865595491782686
21-01-2026 10:15||NIFTY27JAN2626100CE,0.14719617530822496
21-01-2026 10:20||NIFTY27JAN2625700CE,0.11876051482610187
21-01-2026 10:25||NIFTY27JAN2624300PE,0.17036404135600774
21-01-2026 10:25||NIFTY27JAN2625000PE,0.11825446618551752
21-01-2026 10:25||NIFTY27JAN2625700CE,0.1265436617733116
21-01-2026 10:25||NIFTY27JAN2626200CE,0.16119152571060466
21-01-2026 10:30||NIFTY27JAN2624200PE,0.1777177599227688
21-01-2026 10:30||NIFTY27JAN2624700PE,0.1330653282875629
21-01-2026 10:30||NIFTY27JAN2624800PE,0.12638418020371173
21-01-2026 10:30||NIFTY27JAN2625200CE,0.11932238255786431
21-01-2026 10:30||NIFTY27JAN2625900CE,0.13887237121442775
21-01-2026 10:30||NIFTY27JAN2626300CE,0.1707792034328427
21-01-2026 10:30||NIFTY27JAN2626400CE,0.17948045925328343
21-01-2026 10:35||NIFTY27JAN2624400PE,0.15887156293657947
21-01-2026 10:35||NIFTY27JAN2625100PE,0.11484815075696539
21-01-2026 10:35||NIFTY27JAN2625500CE,0.12082448833803026
21-01-2026 10:35||NIFTY27JAN2625600CE,0.1231926547240955
21-01-2026 10:35||NIFTY27JAN2625800CE,0.13202532043909643
21-01-2026 10:35||NIFTY27JAN2625900CE,0.13838075080812345
21-01-2026 10:40||NIFTY27JAN2624200PE,0.18369313366483564
21-01-2026 10:40||NIFTY27JAN2624800PE,0.1426639383415149
21-01-2026 10:40||NIFTY27JAN2625200CE,0.1087693576427181
21-01-2026 10:40||NIFTY27JAN2625400CE,0.11754907251692506
21-01-2026 10:40||NIFTY27JAN2626300CE,0.17468860305986977
21-01-2026 10:45||NIFTY27JAN2624700PE,0.13494048151141932
21-01-2026 10:45||NIFTY27JAN2624800PE,0.1291802956302866
21-01-2026 10:45||NIFTY27JAN2625700CE,0.14043952694906955
21-01-2026 10:45||NIFTY27JAN2626400CE,0.19570034112536797
21-01-2026 10:45||NIFTY27JAN2626500CE,0.20539725815346532
21-01-2026 10:50||NIFTY27JAN2624100PE,0.19510124052356917
21-01-2026 10:50||NIFTY27JAN2624300PE,0.17769316988483735
21-01-2026 10:50||NIFTY27JAN2624400PE,0.16986487088164484
21-01-2026 10:50||NIFTY27JAN2624500PE,0.16290907597770946
21-01-2026 10:50||NIFTY27JAN2625400CE,0.12821199433818353
21-01-2026 10:50||NIFTY27JAN2625700CE,0.13999144684405168
21-01-2026 10:50||NIFTY27JAN2625900CE,0.1528766030851639
21-01-2026 10:50||NIFTY27JAN2626400CE,0.19499644662685614
21-01-2026 10:55||NIFTY27JAN2623900PE,0.21009684963192543
21-01-2026 10:55||NIFTY27JAN2624300PE,0.17287094783294374
21-01-2026 10:55||NIFTY27JAN2624800PE,0.13064462572995897
21-01-2026 10:55||NIFTY27JAN2625000PE,0.11827699937339468
21-01-2026 10:55||NIFTY27JAN2625100PE,0.11238845979353133
21-01-2026 10:55||NIFTY27JAN2625300CE,0.14213138307841003
21-01-2026 10:55||NIFTY27JAN2625900CE,0.16140514482366336
21-01-2026 10:55||NIFTY27JAN2626200CE,0.18366543393581936
21-01-2026 11:00||NIFTY27JAN2624000PE,0.20489297666715986
21-01-2026 11:00||NIFTY27JAN2624300PE,0.1757683154503299
21-01-2026 11:00||NIFTY27JAN2624600PE,0.14981050030784365
21-01-2026 11:00||NIFTY27JAN2624800PE,0.13711057271774812
21-01-2026 11:00||NIFTY27JAN2625100PE,0.12376642032562254
21-01-2026 11:00||NIFTY27JAN2625300CE,0.13449787350641149
21-01-2026 11:05||NIFTY27JAN2624000PE,0.1993510224105804
21-01-2026 11:05||NIFTY27JAN2624100PE,0.18932777569885226
21-01-2026 11:05||NIFTY27JAN2624400PE,0.16079819218134792
21-01-2026 11:05||NIFTY27JAN2625000PE,0.11819589583412744
21-01-2026 11:05||NIFTY27JAN2625200CE,0.13336370785729623
21-01-2026 11:10||NIFTY27JAN2624800PE,0.12499094695996278
21-01-2026 11:10||NIFTY27JAN2625200CE,0.13655768730370813
21-01-2026 11:10||NIFTY27JAN2625300CE,0.13731602108615562
21-01-2026 11:10||NIFTY27JAN2625500CE,0.14186889566726169
21-01-2026 11:10||NIFTY27JAN2625900CE,0.15684369048222804
21-01-2026 11:10||NIFTY27JAN2626100CE,0.16971827908361664
21-01-2026 11:15||NIFTY27JAN2624300PE,0.17245043398640295
21-01-2026 11:15||NIFTY27JAN2625100PE,0.10670761810763708
21-01-2026 11:15||NIFTY27JAN2625400CE,0.14021955025235458
21-01-2026 11:20||NIFTY27JAN2623900PE,0.21479073972821694
21-01-2026 11:20||NIFTY27JAN2625800CE,0.14189111360820633
21-01-2026 11:20||NIFTY27JAN2626000CE,0.15527009282811377
21-01-2026 11:20||NIFTY27JAN2626100CE,0.1622760917688294
21-01-2026 11:20||NIFTY27JAN2626400CE,0.18748494270314575
21-01-2026 11:20||NIFTY27JAN2626500CE,0.19667289604903793
21-01-2026 11:25||NIFTY27JAN2624600PE,0.15339358517531412
21-01-2026 11:25||NIFTY27JAN2624800PE,0.1393371032303464
21-01-2026 11:30||NIFTY27JAN2623900PE,0.2161699827828368
21-01-2026 11:30||NIFTY27JAN2624000PE,0.20725147700991123
21-01-2026 11:30||NIFTY27JAN2624100PE,0.19762133069726942
21-01-2026 11:30||NIFTY27JAN2624400PE,0.16944262944882998
21-01-2026 11:30||NIFTY27JAN2625400CE,0.13213317179005263
21-01-2026 11:30||NIFTY27JAN2625800CE,0.14347582275681522
21-01-2026 11:30||NIFTY27JAN2626000CE,0.15688133381577277
21-01-2026 11:30||NIFTY27JAN2626500CE,0.19818970140779466
21-01-2026 11:35||NIFTY27JAN2623900PE,0.2166420285376248
21-01-2026 11:35||NIFTY27JAN2624600PE,0.1524404813976035
21-01-2026 11:35||NIFTY27JAN2626100CE,0.16269176469782773
21-01-2026 11:35||NIFTY27JAN2626300CE,0.17900362673970474
21-01-2026 11:40||NIFTY27JAN2624800PE,0.13583647427336482
21-01-2026 11:40||NIFTY27JAN2625100PE,0.118879702878599
21-01-2026 11:40||NIFTY27JAN2625200CE,0.13063806557197052
21-01-2026 11:40||NIFTY27JAN2625700CE,0.1392222464421142
21-01-2026 11:45||NIFTY27JAN2624600PE,0.15005469820006057
21-01-2026 11:45||NIFTY27JAN2625100PE,0.11737811720182291
21-01-2026 11:45||NIFTY27JAN2625200CE,0.1315965435127359
21-01-2026 11:45||NIFTY27JAN2625400CE,0.13263055746652946
21-01-2026 11:50||NIFTY27JAN2624000PE,0.20760797754614926
21-01-2026 11:50||NIFTY27JAN2624100PE,0.19779688622909372
21-01-2026 11:50||NIFTY27JAN2624300PE,0.17864138865394696
21-01-2026 11:55||NIFTY27JAN2624000PE,0.2077257861603402
21-01-2026 11:55||NIFTY27JAN2624600PE,0.15043952336833935
21-01-2026 11:55||NIFTY27JAN2624700PE,0.14250225400853322
21-01-2026 11:55||NIFTY27JAN2624900PE,0.12929721544709802
21-01-2026 12:00||NIFTY27JAN2624100PE,0.19505727332421338
21-01-2026 12:00||NIFTY27JAN2624200PE,0.18496701692638737
21-01-2026 12:00||NIFTY27JAN2624700PE,0.1357959743684172
21-01-2026 12:00||NIFTY27JAN2624800PE,0.12765789958046053
21-01-2026 12:00||NIFTY27JAN2625600CE,0.13610924143916295
21-01-2026 12:00||NIFTY27JAN2625900CE,0.14659330541902502
21-01-2026 12:05||NIFTY27JAN2623800PE,0.22699946548764616
21-01-2026 12:05||NIFTY27JAN2624100PE,0.19916979874937968
21-01-2026 12:05||NIFTY27JAN2625500CE,0.12626248664943573
21-01-2026 12:05||NIFTY27JAN2626200CE,0.16050523093193617
21-01-2026 12:10||NIFTY27JAN2624100PE,0.19459758740728098
21-01-2026 12:10||NIFTY27JAN2624200PE,0.18479692104924497
21-01-2026 12:10||NIFTY27JAN2625000PE,0.11520654229604413
21-01-2026 12:10||NIFTY27JAN2625900CE,0.1421907356860334
21-01-2026 12:10||NIFTY27JAN2626500CE,0.18617737089724226
21-01-2026 12:15||NIFTY27JAN2623800PE,0.22412663124789567
21-01-2026 12:15||NIFTY27JAN2624200PE,0.1861602812867842
21-01-2026 12:15||NIFTY27JAN2625400CE,0.13343012163657417
21-01-2026 12:15||NIFTY27JAN2625700CE,0.13430015656185146
21-01-2026 12:20||NIFTY27JAN2624200PE,0.1913431402476222
21-01-2026 12:20||NIFTY27JAN2625000PE,0.12104695073541698
21-01-2026 12:20||NIFTY27JAN2625400CE,0.12898481461803207
21-01-2026 12:20||NIFTY27JAN2625600CE,0.12863851504809348
21-01-2026 12:20||NIFTY27JAN2625700CE,0.13017287779713732
21-01-2026 12:20||NIFTY27JAN2626300CE,0.1627470741432656
21-01-2026 12:25||NIFTY27JAN2624000PE,0.21990544139570364
21-01-2026 12:25||NIFTY27JAN2624500PE,0.17219876400418424
21-01-2026 12:25||NIFTY27JAN2624600PE,0.1633663999906401
21-01-2026 12:25||NIFTY27JAN2624700PE,0.15555446137404902
21-01-2026 12:25||NIFTY27JAN2625700CE,0.12164795492125535
21-01-2026 12:25||NIFTY27JAN2626500CE,0.17934852277570573
21-01-2026 12:30||NIFTY27JAN2624100PE,0.20516428962777125
21-01-2026 12:30||NIFTY27JAN2624200PE,0.19532200048347
21-01-2026 12:30||NIFTY27JAN2625300CE,0.13818007902281323
21-01-2026 12:30||NIFTY27JAN2625800CE,0.13483930570042804
21-01-2026 12:35||NIFTY27JAN2624000PE,0.21475860569044886
21-01-2026 12:35||NIFTY27JAN2624100PE,0.20538384637611978
21-01-2026 12:35||NIFTY27JAN2625600CE,0.13225190872778597
21-01-2026 12:35||NIFTY27JAN2626400CE,0.1671649688284918
21-01-2026 12:40||NIFTY27JAN2624500PE,0.17453329882384352
21-01-2026 12:40||NIFTY27JAN2624700PE,0.15651543236108176
21-01-2026 12:40||NIFTY27JAN2624800PE,0.14886463916453777
21-01-2026 12:40||NIFTY27JAN2625200CE,0.13593442466840572
21-01-2026 12:40||NIFTY27JAN2625400CE,0.12682011988998215
21-01-2026 12:40||NIFTY27JAN2625900CE,0.13222533471949205
21-01-2026 12:45||NIFTY27JAN2623800PE,0.24199973776504835
21-01-2026 12:45||NIFTY27JAN2624400PE,0.18750487630875043
21-01-2026 12:45||NIFTY27JAN2625300CE,0.14134772086742092
21-01-2026 12:45||NIFTY27JAN2625800CE,0.13086640277705247
21-01-2026 12:45||NIFTY27JAN2626200CE,0.14727076835479674
21-01-2026 12:50||NIFTY27JAN2623800PE,0.24573377542456
21-01-2026 12:50||NIFTY27JAN2624100PE,0.2197256488607477
21-01-2026 12:50||NIFTY27JAN2625200CE,0.1522228747031071
21-01-2026 12:50||NIFTY27JAN2625500CE,0.13192835135193637
21-01-2026 12:50||NIFTY27JAN2625600CE,0.1305019123055254
21-01-2026 12:55||NIFTY27JAN2625300CE,0.13324142487395266
21-01-2026 12:55||NIFTY27JAN2625400CE,0.12746543728277646
21-01-2026 12:55||NIFTY27JAN2625600CE,0.12469792182909807
21-01-2026 12:55||NIFTY27JAN2625700CE,0.12506686412334242
21-01-2026 12:55||NIFTY27JAN2625800CE,0.1270229852635054
21-01-2026 12:55||NIFTY27JAN2625900CE,0.13012396176960425
21-01-2026 12:55||NIFTY27JAN2626500CE,0.16400789686878042
21-01-2026 13:00||NIFTY27JAN2624600PE,0.17433043751111427
21-01-2026 13:00||NIFTY27JAN2624700PE,0.1650330055954341
21-01-2026 13:00||NIFTY27JAN2626100CE,0.1395946041951635
21-01-2026 13:05||NIFTY27JAN2623800PE,0.2498845347338446
21-01-2026 13:05||NIFTY27JAN2623900PE,0.2412884976539298
21-01-2026 13:05||NIFTY27JAN2624100PE,0.2237372502430554
21-01-2026 13:05||NIFTY27JAN2625600CE,0.11641518050622877
21-01-2026 13:05||NIFTY27JAN2626300CE,0.14951610633939272
21-01-2026 13:05||NIFTY27JAN2626400CE,0.15643241632040858
21-01-2026 13:10||NIFTY27JAN2625800CE,0.13015457115693663
21-01-2026 13:10||NIFTY27JAN2626200CE,0.14908962364776612
21-01-2026 13:15||NIFTY27JAN2624400PE,0.18944360448510517
21-01-2026 13:15||NIFTY27JAN2625400CE,0.12426702788618471
21-01-2026 13:15||NIFTY27JAN2625800CE,0.12674958563381553
21-01-2026 13:20||NIFTY27JAN2623800PE,0.2452580334961654
21-01-2026 13:20||NIFTY27JAN2623900PE,0.23647581201176218
21-01-2026 13:20||NIFTY27JAN2624600PE,0.1721386296840107
21-01-2026 13:20||NIFTY27JAN2624800PE,0.15607299087229437
21-01-2026 13:20||NIFTY27JAN2625400CE,0.12144589188741674
21-01-2026 13:20||NIFTY27JAN2626200CE,0.1473351984394304
21-01-2026 13:25||NIFTY27JAN2624200PE,0.20513856260609487
21-01-2026 13:25||NIFTY27JAN2624300PE,0.19573303609468717
21-01-2026 13:25||NIFTY27JAN2624900PE,0.143769499970331
21-01-2026 13:25||NIFTY27JAN2625000PE,0.1373053538114149
21-01-2026 13:25||NIFTY27JAN2625200CE,0.13468424801355827
21-01-2026 13:25||NIFTY27JAN2625700CE,0.1263336809086052
21-01-2026 13:25||NIFTY27JAN2626000CE,0.1387351053667774
21-01-2026 13:25||NIFTY27JAN2626300CE,0.15733481825889353
21-01-2026 13:30||NIFTY27JAN2624000PE,0.22911228959264943
21-01-2026 13:30||NIFTY27JAN2624400PE,0.19132437035707348
21-01-2026 13:30||NIFTY27JAN2625200CE,0.11442962651591256
21-01-2026 13:30||NIFTY27JAN2625300CE,0.11349440387306921
21-01-2026 13:30||NIFTY27JAN2625800CE,0.12274040129943478
21-01-2026 13:30||NIFTY27JAN2626200CE,0.14758626464159585
21-01-2026 13:30||NIFTY27JAN2626300CE,0.1549328554726089
21-01-2026 13:35||NIFTY27JAN2623800PE,0.23499264246043658
21-01-2026 13:35||NIFTY27JAN2624000PE,0.21781130291631687
21-01-2026 13:35||NIFTY27JAN2624700PE,0.1526645042490671
21-01-2026 13:35||NIFTY27JAN2624800PE,0.14456321996730162
21-01-2026 13:35||NIFTY27JAN2625800CE,0.13504183146206247
21-01-2026 13:35||NIFTY27JAN2626300CE,0.15999893990605574
21-01-2026 13:40||NIFTY27JAN2624600PE,0.1666638314754201
21-01-2026 13:40||NIFTY27JAN2624800PE,0.1509160182960753
21-01-2026 13:40||NIFTY27JAN2625300CE,0.1291722148008791
21-01-2026 13:40||NIFTY27JAN2625800CE,0.12959540180655016
21-01-2026 13:40||NIFTY27JAN2626200CE,0.1513005986460134
21-01-2026 13:45||NIFTY27JAN2624800PE,0.15040560101896394
21-01-2026 13:45||NIFTY27JAN2625400CE,0.12497214364736076
21-01-2026 13:45||NIFTY27JAN2625900CE,0.13332045903716738
21-01-2026 13:50||NIFTY27JAN2625100PE,0.13510391902981336
21-01-2026 13:50||NIFTY27JAN2626100CE,0.14502605660668885
21-01-2026 13:55||NIFTY27JAN2624300PE,0.1934232457512435
21-01-2026 13:55||NIFTY27JAN2624400PE,0.18414725683925529
21-01-2026 13:55||NIFTY27JAN2625500CE,0.12241686983616033
21-01-2026 13:55||NIFTY27JAN2625700CE,0.12587563273841285
21-01-2026 14:00||NIFTY27JAN2623800PE,0.23266399395593954
21-01-2026 14:00||NIFTY27JAN2624200PE,0.19616579440959359
21-01-2026 14:00||NIFTY27JAN2624600PE,0.16007283477431422
21-01-2026 14:00||NIFTY27JAN2625000PE,0.13314427652400265
21-01-2026 14:00||NIFTY27JAN2625200CE,0.13086462540196003
21-01-2026 14:05||NIFTY27JAN2624500PE,0.16980281557241256
21-01-2026 14:05||NIFTY27JAN2625000PE,0.1362474099419772
21-01-2026 14:05||NIFTY27JAN2625400CE,0.11974302292800226
21-01-2026 14:05||NIFTY27JAN2626100CE,0.14553547620297486
21-01-2026 14:05||NIFTY27JAN2626500CE,0.1771939460670357
21-01-2026 14:10||NIFTY27JAN2624000PE,0.2125144759973901
21-01-2026 14:10||NIFTY27JAN2624100PE,0.20275601846367527
21-01-2026 14:10||NIFTY27JAN2624400PE,0.17501970723522114
21-01-2026 14:10||NIFTY27JAN2624500PE,0.16626143469628527
21-01-2026 14:10||NIFTY27JAN2625000PE,0.1328624104355029
21-01-2026 14:10||NIFTY27JAN2625200CE,0.12220640057629345
21-01-2026 14:10||NIFTY27JAN2626000CE,0.1412949779800898
21-01-2026 14:10||NIFTY27JAN2626400CE,0.1707613731529944
21-01-2026 14:10||NIFTY27JAN2626500CE,0.1793420807341624
21-01-2026 14:15||NIFTY27JAN2624700PE,0.14107981366660724
21-01-2026 14:15||NIFTY27JAN2625400CE,0.1309112628676848
21-01-2026 14:15||NIFTY27JAN2625800CE,0.1336256575876187
21-01-2026 14:15||NIFTY27JAN2626100CE,0.1485906666538865
21-01-2026 14:20||NIFTY27JAN2624000PE,0.21583088436832998
21-01-2026 14:20||NIFTY27JAN2624300PE,0.18755393870990458
21-01-2026 14:20||NIFTY27JAN2624700PE,0.15514245786028572
21-01-2026 14:20||NIFTY27JAN2625200CE,0.11091238160615863
21-01-2026 14:20||NIFTY27JAN2625600CE,0.11583908542838822
21-01-2026 14:20||NIFTY27JAN2626100CE,0.1420068186199706
21-01-2026 14:20||NIFTY27JAN2626500CE,0.17345324899172662
21-01-2026 14:25||NIFTY27JAN2623900PE,0.22066692207653887
21-01-2026 14:25||NIFTY27JAN2624800PE,0.14820969124398728
21-01-2026 14:25||NIFTY27JAN2624900PE,0.14277263789756678
21-01-2026 14:25||NIFTY27JAN2625100PE,0.13431568282326184
21-01-2026 14:25||NIFTY27JAN2626500CE,0.1784486722759649
21-01-2026 14:30||NIFTY27JAN2624500PE,0.1588195248483508
21-01-2026 14:30||NIFTY27JAN2624600PE,0.1496571814919298
21-01-2026 14:30||NIFTY27JAN2624800PE,0.1335972401934113
21-01-2026 14:30||NIFTY27JAN2625200CE,0.13704487182328842
21-01-2026 14:30||NIFTY27JAN2625300CE,0.13314761379730328
21-01-2026 14:30||NIFTY27JAN2626300CE,0.16357613873173357
21-01-2026 14:35||NIFTY27JAN2624200PE,0.18856160413154033
21-01-2026 14:35||NIFTY27JAN2624700PE,0.1441504525352793
21-01-2026 14:35||NIFTY27JAN2624800PE,0.13744582615494613
21-01-2026 14:35||NIFTY27JAN2625100PE,0.12015844290587774
21-01-2026 14:35||NIFTY27JAN2625200CE,0.12795858094529997
21-01-2026 14:35||NIFTY27JAN2625800CE,0.13103592402763625
21-01-2026 14:35||NIFTY27JAN2626100CE,0.14771236566114948
21-01-2026 14:40||NIFTY27JAN2624000PE,0.20918974174598304
21-01-2026 14:40||NIFTY27JAN2624200PE,0.19026663161981044
21-01-2026 14:40||NIFTY27JAN2624500PE,0.16384683223485771
21-01-2026 14:40||NIFTY27JAN2624600PE,0.15562185470419124
21-01-2026 14:40||NIFTY27JAN2624700PE,0.14856459062830746
21-01-2026 14:40||NIFTY27JAN2625100PE,0.12802638873846506
21-01-2026 14:40||NIFTY27JAN2625200CE,0.1199359834059835
21-01-2026 14:40||NIFTY27JAN2625400CE,0.1187085431061215
21-01-2026 14:40||NIFTY27JAN2625800CE,0.12759556301816477
21-01-2026 14:40||NIFTY27JAN2626200CE,0.15289254155794318
21-01-2026 14:45||NIFTY27JAN2624500PE,0.1617058533530305
21-01-2026 14:45||NIFTY27JAN2625400CE,0.12202113133636465
21-01-2026 14:45||NIFTY27JAN2625900CE,0.1342812351564671
21-01-2026 14:45||NIFTY27JAN2626100CE,0.14662566072745103
21-01-2026 14:50||NIFTY27JAN2623900PE,0.21341659864553042
21-01-2026 14:50||NIFTY27JAN2624900PE,0.13447401198139708
21-01-2026 14:50||NIFTY27JAN2625200CE,0.11977838655682517
21-01-2026 14:50||NIFTY27JAN2625300CE,0.11848844626993646
21-01-2026 14:50||NIFTY27JAN2625500CE,0.11903389043620048
21-01-2026 14:50||NIFTY27JAN2625800CE,0.1269453837531654
21-01-2026 14:50||NIFTY27JAN2626300CE,0.1593363748014118
21-01-2026 14:55||NIFTY27JAN2624200PE,0.18783440803412607
21-01-2026 14:55||NIFTY27JAN2625300CE,0.11953766282402231
21-01-2026 14:55||NIFTY27JAN2625700CE,0.12322558636549495
21-01-2026 14:55||NIFTY27JAN2626100CE,0.14509091917930908
21-01-2026 15:00||NIFTY27JAN2623900PE,0.2140005791788504
21-01-2026 15:00||NIFTY27JAN2624100PE,0.19490108670272452
21-01-2026 15:00||NIFTY27JAN2624500PE,0.15687560832488953
21-01-2026 15:00||NIFTY27JAN2624800PE,0.13305077828739476
21-01-2026 15:00||NIFTY27JAN2625000PE,0.12090413983852344
21-01-2026 15:00||NIFTY27JAN2625200CE,0.13681258210904046
21-01-2026 15:00||NIFTY27JAN2625300CE,0.13126949711472477
21-01-2026 15:00||NIFTY27JAN2625600CE,0.12464792975836363
21-01-2026 15:00||NIFTY27JAN2626400CE,0.16639639570793133
21-01-2026 15:05||NIFTY27JAN2624300PE,0.1796186023864978
21-01-2026 15:05||NIFTY27JAN2625100PE,0.12826648407216773
21-01-2026 15:05||NIFTY27JAN2626200CE,0.14997916552068177
21-01-2026 15:10||NIFTY27JAN2624300PE,0.1801011775189539
21-01-2026 15:10||NIFTY27JAN2624500PE,0.16270877228024638
21-01-2026 15:10||NIFTY27JAN2624600PE,0.15454794427795307
21-01-2026 15:10||NIFTY27JAN2625700CE,0.119044958659068
21-01-2026 15:10||NIFTY27JAN2625800CE,0.12355694065911507
21-01-2026 15:10||NIFTY27JAN2625900CE,0.12922250729378992
21-01-2026 15:10||NIFTY27JAN2626500CE,0.17656249733756674
21-01-2026 15:15||NIFTY27JAN2624200PE,0.1873765393927829
21-01-2026 15:15||NIFTY27JAN2624300PE,0.17805725680655257
21-01-2026 15:15||NIFTY27JAN2624800PE,0.13908269600094994
21-01-2026 15:15||NIFTY27JAN2624900PE,0.13353550198056863
21-01-2026 15:15||NIFTY27JAN2625200CE,0.12126274803100523
21-01-2026 15:15||NIFTY27JAN2625300CE,0.11873585878671954
21-01-2026 15:15||NIFTY27JAN2625600CE,0.1185144531447785
21-01-2026 15:15||NIFTY27JAN2625700CE,0.12097458798816718
21-01-2026 15:15||NIFTY27JAN2625900CE,0.13058190313614698
21-01-2026 15:15||NIFTY27JAN2626200CE,0.15221094649914918
21-01-2026 15:20||NIFTY27JAN2623800PE,0.22218859471037025
21-01-2026 15:20||NIFTY27JAN2624800PE,0.14072132579371865
21-01-2026 15:20||NIFTY27JAN2625100PE,0.12639041297627027
21-01-2026 15:20||NIFTY27JAN2625400CE,0.11126034457210669
21-01-2026 15:20||NIFTY27JAN2625600CE,0.11450513846158888
21-01-2026 15:25||NIFTY27JAN2623800PE,0.2206039306472692
21-01-2026 15:25||NIFTY27JAN2624200PE,0.18154766769276362
21-01-2026 15:25||NIFTY27JAN2624500PE,0.15316944268456825
21-01-2026 15:25||NIFTY27JAN2624800PE,0.13017248754178118
21-01-2026 15:25||NIFTY27JAN2625100PE,0.1139936388401184
21-01-2026 15:25||NIFTY27JAN2626200CE,0.1503650641927696
22-01-2026 09:15||NIFTY27JAN2623800PE,0.2461033636989205
22-01-2026 09:15||NIFTY27JAN2625100PE,0.12482320616144663
22-01-2026 09:15||NIFTY27JAN2625300CE,0.10409508911593648
22-01-2026 09:20||NIFTY27JAN2623900PE,0.2334209878662179
22-01-2026 09:20||NIFTY27JAN2624000PE,0.22243803879734975
22-01-2026 09:20||NIFTY27JAN2624300PE,0.1891359975308439
22-01-2026 09:20||NIFTY27JAN2624500PE,0.1668786384751346
22-01-2026 09:20||NIFTY27JAN2624800PE,0.13891441169458962
22-01-2026 09:20||NIFTY27JAN2625200CE,0.11755862074756256
22-01-2026 09:20||NIFTY27JAN2626300CE,0.15037702491981386
22-01-2026 09:25||NIFTY27JAN2624700PE,0.1437447585628734
22-01-2026 09:25||NIFTY27JAN2625000PE,0.1179664528280947
22-01-2026 09:25||NIFTY27JAN2625200CE,0.15176479661544454
22-01-2026 09:25||NIFTY27JAN2625500CE,0.12389599826081236
22-01-2026 09:25||NIFTY27JAN2625600CE,0.12268756189076044
22-01-2026 09:25||NIFTY27JAN2626200CE,0.1445257719778411
22-01-2026 09:30||NIFTY27JAN2624600PE,0.20293961420097326
22-01-2026 09:30||NIFTY27JAN2624800PE,0.17354186958679027
22-01-2026 09:30||NIFTY27JAN2624900PE,0.15955568788095273
22-01-2026 09:30||NIFTY27JAN2625100PE,0.13129737352904375
22-01-2026 09:30||NIFTY27JAN2625500CE,0.11543524837336613
22-01-2026 09:30||NIFTY27JAN2625800CE,0.11941381724778366
22-01-2026 09:30||NIFTY27JAN2626000CE,0.12984410888519957
22-01-2026 09:30||NIFTY27JAN2626300CE,0.1509674585145776
22-01-2026 09:35||NIFTY27JAN2624100PE,0.27866624818141006
22-01-2026 09:40||NIFTY27JAN2624100PE,0.26718606422693236
22-01-2026 09:40||NIFTY27JAN2624500PE,0.21739423661856652
22-01-2026 09:40||NIFTY27JAN2626000CE,0.1314469552975594
22-01-2026 09:40||NIFTY27JAN2626200CE,0.1449901650133423
22-01-2026 09:45||NIFTY27JAN2623900PE,0.2784892195930126
22-01-2026 09:45||NIFTY27JAN2624200PE,0.2465163727832843
22-01-2026 09:50||NIFTY27JAN2623900PE,0.2738843046014423
22-01-2026 09:50||NIFTY27JAN2624100PE,0.253653959934818
22-01-2026 09:50||NIFTY27JAN2624900PE,0.1642190339221007
22-01-2026 09:50||NIFTY27JAN2625000PE,0.15429385600605447
22-01-2026 09:50||NIFTY27JAN2625600CE,0.10769157953439536
22-01-2026 09:50||NIFTY27JAN2625800CE,0.11401324025809666
22-01-2026 09:50||NIFTY27JAN2625900CE,0.11913049332525934
22-01-2026 09:50||NIFTY27JAN2626300CE,0.1473851642134463
22-01-2026 09:50||NIFTY27JAN2626500CE,0.16402053527423732
22-01-2026 09:55||NIFTY27JAN2624700PE,0.16452993166113714
22-01-2026 09:55||NIFTY27JAN2624800PE,0.15424664999255233
22-01-2026 09:55||NIFTY27JAN2624900PE,0.14427584995206344
22-01-2026 09:55||NIFTY27JAN2625200CE,0.13861851832316874
22-01-2026 09:55||NIFTY27JAN2625500CE,0.11953464309508993
22-01-2026 10:00||NIFTY27JAN2624200PE,0.21841440159041978
22-01-2026 10:00||NIFTY27JAN2624700PE,0.16356304077959508
22-01-2026 10:00||NIFTY27JAN2625100PE,0.1281477589671215
22-01-2026 10:00||NIFTY27JAN2625400CE,0.10340950369079492
22-01-2026 10:00||NIFTY27JAN2625600CE,0.10451271541125372
22-01-2026 10:00||NIFTY27JAN2626100CE,0.12767828221214203
22-01-2026 10:00||NIFTY27JAN2626500CE,0.1588052524500187
22-01-2026 10:05||NIFTY27JAN2624500PE,0.18477698178606894
22-01-2026 10:05||NIFTY27JAN2624800PE,0.15318795750462003
22-01-2026 10:05||NIFTY27JAN2625000PE,0.13535978255468795
22-01-2026 10:05||NIFTY27JAN2625400CE,0.10870044655448852
22-01-2026 10:05||NIFTY27JAN2625700CE,0.10990032571257359
22-01-2026 10:05||NIFTY27JAN2625800CE,0.11324301789760836
22-01-2026 10:05||NIFTY27JAN2626100CE,0.12981567537945723
22-01-2026 10:05||NIFTY27JAN2626400CE,0.1521107787647308
22-01-2026 10:10||NIFTY27JAN2623800PE,0.2563832494741848
22-01-2026 10:10||NIFTY27JAN2624200PE,0.21453538805342473
22-01-2026 10:10||NIFTY27JAN2624300PE,0.20401417155503487
22-01-2026 10:10||NIFTY27JAN2624500PE,0.18061589706308065
22-01-2026 10:10||NIFTY27JAN2624800PE,0.1482961733433127
22-01-2026 10:10||NIFTY27JAN2625300CE,0.12840141521443604
22-01-2026 10:10||NIFTY27JAN2625500CE,0.11694292173646058
22-01-2026 10:10||NIFTY27JAN2626200CE,0.1415146328489152
22-01-2026 10:10||NIFTY27JAN2626300CE,0.1488715421667554
22-01-2026 10:15||NIFTY27JAN2623900PE,0.2488879917620652
22-01-2026 10:15||NIFTY27JAN2624400PE,0.1972404186607246
22-01-2026 10:15||NIFTY27JAN2625000PE,0.14030955994191954
22-01-2026 10:15||NIFTY27JAN2625300CE,0.09732389203057057
22-01-2026 10:15||NIFTY27JAN2625400CE,0.0984185586401388
22-01-2026 10:20||NIFTY27JAN2624000PE,0.22600433700453834
22-01-2026 10:20||NIFTY27JAN2625000PE,0.12486267846913736
22-01-2026 10:20||NIFTY27JAN2625100PE,0.1162298194990996
22-01-2026 10:20||NIFTY27JAN2625400CE,0.11957033666508755
22-01-2026 10:20||NIFTY27JAN2625500CE,0.1172454286668595
22-01-2026 10:20||NIFTY27JAN2625600CE,0.1171726033867347
22-01-2026 10:20||NIFTY27JAN2625900CE,0.1250393886681202
22-01-2026 10:25||NIFTY27JAN2623900PE,0.22991330734723536
22-01-2026 10:25||NIFTY27JAN2624000PE,0.22010500321994425
22-01-2026 10:25||NIFTY27JAN2624200PE,0.1992751569504456
22-01-2026 10:25||NIFTY27JAN2625100PE,0.1272728601727184
22-01-2026 10:25||NIFTY27JAN2625900CE,0.11788149860188502
22-01-2026 10:25||NIFTY27JAN2626300CE,0.14897858085156668
22-01-2026 10:30||NIFTY27JAN2624300PE,0.18412032802513464
22-01-2026 10:30||NIFTY27JAN2625800CE,0.1260688128994721
22-01-2026 10:30||NIFTY27JAN2626100CE,0.14350532477146796
22-01-2026 10:35||NIFTY27JAN2625100PE,0.12416877487808613
22-01-2026 10:35||NIFTY27JAN2625200CE,0.09613316279107799
22-01-2026 10:35||NIFTY27JAN2625300CE,0.09799281034868043
22-01-2026 10:35||NIFTY27JAN2625400CE,0.10172898889391124
22-01-2026 10:35||NIFTY27JAN2625800CE,0.11648798827769861
22-01-2026 10:40||NIFTY27JAN2624300PE,0.18360152905892319
22-01-2026 10:40||NIFTY27JAN2624600PE,0.15313912769266044
22-01-2026 10:40||NIFTY27JAN2625000PE,0.12369557195732048
22-01-2026 10:40||NIFTY27JAN2625800CE,0.12116668723644466
22-01-2026 10:40||NIFTY27JAN2625900CE,0.12657058411823346
22-01-2026 10:40||NIFTY27JAN2626000CE,0.133578449900894
22-01-2026 10:45||NIFTY27JAN2623900PE,0.2260940706248926
22-01-2026 10:45||NIFTY27JAN2625000PE,0.12668524006505516
22-01-2026 10:45||NIFTY27JAN2625400CE,0.11074312114505086
22-01-2026 10:45||NIFTY27JAN2625500CE,0.11138349146174854
22-01-2026 10:45||NIFTY27JAN2625700CE,0.11603035083548817
22-01-2026 10:45||NIFTY27JAN2625900CE,0.1265161841529429
22-01-2026 10:45||NIFTY27JAN2626400CE,0.1669731773065984
22-01-2026 10:45||NIFTY27JAN2626500CE,0.17651037368192754
22-01-2026 10:50||NIFTY27JAN2623900PE,0.22533322214362345
22-01-2026 10:50||NIFTY27JAN2624400PE,0.1738061693995473
22-01-2026 10:50||NIFTY27JAN2624500PE,0.16368878639022552
22-01-2026 10:50||NIFTY27JAN2624600PE,0.15412384842767524
22-01-2026 10:50||NIFTY27JAN2624900PE,0.13090245895974914
22-01-2026 10:50||NIFTY27JAN2625000PE,0.12484761307705455
22-01-2026 10:50||NIFTY27JAN2625300CE,0.1168701024307414
22-01-2026 10:50||NIFTY27JAN2625700CE,0.11893375336983092
22-01-2026 10:50||NIFTY27JAN2625900CE,0.12904972612562357
22-01-2026 10:50||NIFTY27JAN2626000CE,0.13632441583541316
22-01-2026 10:50||NIFTY27JAN2626300CE,0.16039746436987792
22-01-2026 10:55||NIFTY27JAN2624000PE,0.2201531504678761
22-01-2026 10:55||NIFTY27JAN2624200PE,0.1997586850495833
22-01-2026 10:55||NIFTY27JAN2624600PE,0.16297347355624361
22-01-2026 10:55||NIFTY27JAN2625900CE,0.1264642050675283
22-01-2026 11:00||NIFTY27JAN2624400PE,0.17403942822734822
22-01-2026 11:00||NIFTY27JAN2624800PE,0.14066116450042954
22-01-2026 11:00||NIFTY27JAN2626300CE,0.16426860152987038
22-01-2026 11:05||NIFTY27JAN2624500PE,0.1627610678795174
22-01-2026 11:05||NIFTY27JAN2624800PE,0.13863894830506068
22-01-2026 11:05||NIFTY27JAN2625500CE,0.12132522435098217
22-01-2026 11:05||NIFTY27JAN2625600CE,0.12293284864425222
22-01-2026 11:05||NIFTY27JAN2625900CE,0.13571497431420598
22-01-2026 11:05||NIFTY27JAN2626200CE,0.15770850843201328
22-01-2026 11:10||NIFTY27JAN2623800PE,0.23200091187216298
22-01-2026 11:10||NIFTY27JAN2624300PE,0.18436287403286616
22-01-2026 11:10||NIFTY27JAN2624600PE,0.15733727068645142
22-01-2026 11:10||NIFTY27JAN2624700PE,0.1497711143745256
22-01-2026 11:10||NIFTY27JAN2625000PE,0.13235482515559482
22-01-2026 11:10||NIFTY27JAN2625100PE,0.12739051243574942
22-01-2026 11:10||NIFTY27JAN2625400CE,0.11685669499630343
22-01-2026 11:10||NIFTY27JAN2625800CE,0.12770168641653326
22-01-2026 11:10||NIFTY27JAN2626100CE,0.14770748616063417
22-01-2026 11:15||NIFTY27JAN2623900PE,0.22214047076997848
22-01-2026 11:15||NIFTY27JAN2624300PE,0.1829357844033143
22-01-2026 11:15||NIFTY27JAN2625600CE,0.11996199779629459
22-01-2026 11:15||NIFTY27JAN2625800CE,0.12822180134764477
22-01-2026 11:15||NIFTY27JAN2626100CE,0.1493662831020222
22-01-2026 11:15||NIFTY27JAN2626200CE,0.15800146206717175
22-01-2026 11:15||NIFTY27JAN2626400CE,0.1755831890138636
22-01-2026 11:15||NIFTY27JAN2626500CE,0.18512035103476038
22-01-2026 11:20||NIFTY27JAN2623900PE,0.2185013352039658
22-01-2026 11:20||NIFTY27JAN2624700PE,0.13998705666582825
22-01-2026 11:20||NIFTY27JAN2624800PE,0.13259083344121814
22-01-2026 11:20||NIFTY27JAN2625600CE,0.12781723827437516
22-01-2026 11:20||NIFTY27JAN2625900CE,0.1381365632465362
22-01-2026 11:25||NIFTY27JAN2623800PE,0.2368213838742904
22-01-2026 11:25||NIFTY27JAN2623900PE,0.22673474516646228
22-01-2026 11:25||NIFTY27JAN2624000PE,0.21696144963304168
22-01-2026 11:25||NIFTY27JAN2624500PE,0.16684555313704436
22-01-2026 11:25||NIFTY27JAN2624600PE,0.15800350044663503
22-01-2026 11:25||NIFTY27JAN2625800CE,0.12311008719650324
22-01-2026 11:25||NIFTY27JAN2625900CE,0.12905372779326638
22-01-2026 11:25||NIFTY27JAN2626500CE,0.17735407724583874
22-01-2026 11:30||NIFTY27JAN2624300PE,0.18023163008609835
22-01-2026 11:30||NIFTY27JAN2625800CE,0.13035554077486608
22-01-2026 11:30||NIFTY27JAN2626000CE,0.14272001789934058
22-01-2026 11:35||NIFTY27JAN2624200PE,0.19307314579439255
22-01-2026 11:35||NIFTY27JAN2625500CE,0.11671194292870583
22-01-2026 11:35||NIFTY27JAN2625900CE,0.13268752569646994
22-01-2026 11:40||NIFTY27JAN2624200PE,0.19296727331583238
22-01-2026 11:40||NIFTY27JAN2624700PE,0.14990266258110158
22-01-2026 11:40||NIFTY27JAN2625200CE,0.10872517246017742
22-01-2026 11:40||NIFTY27JAN2626300CE,0.1671310701339967
22-01-2026 11:45||NIFTY27JAN2623900PE,0.21758347760008762
22-01-2026 11:45||NIFTY27JAN2624400PE,0.16763784577636826
22-01-2026 11:45||NIFTY27JAN2625000PE,0.12398456067937472
22-01-2026 11:45||NIFTY27JAN2626500CE,0.18848137207597865
22-01-2026 11:50||NIFTY27JAN2624500PE,0.1633534340197296
22-01-2026 11:50||NIFTY27JAN2624800PE,0.14153988992515837
22-01-2026 11:50||NIFTY27JAN2625200CE,0.11713914554826514
22-01-2026 11:50||NIFTY27JAN2625700CE,0.12642372996692464
22-01-2026 11:50||NIFTY27JAN2626200CE,0.16005385063593378
22-01-2026 11:50||NIFTY27JAN2626300CE,0.16832839747426778
22-01-2026 11:55||NIFTY27JAN2624000PE,0.21030627816671982
22-01-2026 11:55||NIFTY27JAN2625000PE,0.13247114263948503
22-01-2026 12:00||NIFTY27JAN2623800PE,0.22621150070691137
22-01-2026 12:00||NIFTY27JAN2624300PE,0.17638079571747023
22-01-2026 12:00||NIFTY27JAN2625600CE,0.1318522713573614
22-01-2026 12:00||NIFTY27JAN2625700CE,0.1342634626640532
22-01-2026 12:00||NIFTY27JAN2626100CE,0.15848815203647698
22-01-2026 12:00||NIFTY27JAN2626400CE,0.18405577078375332
22-01-2026 12:05||NIFTY27JAN2624300PE,0.17964439944046046
22-01-2026 12:05||NIFTY27JAN2625600CE,0.12684096206052436
22-01-2026 12:05||NIFTY27JAN2625700CE,0.1293492695709424
22-01-2026 12:05||NIFTY27JAN2626000CE,0.14641453520058675
22-01-2026 12:05||NIFTY27JAN2626300CE,0.16993022134477348
22-01-2026 12:10||NIFTY27JAN2624000PE,0.2091474779541921
22-01-2026 12:10||NIFTY27JAN2624500PE,0.15874051339842515
22-01-2026 12:10||NIFTY27JAN2625500CE,0.12420538782277782
22-01-2026 12:10||NIFTY27JAN2625800CE,0.13266615839074544
22-01-2026 12:10||NIFTY27JAN2626100CE,0.15216646180780133
22-01-2026 12:15||NIFTY27JAN2623800PE,0.2272170240147726
22-01-2026 12:15||NIFTY27JAN2624000PE,0.20746879938399831
22-01-2026 12:15||NIFTY27JAN2624500PE,0.1572320241117481
22-01-2026 12:15||NIFTY27JAN2626100CE,0.15296065870984452
22-01-2026 12:15||NIFTY27JAN2626400CE,0.17844248942418345
22-01-2026 12:15||NIFTY27JAN2626500CE,0.18792038377996623
22-01-2026 12:20||NIFTY27JAN2624800PE,0.1446717797545409
22-01-2026 12:20||NIFTY27JAN2624900PE,0.13922443354610495
22-01-2026 12:20||NIFTY27JAN2625900CE,0.13069132702114267
22-01-2026 12:20||NIFTY27JAN2626000CE,0.13834220601275757
22-01-2026 12:20||NIFTY27JAN2626500CE,0.18033954231969082
22-01-2026 12:25||NIFTY27JAN2623900PE,0.22033841441081548
22-01-2026 12:25||NIFTY27JAN2624200PE,0.18921064277427382
22-01-2026 12:25||NIFTY27JAN2624700PE,0.1414601210817963
22-01-2026 12:25||NIFTY27JAN2624800PE,0.1343922410878367
22-01-2026 12:25||NIFTY27JAN2625300CE,0.12683954473882905
22-01-2026 12:30||NIFTY27JAN2624200PE,0.189934542975791
22-01-2026 12:30||NIFTY27JAN2624400PE,0.1697737137503053
22-01-2026 12:30||NIFTY27JAN2624500PE,0.1598521111328145
22-01-2026 12:30||NIFTY27JAN2625100PE,0.11582221857252212
22-01-2026 12:30||NIFTY27JAN2625700CE,0.1248527932927043
22-01-2026 12:30||NIFTY27JAN2625800CE,0.12881929636069214
22-01-2026 12:30||NIFTY27JAN2625900CE,0.13409162108704423
22-01-2026 12:30||NIFTY27JAN2626400CE,0.1727583375378946
22-01-2026 12:35||NIFTY27JAN2623800PE,0.23232824021348003
22-01-2026 12:35||NIFTY27JAN2624400PE,0.1721033313088983
22-01-2026 12:35||NIFTY27JAN2626100CE,0.14592654181253628
22-01-2026 12:35||NIFTY27JAN2626300CE,0.16321109438842163
22-01-2026 12:40||NIFTY27JAN2624100PE,0.19865301654964082
22-01-2026 12:40||NIFTY27JAN2626200CE,0.15747296301730637
22-01-2026 12:45||NIFTY27JAN2624700PE,0.14275381725004185
22-01-2026 12:45||NIFTY27JAN2624900PE,0.12992015497089587
22-01-2026 12:45||NIFTY27JAN2625200CE,0.1145162625523585
22-01-2026 12:45||NIFTY27JAN2625700CE,0.11975429073430963
22-01-2026 12:45||NIFTY27JAN2625800CE,0.12463492924657492
22-01-2026 12:45||NIFTY27JAN2626000CE,0.13835628649996634
22-01-2026 12:45||NIFTY27JAN2626100CE,0.1456849815016185
22-01-2026 12:45||NIFTY27JAN2626200CE,0.15431371383705345
22-01-2026 12:45||NIFTY27JAN2626300CE,0.16305620791859088
22-01-2026 12:45||NIFTY27JAN2626400CE,0.17195213743775695
22-01-2026 12:50||NIFTY27JAN2624200PE,0.18983732595487704
22-01-2026 12:50||NIFTY27JAN2624300PE,0.17966961948857219
22-01-2026 12:50||NIFTY27JAN2624900PE,0.1327188045091191
22-01-2026 12:50||NIFTY27JAN2625900CE,0.12985146378719517
22-01-2026 12:50||NIFTY27JAN2626200CE,0.1548678616565131
22-01-2026 12:50||NIFTY27JAN2626300CE,0.16394748389148567
22-01-2026 12:55||NIFTY27JAN2624400PE,0.1647561574637455
22-01-2026 12:55||NIFTY27JAN2625100PE,0.12065768501078553
22-01-2026 12:55||NIFTY27JAN2626100CE,0.15186883433636716
22-01-2026 12:55||NIFTY27JAN2626400CE,0.17931270447807734
22-01-2026 13:00||NIFTY27JAN2624000PE,0.20486123520085767
22-01-2026 13:00||NIFTY27JAN2624400PE,0.16336864482434146
22-01-2026 13:00||NIFTY27JAN2624900PE,0.12520673341421829
22-01-2026 13:00||NIFTY27JAN2625700CE,0.12464931375597081
22-01-2026 13:05||NIFTY27JAN2623800PE,0.22513255197235682
22-01-2026 13:05||NIFTY27JAN2624100PE,0.19373930240326814
22-01-2026 13:05||NIFTY27JAN2624400PE,0.16350089493328768
22-01-2026 13:05||NIFTY27JAN2625000PE,0.12338865506298952
22-01-2026 13:05||NIFTY27JAN2625300CE,0.11564014293535581
22-01-2026 13:05||NIFTY27JAN2625400CE,0.11648614119314583
22-01-2026 13:05||NIFTY27JAN2625700CE,0.12428960295147835
22-01-2026 13:10||NIFTY27JAN2624200PE,0.18475242336080433
22-01-2026 13:10||NIFTY27JAN2625300CE,0.11143226305329959
22-01-2026 13:10||NIFTY27JAN2625500CE,0.1154631786896422
22-01-2026 13:10||NIFTY27JAN2626000CE,0.14416143508234217
22-01-2026 13:10||NIFTY27JAN2626500CE,0.1920939738984678
22-01-2026 13:15||NIFTY27JAN2624200PE,0.18146298828514462
22-01-2026 13:15||NIFTY27JAN2624600PE,0.1417845527733005
22-01-2026 13:15||NIFTY27JAN2624700PE,0.13350483215679174
22-01-2026 13:15||NIFTY27JAN2625200CE,0.12605402883217226
22-01-2026 13:15||NIFTY27JAN2625600CE,0.12437930173826749
22-01-2026 13:20||NIFTY27JAN2623900PE,0.21394754009399156
22-01-2026 13:20||NIFTY27JAN2624700PE,0.13631389181089998
22-01-2026 13:20||NIFTY27JAN2624900PE,0.12407786008515709
22-01-2026 13:20||NIFTY27JAN2625200CE,0.11820466330828594
22-01-2026 13:20||NIFTY27JAN2625500CE,0.11881794628448403
22-01-2026 13:20||NIFTY27JAN2626100CE,0.15268558930000628
22-01-2026 13:25||NIFTY27JAN2624900PE,0.1289975857079743
22-01-2026 13:25||NIFTY27JAN2625100PE,0.12154459561359328
22-01-2026 13:25||NIFTY27JAN2625800CE,0.12910871757339065
22-01-2026 13:25||NIFTY27JAN2626100CE,0.1529536301908112
22-01-2026 13:25||NIFTY27JAN2626300CE,0.17232043070817535
22-01-2026 13:30||NIFTY27JAN2623800PE,0.2195543608181609
22-01-2026 13:30||NIFTY27JAN2624000PE,0.19938402724863144
22-01-2026 13:30||NIFTY27JAN2624100PE,0.18912647321301745
22-01-2026 13:30||NIFTY27JAN2624600PE,0.13812812240786568
22-01-2026 13:30||NIFTY27JAN2625100PE,0.10024754035432457
22-01-2026 13:30||NIFTY27JAN2625800CE,0.13651524117032157
22-01-2026 13:30||NIFTY27JAN2625900CE,0.14212748487662455
22-01-2026 13:35||NIFTY27JAN2623800PE,0.22550945855450996
22-01-2026 13:35||NIFTY27JAN2623900PE,0.21561922038908107
22-01-2026 13:35||NIFTY27JAN2624400PE,0.16653654453647662
22-01-2026 13:35||NIFTY27JAN2624600PE,0.14942821935081127
22-01-2026 13:35||NIFTY27JAN2624700PE,0.14258655220669847
22-01-2026 13:35||NIFTY27JAN2625300CE,0.10561331587830393
22-01-2026 13:35||NIFTY27JAN2625500CE,0.11128969431964499
22-01-2026 13:35||NIFTY27JAN2625700CE,0.1187324924863517
22-01-2026 13:35||NIFTY27JAN2626000CE,0.14021760327759963
22-01-2026 13:35||NIFTY27JAN2626100CE,0.14833002744192478
22-01-2026 13:35||NIFTY27JAN2626400CE,0.17674430987177753
22-01-2026 13:40||NIFTY27JAN2624000PE,0.20292519409224039
22-01-2026 13:40||NIFTY27JAN2624200PE,0.1820522208249146
22-01-2026 13:40||NIFTY27JAN2624300PE,0.17201608122521975
22-01-2026 13:40||NIFTY27JAN2624400PE,0.1619296688901587
22-01-2026 13:40||NIFTY27JAN2624900PE,0.12139259064238536
22-01-2026 13:40||NIFTY27JAN2625100PE,0.11055871589243743
22-01-2026 13:40||NIFTY27JAN2625300CE,0.12144937425595799
22-01-2026 13:40||NIFTY27JAN2625400CE,0.12030293196985739
22-01-2026 13:40||NIFTY27JAN2625600CE,0.1230538914635507
22-01-2026 13:40||NIFTY27JAN2626000CE,0.14553034116645186
22-01-2026 13:40||NIFTY27JAN2626300CE,0.17160506188107244
22-01-2026 13:45||NIFTY27JAN2624400PE,0.15959248093777104
22-01-2026 13:45||NIFTY27JAN2625200CE,0.12750708254447374
22-01-2026 13:45||NIFTY27JAN2625800CE,0.13314314205304772
22-01-2026 13:45||NIFTY27JAN2626100CE,0.15457084841029833
22-01-2026 13:45||NIFTY27JAN2626300CE,0.1724994306361847
22-01-2026 13:50||NIFTY27JAN2623800PE,0.22331950041571352
22-01-2026 13:50||NIFTY27JAN2625200CE,0.1296476450797867
22-01-2026 13:50||NIFTY27JAN2626300CE,0.17061159353784272
22-01-2026 13:55||NIFTY27JAN2624500PE,0.15321565619540334
22-01-2026 13:55||NIFTY27JAN2624600PE,0.1437832615088753
22-01-2026 13:55||NIFTY27JAN2624800PE,0.12843114230842925
22-01-2026 13:55||NIFTY27JAN2625400CE,0.11365056915295305
22-01-2026 13:55||NIFTY27JAN2625500CE,0.11464042388760265
22-01-2026 13:55||NIFTY27JAN2625900CE,0.13204094608903932
22-01-2026 13:55||NIFTY27JAN2626000CE,0.1402296047444794
22-01-2026 13:55||NIFTY27JAN2626400CE,0.1766826071266521
22-01-2026 14:00||NIFTY27JAN2623800PE,0.2248552047592945
22-01-2026 14:00||NIFTY27JAN2623900PE,0.21415503935956878
22-01-2026 14:00||NIFTY27JAN2624300PE,0.1712223115430096
22-01-2026 14:00||NIFTY27JAN2625000PE,0.11715094597036538
22-01-2026 14:00||NIFTY27JAN2625300CE,0.11142440148860105
22-01-2026 14:00||NIFTY27JAN2625500CE,0.11278724727005088
22-01-2026 14:00||NIFTY27JAN2625600CE,0.11531458287810756
22-01-2026 14:00||NIFTY27JAN2626500CE,0.18816319033366713
22-01-2026 14:05||NIFTY27JAN2623800PE,0.2244401048079993
22-01-2026 14:05||NIFTY27JAN2624000PE,0.2031992387422505
22-01-2026 14:05||NIFTY27JAN2624200PE,0.1812518750808717
22-01-2026 14:05||NIFTY27JAN2624300PE,0.17080283798857246
22-01-2026 14:05||NIFTY27JAN2625200CE,0.10544611102286532
22-01-2026 14:05||NIFTY27JAN2626200CE,0.15817709700928578
22-01-2026 14:05||NIFTY27JAN2626400CE,0.17805906479249126
22-01-2026 14:10||NIFTY27JAN2623900PE,0.21228348897697374
22-01-2026 14:10||NIFTY27JAN2624200PE,0.1815096774296031
22-01-2026 14:10||NIFTY27JAN2625100PE,0.12048941844530867
22-01-2026 14:10||NIFTY27JAN2625900CE,0.1317197014253804
22-01-2026 14:15||NIFTY27JAN2623800PE,0.21970809086436155
22-01-2026 14:15||NIFTY27JAN2624600PE,0.1374216196089799
22-01-2026 14:15||NIFTY27JAN2625000PE,0.11345131468526899
22-01-2026 14:15||NIFTY27JAN2625100PE,0.10926863006330559
22-01-2026 14:15||NIFTY27JAN2626500CE,0.1957400742743871
22-01-2026 14:20||NIFTY27JAN2623800PE,0.2173082751885201
22-01-2026 14:20||NIFTY27JAN2623900PE,0.20696116857272534
22-01-2026 14:20||NIFTY27JAN2624000PE,0.19672880652963323
22-01-2026 14:20||NIFTY27JAN2624100PE,0.1859442293156171
22-01-2026 14:20||NIFTY27JAN2624400PE,0.1553032240221532
22-01-2026 14:20||NIFTY27JAN2624900PE,0.11603911448138812
22-01-2026 14:20||NIFTY27JAN2625400CE,0.11494313593340522
22-01-2026 14:20||NIFTY27JAN2625700CE,0.12201220406421903
22-01-2026 14:20||NIFTY27JAN2625800CE,0.12764821169162813
22-01-2026 14:20||NIFTY27JAN2625900CE,0.1346709395300557
22-01-2026 14:20||NIFTY27JAN2626100CE,0.15194743368958027
22-01-2026 14:20||NIFTY27JAN2626200CE,0.16187139306042747
22-01-2026 14:25||NIFTY27JAN2624200PE,0.17652407847462415
22-01-2026 14:25||NIFTY27JAN2624300PE,0.16571746306305518
22-01-2026 14:25||NIFTY27JAN2624600PE,0.1333797432998349
22-01-2026 14:25||NIFTY27JAN2624700PE,0.12406174760907059
22-01-2026 14:25||NIFTY27JAN2626500CE,0.19170914892372665
22-01-2026 14:30||NIFTY27JAN2623800PE,0.22375098669036686
22-01-2026 14:30||NIFTY27JAN2624300PE,0.1695955385410867
22-01-2026 14:30||NIFTY27JAN2625600CE,0.12306603595073615
22-01-2026 14:30||NIFTY27JAN2625700CE,0.12418754198397002
22-01-2026 14:30||NIFTY27JAN2625900CE,0.13307181676369936
22-01-2026 14:30||NIFTY27JAN2626500CE,0.18383054695105627
22-01-2026 14:35||NIFTY27JAN2624000PE,0.2056565713263658
22-01-2026 14:35||NIFTY27JAN2624800PE,0.12297895635155265
22-01-2026 14:35||NIFTY27JAN2625500CE,0.11684109807050745
22-01-2026 14:40||NIFTY27JAN2623800PE,0.22957346902344794
22-01-2026 14:40||NIFTY27JAN2625200CE,0.11935512634894349
22-01-2026 14:40||NIFTY27JAN2625400CE,0.1110267862745352
22-01-2026 14:40||NIFTY27JAN2626100CE,0.13874612647259138
22-01-2026 14:40||NIFTY27JAN2626500CE,0.17546507347798873
22-01-2026 14:45||NIFTY27JAN2624000PE,0.20448230270047668
22-01-2026 14:45||NIFTY27JAN2626100CE,0.1375181473630011
22-01-2026 14:50||NIFTY27JAN2624400PE,0.16105124173647517
22-01-2026 14:50||NIFTY27JAN2624500PE,0.150429472342155
22-01-2026 14:50||NIFTY27JAN2625400CE,0.10579616741957468
22-01-2026 14:50||NIFTY27JAN2625500CE,0.10569077780882188
22-01-2026 14:50||NIFTY27JAN2625600CE,0.1072741984556101
22-01-2026 14:50||NIFTY27JAN2626200CE,0.14400000578143943
22-01-2026 14:55||NIFTY27JAN2624300PE,0.16881671666374493
22-01-2026 14:55||NIFTY27JAN2625000PE,0.10914365753101815
22-01-2026 14:55||NIFTY27JAN2626100CE,0.13504171363126935
22-01-2026 14:55||NIFTY27JAN2626500CE,0.17086538178474506
22-01-2026 15:00||NIFTY27JAN2624300PE,0.16795239064594486
22-01-2026 15:00||NIFTY27JAN2624600PE,0.13757432014287962
22-01-2026 15:00||NIFTY27JAN2624900PE,0.11676586152594112
22-01-2026 15:00||NIFTY27JAN2625600CE,0.10605389061297071
22-01-2026 15:00||NIFTY27JAN2626400CE,0.1631661928013456
22-01-2026 15:05||NIFTY27JAN2625300CE,0.13018396975431687
22-01-2026 15:05||NIFTY27JAN2625400CE,0.11979983771243313
22-01-2026 15:05||NIFTY27JAN2625600CE,0.11641089319030765
22-01-2026 15:10||NIFTY27JAN2623800PE,0.22654527880122474
22-01-2026 15:10||NIFTY27JAN2624000PE,0.2038524395201622
22-01-2026 15:10||NIFTY27JAN2624200PE,0.18087463171300858
22-01-2026 15:10||NIFTY27JAN2625100PE,0.1039093382985279
22-01-2026 15:10||NIFTY27JAN2625600CE,0.10801736602046104
22-01-2026 15:10||NIFTY27JAN2626100CE,0.13066929118305948
22-01-2026 15:15||NIFTY27JAN2623800PE,0.2241475868160496
22-01-2026 15:15||NIFTY27JAN2624200PE,0.17817001730734008
22-01-2026 15:15||NIFTY27JAN2624600PE,0.13390515516013843
22-01-2026 15:15||NIFTY27JAN2625400CE,0.11360658891155614
22-01-2026 15:15||NIFTY27JAN2625800CE,0.1134872480082043
22-01-2026 15:15||NIFTY27JAN2625900CE,0.11801216246486133
22-01-2026 15:15||NIFTY27JAN2626200CE,0.13888487860088566
22-01-2026 15:15||NIFTY27JAN2626300CE,0.14742472059224687
22-01-2026 15:20||NIFTY27JAN2624800PE,0.11736759426831998
22-01-2026 15:20||NIFTY27JAN2625200CE,0.14151916429433
22-01-2026 15:20||NIFTY27JAN2626400CE,0.15416990488558566
22-01-2026 15:25||NIFTY27JAN2623800PE,0.2271079831972823
22-01-2026 15:25||NIFTY27JAN2624300PE,0.1670734563143021
22-01-2026 15:25||NIFTY27JAN2624700PE,0.1238234657130228
22-01-2026 15:25||NIFTY27JAN2625100PE,0.09635145019535273
22-01-2026 15:25||NIFTY27JAN2625200CE,0.1467836769698768
22-01-2026 15:25||NIFTY27JAN2625300CE,0.1310838928478546
22-01-2026 15:25||NIFTY27JAN2625600CE,0.10832450571270949
22-01-2026 15:25||NIFTY27JAN2625900CE,0.11504549590495558
22-01-2026 15:25||NIFTY27JAN2626000CE,0.12160311621560135
22-01-2026 15:25||NIFTY27JAN2626400CE,0.15585838834212548
23-01-2026 09:15||NIFTY27JAN2624100PE,0.20888047330788662
23-01-2026 09:15||NIFTY27JAN2624200PE,0.19668028050189404
23-01-2026 09:15||NIFTY27JAN2624300PE,0.18480539526828949
23-01-2026 09:15||NIFTY27JAN2625500CE,0.11190450290156638
23-01-2026 09:15||NIFTY27JAN2626000CE,0.1354174894899013
23-01-2026 09:15||NIFTY27JAN2626100CE,0.14354022096854321
23-01-2026 09:15||NIFTY27JAN2626200CE,0.15298346603481358
23-01-2026 09:15||NIFTY27JAN2626300CE,0.16283410586411518
23-01-2026 09:15||NIFTY27JAN2626500CE,0.18368255564007452
23-01-2026 09:20||NIFTY27JAN2623900PE,0.23267042022773232
23-01-2026 09:20||NIFTY27JAN2624400PE,0.16999793767162386
23-01-2026 09:20||NIFTY27JAN2625500CE,0.12277438157316406
23-01-2026 09:20||NIFTY27JAN2626200CE,0.15306377056159023
23-01-2026 09:20||NIFTY27JAN2626400CE,0.17250914457835947
23-01-2026 09:25||NIFTY27JAN2623800PE,0.256058773508196
23-01-2026 09:25||NIFTY27JAN2625100PE,0.11030330750328088
23-01-2026 09:25||NIFTY27JAN2626100CE,0.13512502975672944
23-01-2026 09:25||NIFTY27JAN2626200CE,0.14419916336270783
23-01-2026 09:25||NIFTY27JAN2626400CE,0.1638752263667217
23-01-2026 09:30||NIFTY27JAN2623900PE,0.242727480164766
23-01-2026 09:30||NIFTY27JAN2624000PE,0.22999058616625692
23-01-2026 09:30||NIFTY27JAN2624400PE,0.1799941027993683
23-01-2026 09:30||NIFTY27JAN2624500PE,0.16798826879053572
23-01-2026 09:30||NIFTY27JAN2624600PE,0.15708747098482462
23-01-2026 09:30||NIFTY27JAN2624700PE,0.14745253709000883
23-01-2026 09:30||NIFTY27JAN2625200CE,0.11130969372379418
23-01-2026 09:30||NIFTY27JAN2626300CE,0.15555671320327571
23-01-2026 09:35||NIFTY27JAN2623900PE,0.23914342436625838
23-01-2026 09:35||NIFTY27JAN2624000PE,0.2262841480425189
23-01-2026 09:35||NIFTY27JAN2624400PE,0.17614071629289127
23-01-2026 09:35||NIFTY27JAN2625500CE,0.10553038260700566
23-01-2026 09:35||NIFTY27JAN2626100CE,0.13768435731743886
23-01-2026 09:40||NIFTY27JAN2625400CE,0.10160163554362082
23-01-2026 09:40||NIFTY27JAN2625500CE,0.10100152100527893
23-01-2026 09:40||NIFTY27JAN2626000CE,0.12749246560278804
23-01-2026 09:45||NIFTY27JAN2623900PE,0.23561417595560658
23-01-2026 09:45||NIFTY27JAN2624100PE,0.2100557315818905
23-01-2026 09:45||NIFTY27JAN2624300PE,0.18495501778396817
23-01-2026 09:45||NIFTY27JAN2624800PE,0.12771695442778547
23-01-2026 09:45||NIFTY27JAN2624900PE,0.11937525210440147
23-01-2026 09:45||NIFTY27JAN2626100CE,0.1416900723928954
23-01-2026 09:45||NIFTY27JAN2626400CE,0.1741817091184421
23-01-2026 09:50||NIFTY27JAN2623900PE,0.23899482290039656
23-01-2026 09:50||NIFTY27JAN2624200PE,0.20127152554927571
23-01-2026 09:50||NIFTY27JAN2624400PE,0.17695565037602393
23-01-2026 09:50||NIFTY27JAN2624700PE,0.1444761842983186
23-01-2026 09:50||NIFTY27JAN2625200CE,0.11326702874192777
23-01-2026 09:50||NIFTY27JAN2625300CE,0.10707633649700496
23-01-2026 09:50||NIFTY27JAN2625700CE,0.10404478734955863
23-01-2026 09:50||NIFTY27JAN2625800CE,0.10962763026802413
23-01-2026 09:55||NIFTY27JAN2623800PE,0.24983626110532314
23-01-2026 09:55||NIFTY27JAN2624200PE,0.19788665011346127
23-01-2026 09:55||NIFTY27JAN2624800PE,0.12982842723574525
23-01-2026 09:55||NIFTY27JAN2625000PE,0.11543390941450922
23-01-2026 09:55||NIFTY27JAN2625200CE,0.12449932278844802
23-01-2026 09:55||NIFTY27JAN2625700CE,0.10864970695060414
23-01-2026 09:55||NIFTY27JAN2626300CE,0.16063782645980496
23-01-2026 10:00||NIFTY27JAN2624700PE,0.1411920456590672
23-01-2026 10:00||NIFTY27JAN2625900CE,0.11720275652416863
23-01-2026 10:00||NIFTY27JAN2626000CE,0.1262044862152332
23-01-2026 10:00||NIFTY27JAN2626100CE,0.13563500011399549
23-01-2026 10:00||NIFTY27JAN2626300CE,0.1580284808755765
23-01-2026 10:05||NIFTY27JAN2623800PE,0.25099928164785545
23-01-2026 10:05||NIFTY27JAN2624100PE,0.21215528014422458
23-01-2026 10:05||NIFTY27JAN2624600PE,0.15069648789296547
23-01-2026 10:05||NIFTY27JAN2624800PE,0.13213778134999957
23-01-2026 10:05||NIFTY27JAN2626200CE,0.14778037377265513
23-01-2026 10:10||NIFTY27JAN2623800PE,0.24984033652599483
23-01-2026 10:10||NIFTY27JAN2624000PE,0.22381050242714232
23-01-2026 10:10||NIFTY27JAN2624400PE,0.17270270206123892
23-01-2026 10:10||NIFTY27JAN2624600PE,0.14897222580777345
23-01-2026 10:10||NIFTY27JAN2624800PE,0.13009991822813496
23-01-2026 10:10||NIFTY27JAN2625300CE,0.10584621874722847
23-01-2026 10:15||NIFTY27JAN2624700PE,0.1419053603836995
23-01-2026 10:15||NIFTY27JAN2625700CE,0.10322456037919904
23-01-2026 10:15||NIFTY27JAN2625900CE,0.11795344477069933
23-01-2026 10:15||NIFTY27JAN2626000CE,0.12803071974554092
23-01-2026 10:15||NIFTY27JAN2626400CE,0.1747732998938417
23-01-2026 10:20||NIFTY27JAN2625700CE,0.10710063557288678
23-01-2026 10:20||NIFTY27JAN2625800CE,0.11323722345081429
23-01-2026 10:20||NIFTY27JAN2626100CE,0.14141859680571592
23-01-2026 10:20||NIFTY27JAN2626500CE,0.19228140421783244
23-01-2026 10:25||NIFTY27JAN2623800PE,0.2464721985569081
23-01-2026 10:25||NIFTY27JAN2624400PE,0.16921836830174267
23-01-2026 10:25||NIFTY27JAN2624600PE,0.14424556852516288
23-01-2026 10:25||NIFTY27JAN2625100PE,0.09885063694415105
23-01-2026 10:25||NIFTY27JAN2625400CE,0.10878705780351476
23-01-2026 10:25||NIFTY27JAN2626000CE,0.1301536430493803
23-01-2026 10:30||NIFTY27JAN2624100PE,0.21295046515558805
23-01-2026 10:30||NIFTY27JAN2624400PE,0.17463383960969553
23-01-2026 10:30||NIFTY27JAN2624600PE,0.1498322250503476
23-01-2026 10:30||NIFTY27JAN2625100PE,0.10452982037511246
23-01-2026 10:35||NIFTY27JAN2624000PE,0.22705264771074382
23-01-2026 10:35||NIFTY27JAN2624100PE,0.21447402282999728
23-01-2026 10:35||NIFTY27JAN2624200PE,0.201603447217409
23-01-2026 10:35||NIFTY27JAN2624500PE,0.16369644741382178
23-01-2026 10:35||NIFTY27JAN2624900PE,0.12385086635499669
23-01-2026 10:35||NIFTY27JAN2625100PE,0.10909480033502165
23-01-2026 10:35||NIFTY27JAN2625600CE,0.09822754782774103
23-01-2026 10:40||NIFTY27JAN2624000PE,0.22525182249092857
23-01-2026 10:40||NIFTY27JAN2624600PE,0.15017865812639417
23-01-2026 10:40||NIFTY27JAN2624800PE,0.1301397337170959
23-01-2026 10:40||NIFTY27JAN2625300CE,0.10581067006968334
23-01-2026 10:40||NIFTY27JAN2625800CE,0.10823309565821618
23-01-2026 10:45||NIFTY27JAN2624100PE,0.21312071012389616
23-01-2026 10:45||NIFTY27JAN2625100PE,0.1097528240750963
23-01-2026 10:45||NIFTY27JAN2625900CE,0.1135232266982824
23-01-2026 10:45||NIFTY27JAN2626200CE,0.14614600656026794
23-01-2026 10:45||NIFTY27JAN2626500CE,0.18549810102582662
23-01-2026 10:50||NIFTY27JAN2623900PE,0.23813048248459426
23-01-2026 10:50||NIFTY27JAN2625400CE,0.09734792120217628
23-01-2026 10:50||NIFTY27JAN2625700CE,0.10184639362031818
23-01-2026 10:50||NIFTY27JAN2626200CE,0.14608924698822787
23-01-2026 10:50||NIFTY27JAN2626300CE,0.15825382621176293
23-01-2026 10:50||NIFTY27JAN2626400CE,0.17054754634700223
23-01-2026 10:55||NIFTY27JAN2623800PE,0.2506527437147657
23-01-2026 10:55||NIFTY27JAN2624600PE,0.14716167009171613
23-01-2026 10:55||NIFTY27JAN2624900PE,0.1181295326931085
23-01-2026 10:55||NIFTY27JAN2626200CE,0.14766725168857167
23-01-2026 11:00||NIFTY27JAN2625100PE,0.10609124414975935
23-01-2026 11:00||NIFTY27JAN2625400CE,0.09318418351329177
23-01-2026 11:00||NIFTY27JAN2625800CE,0.1070949549061711
23-01-2026 11:00||NIFTY27JAN2626100CE,0.13632400819714438
23-01-2026 11:05||NIFTY27JAN2624200PE,0.19570178709599717
23-01-2026 11:05||NIFTY27JAN2625600CE,0.10134428336070715
23-01-2026 11:05||NIFTY27JAN2625700CE,0.10426754593796264
23-01-2026 11:05||NIFTY27JAN2626200CE,0.15067889586025757
23-01-2026 11:05||NIFTY27JAN2626500CE,0.19042571482313214
23-01-2026 11:10||NIFTY27JAN2624000PE,0.2228809613216567
23-01-2026 11:10||NIFTY27JAN2624100PE,0.21008147549772888
23-01-2026 11:10||NIFTY27JAN2625300CE,0.10152021341449854
23-01-2026 11:10||NIFTY27JAN2626300CE,0.16102149393006918
23-01-2026 11:15||NIFTY27JAN2624200PE,0.19604068547988754
23-01-2026 11:15||NIFTY27JAN2624800PE,0.12843113992910385
23-01-2026 11:15||NIFTY27JAN2624900PE,0.12054018985585728
23-01-2026 11:15||NIFTY27JAN2625300CE,0.09290066653413509
23-01-2026 11:15||NIFTY27JAN2625400CE,0.09127517466001721
23-01-2026 11:15||NIFTY27JAN2625500CE,0.09251586843992875
23-01-2026 11:15||NIFTY27JAN2625700CE,0.09991316400925697
23-01-2026 11:15||NIFTY27JAN2626300CE,0.16147256555648712
23-01-2026 11:20||NIFTY27JAN2624100PE,0.20758179607651242
23-01-2026 11:20||NIFTY27JAN2624400PE,0.16903536266790112
23-01-2026 11:20||NIFTY27JAN2624800PE,0.12336806351243039
23-01-2026 11:20||NIFTY27JAN2625100PE,0.09904265569293268
23-01-2026 11:20||NIFTY27JAN2626000CE,0.1274663857824009
23-01-2026 11:20||NIFTY27JAN2626300CE,0.16325099476630492
23-01-2026 11:25||NIFTY27JAN2623800PE,0.24785904133275732
23-01-2026 11:25||NIFTY27JAN2623900PE,0.23507008945246768
23-01-2026 11:25||NIFTY27JAN2624900PE,0.11479272189118254
23-01-2026 11:25||NIFTY27JAN2625200CE,0.10598423712326978
23-01-2026 11:25||NIFTY27JAN2625800CE,0.108651274189176
23-01-2026 11:25||NIFTY27JAN2626400CE,0.1761268003280912
23-01-2026 11:30||NIFTY27JAN2624700PE,0.1374505564044249
23-01-2026 11:30||NIFTY27JAN2624900PE,0.12077110492562773
23-01-2026 11:30||NIFTY27JAN2625000PE,0.11392857803435003
23-01-2026 11:30||NIFTY27JAN2625500CE,0.09060302086963562
23-01-2026 11:30||NIFTY27JAN2625800CE,0.10557527281248785
23-01-2026 11:30||NIFTY27JAN2626000CE,0.12503244803435537
23-01-2026 11:30||NIFTY27JAN2626200CE,0.14864517341945377
23-01-2026 11:30||NIFTY27JAN2626400CE,0.1750590719394162
23-01-2026 11:35||NIFTY27JAN2624900PE,0.12126918252177857
23-01-2026 11:35||NIFTY27JAN2625400CE,0.09127346936870535
23-01-2026 11:35||NIFTY27JAN2626000CE,0.12863979372347398
23-01-2026 11:40||NIFTY27JAN2623900PE,0.22743283971187986
23-01-2026 11:40||NIFTY27JAN2624300PE,0.17609417506647243
23-01-2026 11:40||NIFTY27JAN2624900PE,0.11580689037861268
23-01-2026 11:40||NIFTY27JAN2625500CE,0.09891024077986191
23-01-2026 11:40||NIFTY27JAN2626300CE,0.17637089707259013
23-01-2026 11:40||NIFTY27JAN2626500CE,0.20593570296040492
23-01-2026 11:45||NIFTY27JAN2625300CE,0.09604409505571046
23-01-2026 11:45||NIFTY27JAN2626100CE,0.15018717128544676
23-01-2026 11:45||NIFTY27JAN2626400CE,0.18910798881043828
23-01-2026 11:50||NIFTY27JAN2624100PE,0.19471639017860548
23-01-2026 11:50||NIFTY27JAN2624500PE,0.14623466793332957
23-01-2026 11:50||NIFTY27JAN2625400CE,0.10705643196437646
23-01-2026 11:50||NIFTY27JAN2625500CE,0.10849689871808701
23-01-2026 11:50||NIFTY27JAN2625700CE,0.11614108989470112
23-01-2026 11:55||NIFTY27JAN2624800PE,0.11995149113815051
23-01-2026 11:55||NIFTY27JAN2625100PE,0.10161096633930068
23-01-2026 11:55||NIFTY27JAN2625700CE,0.11216096713598997
23-01-2026 11:55||NIFTY27JAN2626200CE,0.1633455403825423
23-01-2026 11:55||NIFTY27JAN2626500CE,0.2042482665331976
23-01-2026 12:00||NIFTY27JAN2624000PE,0.21039955708946748
23-01-2026 12:00||NIFTY27JAN2624300PE,0.17219901497168427
23-01-2026 12:00||NIFTY27JAN2624800PE,0.1183418587400711
23-01-2026 12:00||NIFTY27JAN2625200CE,0.10520083989135598
23-01-2026 12:00||NIFTY27JAN2625800CE,0.11961420214797
23-01-2026 12:00||NIFTY27JAN2625900CE,0.12844123820465642
23-01-2026 12:00||NIFTY27JAN2626400CE,0.18869188039268628
23-01-2026 12:05||NIFTY27JAN2624600PE,0.13870955510207128
23-01-2026 12:05||NIFTY27JAN2625300CE,0.09688721331855674
23-01-2026 12:05||NIFTY27JAN2625400CE,0.09869317246181103
23-01-2026 12:05||NIFTY27JAN2626400CE,0.19038226187225388
23-01-2026 12:10||NIFTY27JAN2623900PE,0.22043041749699097
23-01-2026 12:10||NIFTY27JAN2624000PE,0.2073742902037837
23-01-2026 12:10||NIFTY27JAN2625000PE,0.10694522429579703
23-01-2026 12:10||NIFTY27JAN2625700CE,0.11435288944862954
23-01-2026 12:10||NIFTY27JAN2626200CE,0.16696689142432086
23-01-2026 12:10||NIFTY27JAN2626500CE,0.20814864340399963
23-01-2026 12:15||NIFTY27JAN2625500CE,0.10964912246719737
23-01-2026 12:15||NIFTY27JAN2626100CE,0.1517168566702561
23-01-2026 12:15||NIFTY27JAN2626300CE,0.17673338590441307
23-01-2026 12:20||NIFTY27JAN2624200PE,0.18521477706372905
23-01-2026 12:20||NIFTY27JAN2625200CE,0.07896645509170168
23-01-2026 12:20||NIFTY27JAN2625300CE,0.08443507509689861
23-01-2026 12:20||NIFTY27JAN2625400CE,0.09305104992759648
23-01-2026 12:20||NIFTY27JAN2625800CE,0.11938460888456373
23-01-2026 12:20||NIFTY27JAN2626100CE,0.15050839453621898
23-01-2026 12:25||NIFTY27JAN2624300PE,0.17065567481194832
23-01-2026 12:25||NIFTY27JAN2624500PE,0.14549826014555167
23-01-2026 12:25||NIFTY27JAN2624600PE,0.13443461650253602
23-01-2026 12:25||NIFTY27JAN2624900PE,0.10844041631617075
23-01-2026 12:25||NIFTY27JAN2625400CE,0.1041700585035079
23-01-2026 12:25||NIFTY27JAN2625600CE,0.10898379023112599
23-01-2026 12:25||NIFTY27JAN2626400CE,0.19008371522336218
23-01-2026 12:30||NIFTY27JAN2623800PE,0.236101683355047
23-01-2026 12:30||NIFTY27JAN2624100PE,0.19603269638725004
23-01-2026 12:30||NIFTY27JAN2624200PE,0.18279332975176898
23-01-2026 12:30||NIFTY27JAN2624500PE,0.1445715710615492
23-01-2026 12:30||NIFTY27JAN2625900CE,0.1276256551960889
23-01-2026 12:30||NIFTY27JAN2626100CE,0.1494541515032493
23-01-2026 12:30||NIFTY27JAN2626200CE,0.1620233247673245
23-01-2026 12:35||NIFTY27JAN2624100PE,0.1965243152061797
23-01-2026 12:35||NIFTY27JAN2624400PE,0.1577778681948502
23-01-2026 12:35||NIFTY27JAN2625100PE,0.08993660537441685
23-01-2026 12:35||NIFTY27JAN2625300CE,0.10905467466882945
23-01-2026 12:35||NIFTY27JAN2626100CE,0.1497239547526586
23-01-2026 12:40||NIFTY27JAN2624500PE,0.14341473593205262
23-01-2026 12:40||NIFTY27JAN2624600PE,0.13187408677091383
23-01-2026 12:40||NIFTY27JAN2624900PE,0.10359769680523191
23-01-2026 12:40||NIFTY27JAN2625300CE,0.10985916037381714
23-01-2026 12:45||NIFTY27JAN2623800PE,0.2393081852275748
23-01-2026 12:45||NIFTY27JAN2623900PE,0.22620401156218178
23-01-2026 12:45||NIFTY27JAN2624600PE,0.1377440855280826
23-01-2026 12:45||NIFTY27JAN2625900CE,0.12132092551276977
23-01-2026 12:50||NIFTY27JAN2623800PE,0.2353778408213691
23-01-2026 12:50||NIFTY27JAN2624400PE,0.15658678638179724
23-01-2026 12:50||NIFTY27JAN2624800PE,0.11011395202042124
23-01-2026 12:50||NIFTY27JAN2625300CE,0.11217025905776101
23-01-2026 12:50||NIFTY27JAN2625600CE,0.10936897352123941
23-01-2026 12:50||NIFTY27JAN2625700CE,0.11271560676493413
23-01-2026 12:50||NIFTY27JAN2626000CE,0.13801104869421418
23-01-2026 12:50||NIFTY27JAN2626400CE,0.18762917253560288
23-01-2026 12:55||NIFTY27JAN2624200PE,0.18516286365110562
23-01-2026 12:55||NIFTY27JAN2625400CE,0.09384987577347545
23-01-2026 12:55||NIFTY27JAN2625600CE,0.10123306008089634
23-01-2026 12:55||NIFTY27JAN2625800CE,0.11467682312761827
23-01-2026 12:55||NIFTY27JAN2626400CE,0.18745412681394957
23-01-2026 13:00||NIFTY27JAN2624900PE,0.10394453126440413
23-01-2026 13:00||NIFTY27JAN2625700CE,0.11236361962397974
23-01-2026 13:00||NIFTY27JAN2626000CE,0.14017969988991769
23-01-2026 13:05||NIFTY27JAN2623800PE,0.2344867622460385
23-01-2026 13:05||NIFTY27JAN2625200CE,0.09869810114267069
23-01-2026 13:05||NIFTY27JAN2625900CE,0.12963559298597496
23-01-2026 13:10||NIFTY27JAN2623900PE,0.22141140072720755
23-01-2026 13:10||NIFTY27JAN2624000PE,0.20766201288788766
23-01-2026 13:10||NIFTY27JAN2624100PE,0.19471406737710226
23-01-2026 13:10||NIFTY27JAN2624700PE,0.12110952092660175
23-01-2026 13:10||NIFTY27JAN2625100PE,0.09020552685991379
23-01-2026 13:10||NIFTY27JAN2625800CE,0.1183366968011654
23-01-2026 13:10||NIFTY27JAN2626000CE,0.13939906676937233
23-01-2026 13:15||NIFTY27JAN2623800PE,0.23141935421973225
23-01-2026 13:15||NIFTY27JAN2624200PE,0.178264450065385
23-01-2026 13:15||NIFTY27JAN2625300CE,0.09506186507817874
23-01-2026 13:15||NIFTY27JAN2625600CE,0.10837760585439096
23-01-2026 13:15||NIFTY27JAN2625900CE,0.13320239627331001
23-01-2026 13:15||NIFTY27JAN2626000CE,0.14509768490169897
23-01-2026 13:20||NIFTY27JAN2624700PE,0.12157772614740726
23-01-2026 13:20||NIFTY27JAN2624800PE,0.11428682281357527
23-01-2026 13:20||NIFTY27JAN2625700CE,0.12098499178181756
23-01-2026 13:20||NIFTY27JAN2626200CE,0.1772614080487736
23-01-2026 13:20||NIFTY27JAN2626500CE,0.21821354988030822
23-01-2026 13:25||NIFTY27JAN2624100PE,0.1861598244126448
23-01-2026 13:25||NIFTY27JAN2624500PE,0.13816404373913926
23-01-2026 13:25||NIFTY27JAN2625000PE,0.10258876590465806
23-01-2026 13:25||NIFTY27JAN2625400CE,0.1065056851369452
23-01-2026 13:30||NIFTY27JAN2624700PE,0.12809959609515373
23-01-2026 13:30||NIFTY27JAN2624800PE,0.12264701228107512
23-01-2026 13:30||NIFTY27JAN2625000PE,0.11599632573327501
23-01-2026 13:30||NIFTY27JAN2625400CE,0.11350259633028287
23-01-2026 13:30||NIFTY27JAN2625700CE,0.1312610445284905
23-01-2026 13:30||NIFTY27JAN2626000CE,0.1627105179348021
23-01-2026 13:35||NIFTY27JAN2623900PE,0.20866940864523273
23-01-2026 13:35||NIFTY27JAN2624100PE,0.1832549120156965
23-01-2026 13:35||NIFTY27JAN2624900PE,0.11026628608200859
23-01-2026 13:35||NIFTY27JAN2625600CE,0.12492615968816072
23-01-2026 13:35||NIFTY27JAN2626000CE,0.16391474881744814
23-01-2026 13:35||NIFTY27JAN2626200CE,0.1893741515422296
23-01-2026 13:35||NIFTY27JAN2626500CE,0.22980548200724268
23-01-2026 13:40||NIFTY27JAN2623900PE,0.21338452757292978
23-01-2026 13:40||NIFTY27JAN2624600PE,0.13574951941499264
23-01-2026 13:40||NIFTY27JAN2624900PE,0.12166375739062982
23-01-2026 13:40||NIFTY27JAN2625700CE,0.13203628528581898
23-01-2026 13:40||NIFTY27JAN2625800CE,0.14127992010677973
23-01-2026 13:40||NIFTY27JAN2626300CE,0.2019082390712992
23-01-2026 13:45||NIFTY27JAN2623900PE,0.20596431406036866
23-01-2026 13:45||NIFTY27JAN2624000PE,0.1934381038615928
23-01-2026 13:45||NIFTY27JAN2624500PE,0.1348816454704724
23-01-2026 13:45||NIFTY27JAN2624600PE,0.12535021014214315
23-01-2026 13:45||NIFTY27JAN2625000PE,0.10154553771011124
23-01-2026 13:45||NIFTY27JAN2625300CE,0.11375346038694217
23-01-2026 13:45||NIFTY27JAN2626100CE,0.17997428795027645
23-01-2026 13:45||NIFTY27JAN2626300CE,0.2058553126804012
23-01-2026 13:50||NIFTY27JAN2624000PE,0.1944273250437325
23-01-2026 13:50||NIFTY27JAN2624500PE,0.1345707628764262
23-01-2026 13:50||NIFTY27JAN2625100PE,0.09739201114579162
23-01-2026 13:50||NIFTY27JAN2626400CE,0.2209167674030932
23-01-2026 13:55||NIFTY27JAN2625500CE,0.1240530654437122
23-01-2026 13:55||NIFTY27JAN2625700CE,0.13629982530944704
23-01-2026 13:55||NIFTY27JAN2625800CE,0.14539212528690806
23-01-2026 13:55||NIFTY27JAN2626400CE,0.22219696540795286
23-01-2026 13:55||NIFTY27JAN2626500CE,0.23627686409239648
23-01-2026 14:00||NIFTY27JAN2624200PE,0.16888921222231063
23-01-2026 14:00||NIFTY27JAN2624300PE,0.15702189817133202
23-01-2026 14:00||NIFTY27JAN2625300CE,0.11710758088733594
23-01-2026 14:00||NIFTY27JAN2625400CE,0.12272952995591657
23-01-2026 14:00||NIFTY27JAN2625500CE,0.12706332217200253
23-01-2026 14:00||NIFTY27JAN2625800CE,0.14635194507708787
23-01-2026 14:05||NIFTY27JAN2624200PE,0.17031139890182423
23-01-2026 14:05||NIFTY27JAN2624800PE,0.1108641841334477
23-01-2026 14:05||NIFTY27JAN2626300CE,0.20144514634928576
23-01-2026 14:10||NIFTY27JAN2623900PE,0.20843033936481775
23-01-2026 14:10||NIFTY27JAN2625800CE,0.14398857681675514
23-01-2026 14:10||NIFTY27JAN2626400CE,0.21628795709412144
23-01-2026 14:15||NIFTY27JAN2625000PE,0.1133629322139553
23-01-2026 14:15||NIFTY27JAN2625400CE,0.11152273349291011
23-01-2026 14:15||NIFTY27JAN2626400CE,0.20914843422558316
23-01-2026 14:20||NIFTY27JAN2624100PE,0.18408910411089544
23-01-2026 14:20||NIFTY27JAN2624800PE,0.11492486303486048
23-01-2026 14:20||NIFTY27JAN2625400CE,0.11578873128055732
23-01-2026 14:20||NIFTY27JAN2625600CE,0.1261803470041697
23-01-2026 14:20||NIFTY27JAN2625800CE,0.14215340291137293
23-01-2026 14:20||NIFTY27JAN2626400CE,0.21603794724272452
23-01-2026 14:20||NIFTY27JAN2626500CE,0.22941240359842846
23-01-2026 14:25||NIFTY27JAN2624200PE,0.16739965536374407
23-01-2026 14:25||NIFTY27JAN2624400PE,0.14282253561413133
23-01-2026 14:25||NIFTY27JAN2624500PE,0.13070561012386264
23-01-2026 14:25||NIFTY27JAN2625200CE,0.10975497541094954
23-01-2026 14:25||NIFTY27JAN2626200CE,0.1874976797254586
23-01-2026 14:25||NIFTY27JAN2626300CE,0.19971215402363113
23-01-2026 14:25||NIFTY27JAN2626400CE,0.21202235111868947
23-01-2026 14:30||NIFTY27JAN2624600PE,0.12251191412006329
23-01-2026 14:30||NIFTY27JAN2625700CE,0.13189566891941537
23-01-2026 14:35||NIFTY27JAN2623900PE,0.21128404668078987
23-01-2026 14:35||NIFTY27JAN2624500PE,0.13394285268508788
23-01-2026 14:35||NIFTY27JAN2624700PE,0.11506222423404816
23-01-2026 14:35||NIFTY27JAN2625400CE,0.11288883823527124
23-01-2026 14:35||NIFTY27JAN2625600CE,0.12136480027107797
23-01-2026 14:35||NIFTY27JAN2625800CE,0.13562061737154135
23-01-2026 14:35||NIFTY27JAN2625900CE,0.14534460904405316
23-01-2026 14:35||NIFTY27JAN2626000CE,0.15682443076330713
23-01-2026 14:35||NIFTY27JAN2626300CE,0.19356506587828662
23-01-2026 14:40||NIFTY27JAN2623900PE,0.21376192805297417
23-01-2026 14:40||NIFTY27JAN2624300PE,0.16057941074178078
23-01-2026 14:40||NIFTY27JAN2624400PE,0.14829704401240137
23-01-2026 14:40||NIFTY27JAN2625000PE,0.1005650164810689
23-01-2026 14:40||NIFTY27JAN2625100PE,0.09659868478988667
23-01-2026 14:40||NIFTY27JAN2625200CE,0.09808215096408394
23-01-2026 14:40||NIFTY27JAN2625700CE,0.12988257134075845
23-01-2026 14:40||NIFTY27JAN2625800CE,0.13860816148819388
23-01-2026 14:40||NIFTY27JAN2626400CE,0.208182224008075
23-01-2026 14:45||NIFTY27JAN2624400PE,0.1488445060000916
23-01-2026 14:45||NIFTY27JAN2624700PE,0.12106127170555614
23-01-2026 14:45||NIFTY27JAN2625100PE,0.10408519887275108
23-01-2026 14:45||NIFTY27JAN2625400CE,0.11324872480740927
23-01-2026 14:45||NIFTY27JAN2625600CE,0.12410335467008685
23-01-2026 14:45||NIFTY27JAN2626000CE,0.16143486511439445
23-01-2026 14:45||NIFTY27JAN2626200CE,0.18479454720965005
23-01-2026 14:50||NIFTY27JAN2623800PE,0.21923692108653872
23-01-2026 14:50||NIFTY27JAN2624500PE,0.1302133593542321
23-01-2026 14:50||NIFTY27JAN2624800PE,0.10257160446799149
23-01-2026 14:50||NIFTY27JAN2625200CE,0.09792864102058756
23-01-2026 14:50||NIFTY27JAN2625300CE,0.10516684756396244
23-01-2026 14:50||NIFTY27JAN2625500CE,0.12341279522416318
23-01-2026 14:55||NIFTY27JAN2623900PE,0.21228102699620563
23-01-2026 14:55||NIFTY27JAN2624400PE,0.1460426029932742
23-01-2026 14:55||NIFTY27JAN2625200CE,0.0977491087169052
23-01-2026 14:55||NIFTY27JAN2625900CE,0.1467801506136451
23-01-2026 14:55||NIFTY27JAN2626200CE,0.18188899411919485
23-01-2026 15:00||NIFTY27JAN2623900PE,0.2107366156520845
23-01-2026 15:00||NIFTY27JAN2624100PE,0.18313213181760965
23-01-2026 15:00||NIFTY27JAN2624300PE,0.15768684505648614
23-01-2026 15:00||NIFTY27JAN2624600PE,0.12497508763589567
23-01-2026 15:05||NIFTY27JAN2623900PE,0.20849640385579
23-01-2026 15:05||NIFTY27JAN2624800PE,0.1199837068703028
23-01-2026 15:05||NIFTY27JAN2626200CE,0.1926205694636085
23-01-2026 15:10||NIFTY27JAN2623800PE,0.21978807904278452
23-01-2026 15:10||NIFTY27JAN2624000PE,0.19305070917870085
23-01-2026 15:10||NIFTY27JAN2624200PE,0.16680634905252417
23-01-2026 15:10||NIFTY27JAN2624600PE,0.1221960850465
23-01-2026 15:10||NIFTY27JAN2625000PE,0.09927799944971231
23-01-2026 15:10||NIFTY27JAN2625300CE,0.11301728505920552
23-01-2026 15:10||NIFTY27JAN2625700CE,0.13796742845597584
23-01-2026 15:10||NIFTY27JAN2626100CE,0.18041418704663909
23-01-2026 15:10||NIFTY27JAN2626200CE,0.19333256485055333
23-01-2026 15:10||NIFTY27JAN2626300CE,0.2059696730111144
23-01-2026 15:15||NIFTY27JAN2624100PE,0.18017740911872618
23-01-2026 15:15||NIFTY27JAN2624200PE,0.16690154217556274
23-01-2026 15:15||NIFTY27JAN2625000PE,0.10325888725019057
23-01-2026 15:20||NIFTY27JAN2623800PE,0.2238108807681763
23-01-2026 15:20||NIFTY27JAN2623900PE,0.20901830943198402
23-01-2026 15:20||NIFTY27JAN2624800PE,0.10247015717569752
23-01-2026 15:20||NIFTY27JAN2625400CE,0.12541379853110757
23-01-2026 15:20||NIFTY27JAN2625500CE,0.13064475699388123
23-01-2026 15:20||NIFTY27JAN2625700CE,0.14280650188474936
23-01-2026 15:20||NIFTY27JAN2625900CE,0.1611689301473642
23-01-2026 15:20||NIFTY27JAN2626200CE,0.19554236598249092
23-01-2026 15:25||NIFTY27JAN2624500PE,0.1273141642932372
23-01-2026 15:25||NIFTY27JAN2624600PE,0.1174022399808564
23-01-2026 15:25||NIFTY27JAN2625700CE,0.13860280791952914
27-01-2026 09:15||NIFTY27JAN2626200CE,0.6651439911902248
27-01-2026 09:15||NIFTY27JAN2626400CE,0.7520207166534723
27-01-2026 09:15||NIFTY27JAN2626500CE,0.7876811553080758
27-01-2026 09:20||NIFTY27JAN2624400PE,0.4427565236233352
27-01-2026 09:20||NIFTY27JAN2624900PE,0.39615195801530667
27-01-2026 09:20||NIFTY27JAN2625100PE,0.45385310752107016
27-01-2026 09:20||NIFTY27JAN2625400CE,0.39064345369299064
27-01-2026 09:20||NIFTY27JAN2625500CE,0.4238770366342135
27-01-2026 09:20||NIFTY27JAN2625600CE,0.4659581583963104
27-01-2026 09:20||NIFTY27JAN2625700CE,0.5124789686254763
27-01-2026 09:20||NIFTY27JAN2626500CE,0.8897183800168267
27-01-2026 09:25||NIFTY27JAN2623900PE,0.640957700906285
27-01-2026 09:25||NIFTY27JAN2624600PE,0.33616791734794793
27-01-2026 09:25||NIFTY27JAN2625100PE,0.30904133635907827
27-01-2026 09:25||NIFTY27JAN2625500CE,0.4533692087978103
27-01-2026 09:25||NIFTY27JAN2625900CE,0.6363811226282768
27-01-2026 09:25||NIFTY27JAN2626500CE,0.9180937042681001
27-01-2026 09:30||NIFTY27JAN2624400PE,0.41625180495409025
27-01-2026 09:30||NIFTY27JAN2624800PE,0.2535050878069285
27-01-2026 09:30||NIFTY27JAN2624900PE,0.22764486197736214
27-01-2026 09:30||NIFTY27JAN2625400CE,0.42972049441541227
27-01-2026 09:30||NIFTY27JAN2625600CE,0.4954641742054906
27-01-2026 09:30||NIFTY27JAN2625800CE,0.5892111741511284
27-01-2026 09:30||NIFTY27JAN2626100CE,0.7384608210951171
27-01-2026 09:30||NIFTY27JAN2626400CE,0.8798554422539879
27-01-2026 09:35||NIFTY27JAN2623800PE,0.7295427594099798
27-01-2026 09:35||NIFTY27JAN2624500PE,0.4126685687099158
27-01-2026 09:35||NIFTY27JAN2625700CE,0.4877162199470048
27-01-2026 09:35||NIFTY27JAN2626200CE,0.7310640893616618
27-01-2026 09:45||NIFTY27JAN2623800PE,0.8255403200677636
27-01-2026 09:45||NIFTY27JAN2624000PE,0.7253510530850962
27-01-2026 09:45||NIFTY27JAN2624500PE,0.4806193176008384
27-01-2026 09:45||NIFTY27JAN2625000PE,0.32398901911151323
27-01-2026 09:45||NIFTY27JAN2625600CE,0.36191417323209135
27-01-2026 09:45||NIFTY27JAN2626200CE,0.6532120827591598
27-01-2026 09:45||NIFTY27JAN2626300CE,0.6929836292318093
27-01-2026 09:50||NIFTY27JAN2623800PE,0.8225423634712573
27-01-2026 09:50||NIFTY27JAN2624200PE,0.6301671069385103
27-01-2026 09:50||NIFTY27JAN2624800PE,0.38868158321464746
27-01-2026 09:50||NIFTY27JAN2624900PE,0.3656036441939722
27-01-2026 09:50||NIFTY27JAN2626300CE,0.6932247858438422
27-01-2026 09:55||NIFTY27JAN2624100PE,0.6688088839676855
27-01-2026 09:55||NIFTY27JAN2624700PE,0.40234245480117975
27-01-2026 09:55||NIFTY27JAN2624800PE,0.3863672324262109
27-01-2026 09:55||NIFTY27JAN2625000PE,0.35451929865905557
27-01-2026 09:55||NIFTY27JAN2625700CE,0.40840199768409297
27-01-2026 09:55||NIFTY27JAN2626000CE,0.5593679238638811
27-01-2026 09:55||NIFTY27JAN2626200CE,0.664433605832907
27-01-2026 10:00||NIFTY27JAN2624000PE,0.7345821794116048
27-01-2026 10:00||NIFTY27JAN2625300CE,0.30981057569641696
27-01-2026 10:00||NIFTY27JAN2625400CE,0.31017968419699116
27-01-2026 10:00||NIFTY27JAN2625600CE,0.3596027579520295
27-01-2026 10:00||NIFTY27JAN2625800CE,0.45950790172230266
27-01-2026 10:00||NIFTY27JAN2626100CE,0.6070714922147116
27-01-2026 10:00||NIFTY27JAN2626400CE,0.7627233603231797
27-01-2026 10:00||NIFTY27JAN2626500CE,0.7979554149412765
27-01-2026 10:05||NIFTY27JAN2623800PE,0.8375821400373513
27-01-2026 10:05||NIFTY27JAN2623900PE,0.7831216030710493
27-01-2026 10:05||NIFTY27JAN2624100PE,0.6826322876104824
27-01-2026 10:05||NIFTY27JAN2626400CE,0.7740766481204503
27-01-2026 10:10||NIFTY27JAN2624200PE,0.6127099395209876
27-01-2026 10:10||NIFTY27JAN2624900PE,0.29549509637351484
27-01-2026 10:10||NIFTY27JAN2625300CE,0.37347138445249445
27-01-2026 10:10||NIFTY27JAN2625600CE,0.38931115209626344
27-01-2026 10:15||NIFTY27JAN2625800CE,0.47016204948927187
27-01-2026 10:20||NIFTY27JAN2623900PE,0.8288069721984224
27-01-2026 10:20||NIFTY27JAN2624500PE,0.5114258751587233
27-01-2026 10:20||NIFTY27JAN2624600PE,0.46377344126841336
27-01-2026 10:20||NIFTY27JAN2624800PE,0.39658531148044496
27-01-2026 10:20||NIFTY27JAN2625000PE,0.33612760919658446
27-01-2026 10:20||NIFTY27JAN2625400CE,0.3014777103460827
27-01-2026 10:20||NIFTY27JAN2625800CE,0.4456709029932039
27-01-2026 10:25||NIFTY27JAN2624600PE,0.46293099966666623
27-01-2026 10:25||NIFTY27JAN2624900PE,0.39899166244017814
27-01-2026 10:25||NIFTY27JAN2626000CE,0.5549266638034399
27-01-2026 10:25||NIFTY27JAN2626300CE,0.7132556671116397
27-01-2026 10:25||NIFTY27JAN2626400CE,0.7690970176947125
27-01-2026 10:30||NIFTY27JAN2624100PE,0.6994350710084265
27-01-2026 10:30||NIFTY27JAN2624800PE,0.37047356453276226
27-01-2026 10:30||NIFTY27JAN2625400CE,0.32023155568751765
27-01-2026 10:30||NIFTY27JAN2625600CE,0.37662135406268255
27-01-2026 10:30||NIFTY27JAN2625900CE,0.531720816178469
27-01-2026 10:30||NIFTY27JAN2626200CE,0.6956430882942847
27-01-2026 10:35||NIFTY27JAN2624300PE,0.5952025712153051
27-01-2026 10:35||NIFTY27JAN2624400PE,0.539684334570249
27-01-2026 10:35||NIFTY27JAN2624800PE,0.3825843192463946
27-01-2026 10:35||NIFTY27JAN2625200CE,0.27722607090332213
27-01-2026 10:35||NIFTY27JAN2625300CE,0.28544179942393966
27-01-2026 10:35||NIFTY27JAN2625700CE,0.4324169873125471
27-01-2026 10:40||NIFTY27JAN2624400PE,0.5122589107486712
27-01-2026 10:40||NIFTY27JAN2625200CE,0.252777202474604
27-01-2026 10:40||NIFTY27JAN2625700CE,0.4559214064059921
27-01-2026 10:40||NIFTY27JAN2626100CE,0.6750618725442896
27-01-2026 10:40||NIFTY27JAN2626200CE,0.724880364770833
27-01-2026 10:45||NIFTY27JAN2624000PE,0.7032371769381406
27-01-2026 10:45||NIFTY27JAN2624700PE,0.34463489696935146
27-01-2026 10:45||NIFTY27JAN2624900PE,0.3018596515434992
27-01-2026 10:45||NIFTY27JAN2625500CE,0.3995558627921361
27-01-2026 10:45||NIFTY27JAN2626200CE,0.7740695142094892
27-01-2026 10:45||NIFTY27JAN2626400CE,0.8776517834992401
27-01-2026 10:50||NIFTY27JAN2623900PE,0.7625071049284156
27-01-2026 10:50||NIFTY27JAN2624000PE,0.7173903462926005
27-01-2026 10:50||NIFTY27JAN2624600PE,0.38723923365669144
27-01-2026 10:50||NIFTY27JAN2625000PE,0.38902338040661544
27-01-2026 10:50||NIFTY27JAN2625200CE,0.3073111314961014
27-01-2026 10:50||NIFTY27JAN2625400CE,0.3669727572487802
27-01-2026 10:50||NIFTY27JAN2625700CE,0.5245276431751358
27-01-2026 10:55||NIFTY27JAN2623900PE,0.746372385579579
27-01-2026 10:55||NIFTY27JAN2624400PE,0.47129844059870896
27-01-2026 10:55||NIFTY27JAN2624900PE,0.3501130897621048
27-01-2026 10:55||NIFTY27JAN2625000PE,0.36772342750912784
27-01-2026 10:55||NIFTY27JAN2625300CE,0.3473887098050418
27-01-2026 10:55||NIFTY27JAN2625400CE,0.38054670114803596
27-01-2026 10:55||NIFTY27JAN2625600CE,0.4813145711330369
27-01-2026 10:55||NIFTY27JAN2626400CE,0.9268067076017242
27-01-2026 11:00||NIFTY27JAN2623800PE,0.7883339071620411
27-01-2026 11:00||NIFTY27JAN2623900PE,0.73180095118765
27-01-2026 11:00||NIFTY27JAN2624300PE,0.5256518840582775
27-01-2026 11:00||NIFTY27JAN2625200CE,0.34455772241001664
27-01-2026 11:00||NIFTY27JAN2625300CE,0.3630149354157867
27-01-2026 11:00||NIFTY27JAN2625400CE,0.39498398226384956
27-01-2026 11:00||NIFTY27JAN2626300CE,0.891819240230039
27-01-2026 11:05||NIFTY27JAN2623800PE,0.8285198777238748
27-01-2026 11:05||NIFTY27JAN2624100PE,0.662441487981057
27-01-2026 11:05||NIFTY27JAN2624200PE,0.6007401122834842
27-01-2026 11:05||NIFTY27JAN2624900PE,0.3027991270601969
27-01-2026 11:05||NIFTY27JAN2625300CE,0.3702234949850093
27-01-2026 11:05||NIFTY27JAN2625700CE,0.5448240556664715
27-01-2026 11:10||NIFTY27JAN2624200PE,0.6123570167299193
27-01-2026 11:10||NIFTY27JAN2624400PE,0.4901851693309266
27-01-2026 11:10||NIFTY27JAN2624900PE,0.2962017743674032
27-01-2026 11:10||NIFTY27JAN2625300CE,0.3659088032397184
27-01-2026 11:10||NIFTY27JAN2625500CE,0.4344390717079556
27-01-2026 11:10||NIFTY27JAN2625800CE,0.6034966324335171
27-01-2026 11:10||NIFTY27JAN2626500CE,0.9937453685680294
27-01-2026 11:15||NIFTY27JAN2624300PE,0.5514723984028383
27-01-2026 11:15||NIFTY27JAN2625000PE,0.3019968970292501
27-01-2026 11:15||NIFTY27JAN2625100PE,0.2980795702816921
27-01-2026 11:15||NIFTY27JAN2626400CE,0.9380354997165852
27-01-2026 11:20||NIFTY27JAN2625300CE,0.33669532548244807
27-01-2026 11:20||NIFTY27JAN2626100CE,0.7574634226743099
27-01-2026 11:25||NIFTY27JAN2623800PE,0.8654259294307722
27-01-2026 11:25||NIFTY27JAN2624000PE,0.7548958740054277
27-01-2026 11:25||NIFTY27JAN2624200PE,0.639051265962146
27-01-2026 11:25||NIFTY27JAN2624900PE,0.2781607891647976
27-01-2026 11:25||NIFTY27JAN2625600CE,0.4694310620211719
27-01-2026 11:25||NIFTY27JAN2626500CE,0.9794506284138069
27-01-2026 11:30||NIFTY27JAN2624200PE,0.6670763935051321
27-01-2026 11:30||NIFTY27JAN2625100PE,0.3150409054888434
27-01-2026 11:30||NIFTY27JAN2625600CE,0.4401431243498259
27-01-2026 11:30||NIFTY27JAN2625900CE,0.6181473563949508
27-01-2026 11:30||NIFTY27JAN2626200CE,0.7946645504086864
27-01-2026 11:35||NIFTY27JAN2624000PE,0.7927200988827446
27-01-2026 11:35||NIFTY27JAN2624900PE,0.30790956091244953
27-01-2026 11:35||NIFTY27JAN2625200CE,0.3409559731548666
27-01-2026 11:40||NIFTY27JAN2623800PE,0.9197345550614382
27-01-2026 11:40||NIFTY27JAN2624000PE,0.8043413251447705
27-01-2026 11:40||NIFTY27JAN2626000CE,0.6515356597319666
27-01-2026 11:40||NIFTY27JAN2626300CE,0.8116675644965784
27-01-2026 11:45||NIFTY27JAN2624300PE,0.6600700668266736
27-01-2026 11:45||NIFTY27JAN2624400PE,0.5950730377424978
27-01-2026 11:45||NIFTY27JAN2624500PE,0.534398387323691
27-01-2026 11:45||NIFTY27JAN2626100CE,0.6657017004070579
27-01-2026 11:45||NIFTY27JAN2626400CE,0.8367038339322793
27-01-2026 11:50||NIFTY27JAN2624700PE,0.4125079672059452
27-01-2026 11:50||NIFTY27JAN2624900PE,0.3699615747304722
27-01-2026 11:50||NIFTY27JAN2625700CE,0.4716986393393062
27-01-2026 11:50||NIFTY27JAN2626000CE,0.6475738758303725
27-01-2026 11:55||NIFTY27JAN2623900PE,0.8754840909755186
27-01-2026 11:55||NIFTY27JAN2624000PE,0.822921078375908
27-01-2026 11:55||NIFTY27JAN2624400PE,0.561873481436367
27-01-2026 11:55||NIFTY27JAN2624500PE,0.497527291591439
27-01-2026 11:55||NIFTY27JAN2624800PE,0.35169347052785555
27-01-2026 11:55||NIFTY27JAN2625200CE,0.39559586837302524
27-01-2026 11:55||NIFTY27JAN2625400CE,0.37847740573823613
27-01-2026 11:55||NIFTY27JAN2626500CE,0.9511486935479386
27-01-2026 12:00||NIFTY27JAN2624200PE,0.7066695681128521
27-01-2026 12:00||NIFTY27JAN2624300PE,0.6405642053236352
27-01-2026 12:00||NIFTY27JAN2624500PE,0.5112915343292396
27-01-2026 12:00||NIFTY27JAN2625100PE,0.2871491512439459
27-01-2026 12:00||NIFTY27JAN2625500CE,0.4029720312853305
27-01-2026 12:00||NIFTY27JAN2626100CE,0.7141387047146928
27-01-2026 12:00||NIFTY27JAN2626400CE,0.8815552577939115
27-01-2026 12:00||NIFTY27JAN2626500CE,0.9231218724021674
27-01-2026 12:05||NIFTY27JAN2624500PE,0.5288086524797444
27-01-2026 12:05||NIFTY27JAN2624700PE,0.4270222819312791
27-01-2026 12:05||NIFTY27JAN2625100PE,0.32653925652560356
27-01-2026 12:05||NIFTY27JAN2625900CE,0.5929274232725309
27-01-2026 12:05||NIFTY27JAN2626500CE,0.9323019041274275
27-01-2026 12:10||NIFTY27JAN2624400PE,0.5989781445832851
27-01-2026 12:10||NIFTY27JAN2625700CE,0.48228016882820895
27-01-2026 12:10||NIFTY27JAN2626400CE,0.9110001135155593
27-01-2026 12:15||NIFTY27JAN2624500PE,0.5445722961974994
27-01-2026 12:15||NIFTY27JAN2624600PE,0.4873191941385728
27-01-2026 12:15||NIFTY27JAN2626000CE,0.6775982655572773
27-01-2026 12:15||NIFTY27JAN2626200CE,0.7997250580932623
27-01-2026 12:20||NIFTY27JAN2624000PE,0.8788568306573638
27-01-2026 12:20||NIFTY27JAN2624200PE,0.754730716810546
27-01-2026 12:20||NIFTY27JAN2625000PE,0.3014636113372083
27-01-2026 12:20||NIFTY27JAN2625300CE,0.3784830897237542
27-01-2026 12:20||NIFTY27JAN2625600CE,0.44594236583890645
27-01-2026 12:25||NIFTY27JAN2624100PE,0.840346200551183
27-01-2026 12:25||NIFTY27JAN2624700PE,0.4682461607716617
27-01-2026 12:25||NIFTY27JAN2625400CE,0.33034146075326565
27-01-2026 12:25||NIFTY27JAN2625900CE,0.6208959851886189
27-01-2026 12:30||NIFTY27JAN2625300CE,0.34786540760220364
27-01-2026 12:35||NIFTY27JAN2624100PE,0.8469903977238799
27-01-2026 12:35||NIFTY27JAN2624400PE,0.6373686708291317
27-01-2026 12:35||NIFTY27JAN2624900PE,0.3901669143495728
27-01-2026 12:35||NIFTY27JAN2625100PE,0.3257857330570615
27-01-2026 12:35||NIFTY27JAN2625800CE,0.601898602944448
27-01-2026 12:35||NIFTY27JAN2626100CE,0.7982701551008043
27-01-2026 12:40||NIFTY27JAN2624200PE,0.7748024905959336
27-01-2026 12:40||NIFTY27JAN2624700PE,0.44250459916743795
27-01-2026 12:40||NIFTY27JAN2624800PE,0.40202310444356487
27-01-2026 12:40||NIFTY27JAN2624900PE,0.3675550691466514
27-01-2026 12:40||NIFTY27JAN2625100PE,0.30097118821022556
27-01-2026 12:40||NIFTY27JAN2625200CE,0.3403686268315628
27-01-2026 12:40||NIFTY27JAN2625900CE,0.6818606575200837
27-01-2026 12:40||NIFTY27JAN2626000CE,0.7452396953908014
27-01-2026 12:40||NIFTY27JAN2626300CE,0.9372744021533843
27-01-2026 12:45||NIFTY27JAN2625200CE,0.3057403749960144
27-01-2026 12:45||NIFTY27JAN2625700CE,0.5650729214040047
27-01-2026 12:45||NIFTY27JAN2625900CE,0.6978216913088825
27-01-2026 12:45||NIFTY27JAN2626200CE,0.8900125285262206
27-01-2026 12:50||NIFTY27JAN2624600PE,0.4690148638713234
27-01-2026 12:50||NIFTY27JAN2625000PE,0.2950944880485596
27-01-2026 12:50||NIFTY27JAN2625100PE,0.25048750811239756
27-01-2026 12:50||NIFTY27JAN2625900CE,0.7241123198658216
27-01-2026 12:50||NIFTY27JAN2626200CE,0.9222244393706364
27-01-2026 12:50||NIFTY27JAN2626500CE,1.0964994041615168
27-01-2026 12:55||NIFTY27JAN2623900PE,1.0212435810749874
27-01-2026 12:55||NIFTY27JAN2624000PE,0.9601772677090817
27-01-2026 12:55||NIFTY27JAN2625500CE,0.4436145455372139
27-01-2026 12:55||NIFTY27JAN2625600CE,0.505868321422478
27-01-2026 12:55||NIFTY27JAN2625800CE,0.6462554030606612
27-01-2026 12:55||NIFTY27JAN2626200CE,0.9170093669467887
27-01-2026 13:00||NIFTY27JAN2624100PE,0.8943648950066951
27-01-2026 13:00||NIFTY27JAN2624500PE,0.584906202436905
27-01-2026 13:00||NIFTY27JAN2625400CE,0.3976733838672972
27-01-2026 13:00||NIFTY27JAN2626000CE,0.7997323592623782
27-01-2026 13:05||NIFTY27JAN2623900PE,1.0267260364848132
27-01-2026 13:05||NIFTY27JAN2624500PE,0.5819747034128995
27-01-2026 13:05||NIFTY27JAN2624800PE,0.38955563989405384
27-01-2026 13:10||NIFTY27JAN2624200PE,0.8365429710204099
27-01-2026 13:10||NIFTY27JAN2624500PE,0.6020721836940214
27-01-2026 13:10||NIFTY27JAN2624600PE,0.5275759348896818
27-01-2026 13:10||NIFTY27JAN2624700PE,0.46235679784182204
27-01-2026 13:15||NIFTY27JAN2624400PE,0.6889256227723491
27-01-2026 13:15||NIFTY27JAN2625000PE,0.32572957040353506
27-01-2026 13:15||NIFTY27JAN2625200CE,0.3983451496848336
27-01-2026 13:15||NIFTY27JAN2626300CE,1.0462572339589804
27-01-2026 13:20||NIFTY27JAN2624000PE,1.0139404152785643
27-01-2026 13:20||NIFTY27JAN2624200PE,0.8630230118976012
27-01-2026 13:20||NIFTY27JAN2624600PE,0.5334696784526839
27-01-2026 13:20||NIFTY27JAN2624900PE,0.34803869749568817
27-01-2026 13:20||NIFTY27JAN2625700CE,0.6265746626966581
27-01-2026 13:20||NIFTY27JAN2625900CE,0.7752651281701124
27-01-2026 13:25||NIFTY27JAN2623800PE,1.2005389420048156
27-01-2026 13:25||NIFTY27JAN2625100PE,0.21245379484500546
27-01-2026 13:25||NIFTY27JAN2625700CE,0.6332839281740543
27-01-2026 13:30||NIFTY27JAN2624100PE,1.0094685902677856
27-01-2026 13:30||NIFTY27JAN2624300PE,0.8419270319146356
27-01-2026 13:30||NIFTY27JAN2625100PE,0.2680856818013548
27-01-2026 13:30||NIFTY27JAN2625400CE,0.43260477448030304
27-01-2026 13:30||NIFTY27JAN2626300CE,1.0970899553209372
27-01-2026 13:35||NIFTY27JAN2623900PE,1.1560538338979707
27-01-2026 13:35||NIFTY27JAN2624300PE,0.8283789200521622
27-01-2026 13:35||NIFTY27JAN2624400PE,0.7454076471735722
27-01-2026 13:35||NIFTY27JAN2624600PE,0.6007657756251612
27-01-2026 13:35||NIFTY27JAN2624800PE,0.5497012796955332
27-01-2026 13:35||NIFTY27JAN2625300CE,0.34365621362909804
27-01-2026 13:35||NIFTY27JAN2625600CE,0.5763010760321025
27-01-2026 13:35||NIFTY27JAN2626000CE,0.9056433456331535
27-01-2026 13:35||NIFTY27JAN2626200CE,1.059817226933733
27-01-2026 13:35||NIFTY27JAN2626300CE,1.1457646288146737
27-01-2026 13:35||NIFTY27JAN2626400CE,1.223003461511387
27-01-2026 13:40||NIFTY27JAN2625500CE,0.5771359740565547
27-01-2026 13:40||NIFTY27JAN2626300CE,1.2038962761076317
27-01-2026 13:45||NIFTY27JAN2623800PE,1.2448211562176927
27-01-2026 13:45||NIFTY27JAN2623900PE,1.1535575592498595
27-01-2026 13:45||NIFTY27JAN2624100PE,1.005572037446907
27-01-2026 13:45||NIFTY27JAN2624700PE,0.4751859827799058
27-01-2026 13:45||NIFTY27JAN2625300CE,0.4636989463869673
27-01-2026 13:45||NIFTY27JAN2625600CE,0.6688282986467987
27-01-2026 13:45||NIFTY27JAN2625700CE,0.7489331978137227
27-01-2026 13:45||NIFTY27JAN2625800CE,0.8278651338300131
27-01-2026 13:45||NIFTY27JAN2625900CE,0.9068672416275491
27-01-2026 13:45||NIFTY27JAN2626000CE,0.982710308850841
27-01-2026 13:45||NIFTY27JAN2626300CE,1.2164341913164638
27-01-2026 13:45||NIFTY27JAN2626400CE,1.287269116659125
27-01-2026 13:50||NIFTY27JAN2623900PE,1.2273589862570309
27-01-2026 13:50||NIFTY27JAN2624800PE,0.4566991187262978
27-01-2026 13:50||NIFTY27JAN2625000PE,0.38346220242394796
27-01-2026 13:50||NIFTY27JAN2626200CE,1.1715517066750862
27-01-2026 13:55||NIFTY27JAN2623800PE,1.3423893934027709
27-01-2026 13:55||NIFTY27JAN2624000PE,1.1680012628366288
27-01-2026 13:55||NIFTY27JAN2624100PE,1.0809782696237418
27-01-2026 13:55||NIFTY27JAN2624300PE,0.8837797788177637
27-01-2026 13:55||NIFTY27JAN2624400PE,0.7813342755174352
27-01-2026 13:55||NIFTY27JAN2624600PE,0.5798857384349128
27-01-2026 13:55||NIFTY27JAN2624900PE,0.3445311210538355
27-01-2026 13:55||NIFTY27JAN2625400CE,0.5233105374887682
27-01-2026 13:55||NIFTY27JAN2625700CE,0.7986737612784959
27-01-2026 14:00||NIFTY27JAN2623800PE,1.3765620175787325
27-01-2026 14:00||NIFTY27JAN2624300PE,0.9048711375770476
27-01-2026 14:00||NIFTY27JAN2624500PE,0.7021333308653607
27-01-2026 14:00||NIFTY27JAN2625000PE,0.37587034344458065
27-01-2026 14:00||NIFTY27JAN2625100PE,0.3177560480589602
27-01-2026 14:05||NIFTY27JAN2624000PE,1.18684033883192
27-01-2026 14:05||NIFTY27JAN2624800PE,0.3871144738468776
27-01-2026 14:05||NIFTY27JAN2625400CE,0.5718348352692553
27-01-2026 14:05||NIFTY27JAN2625700CE,0.8804003170619937
27-01-2026 14:05||NIFTY27JAN2625800CE,0.9711990172152759
27-01-2026 14:05||NIFTY27JAN2626100CE,1.2550358425610877
27-01-2026 14:05||NIFTY27JAN2626200CE,1.326858385357142
27-01-2026 14:05||NIFTY27JAN2626400CE,1.5025192959908305
27-01-2026 14:10||NIFTY27JAN2623900PE,1.305821373715457
27-01-2026 14:10||NIFTY27JAN2624000PE,1.229022199205489
27-01-2026 14:10||NIFTY27JAN2624600PE,0.6028146642080359
27-01-2026 14:10||NIFTY27JAN2625500CE,0.6599541658034869
27-01-2026 14:10||NIFTY27JAN2626000CE,1.1409732263156287
27-01-2026 14:10||NIFTY27JAN2626200CE,1.3161005219840474
27-01-2026 14:15||NIFTY27JAN2624000PE,1.2708630929515479
27-01-2026 14:15||NIFTY27JAN2624400PE,0.8366650518780184
27-01-2026 14:15||NIFTY27JAN2624900PE,0.37229504539713193
27-01-2026 14:15||NIFTY27JAN2625600CE,0.7897754994543169
27-01-2026 14:15||NIFTY27JAN2625800CE,0.9951274730211792
27-01-2026 14:20||NIFTY27JAN2624100PE,1.1877948673232956
27-01-2026 14:20||NIFTY27JAN2625500CE,0.6831201883433704
27-01-2026 14:20||NIFTY27JAN2626000CE,1.2069260175149852
27-01-2026 14:20||NIFTY27JAN2626100CE,1.3184229448384828
27-01-2026 14:20||NIFTY27JAN2626500CE,1.6771017398738575
27-01-2026 14:25||NIFTY27JAN2623800PE,1.518553706402585
27-01-2026 14:25||NIFTY27JAN2623900PE,1.4040421274879356
27-01-2026 14:25||NIFTY27JAN2624000PE,1.3207496444444742
27-01-2026 14:25||NIFTY27JAN2624200PE,1.1186014638658655
27-01-2026 14:25||NIFTY27JAN2624300PE,1.0029369468696567
27-01-2026 14:25||NIFTY27JAN2624800PE,0.4193261423027241
27-01-2026 14:25||NIFTY27JAN2624900PE,0.3252111323685473
27-01-2026 14:25||NIFTY27JAN2625000PE,0.244573526200519
27-01-2026 14:25||NIFTY27JAN2625700CE,0.9548671513607723
27-01-2026 14:30||NIFTY27JAN2624000PE,1.3997859233795418
27-01-2026 14:30||NIFTY27JAN2624200PE,1.1866007379106038
27-01-2026 14:30||NIFTY27JAN2624600PE,0.6942269425025979
27-01-2026 14:30||NIFTY27JAN2625100PE,0.16133666302798266
27-01-2026 14:30||NIFTY27JAN2626400CE,1.7798674567303505
27-01-2026 14:35||NIFTY27JAN2624000PE,1.4491286495726738
27-01-2026 14:35||NIFTY27JAN2624200PE,1.2425652342630729
27-01-2026 14:35||NIFTY27JAN2624900PE,0.36801120934052434
27-01-2026 14:35||NIFTY27JAN2625000PE,0.2597612002052121
27-01-2026 14:35||NIFTY27JAN2626200CE,1.5654107452247463
27-01-2026 14:40||NIFTY27JAN2624000PE,1.5744561211530155
27-01-2026 14:40||NIFTY27JAN2624800PE,0.5567889606870176
27-01-2026 14:40||NIFTY27JAN2626200CE,1.5012327454476562
27-01-2026 14:40||NIFTY27JAN2626400CE,1.746194705022353
27-01-2026 14:45||NIFTY27JAN2624000PE,1.6459665544134974
27-01-2026 14:45||NIFTY27JAN2624200PE,1.4157197700575015
27-01-2026 14:45||NIFTY27JAN2624700PE,0.7157062543265995
27-01-2026 14:45||NIFTY27JAN2625400CE,0.5747807953940789
27-01-2026 14:45||NIFTY27JAN2626400CE,1.840149897264969
27-01-2026 14:45||NIFTY27JAN2626500CE,1.9226253426044968
27-01-2026 14:50||NIFTY27JAN2623800PE,2.0359473426639676
27-01-2026 14:50||NIFTY27JAN2624000PE,1.7770845955586712
27-01-2026 14:50||NIFTY27JAN2624200PE,1.5333832378207264
27-01-2026 14:50||NIFTY27JAN2624800PE,0.6231902933747914
27-01-2026 14:50||NIFTY27JAN2625200CE,0.3261835027853486
27-01-2026 14:50||NIFTY27JAN2625900CE,1.2406499375598312
27-01-2026 14:55||NIFTY27JAN2623800PE,2.2468729198574993
27-01-2026 14:55||NIFTY27JAN2624000PE,1.9650723280467808
27-01-2026 14:55||NIFTY27JAN2624800PE,0.7459005999926369
27-01-2026 14:55||NIFTY27JAN2625500CE,0.7051914889260072
27-01-2026 14:55||NIFTY27JAN2625800CE,1.1335958429988837
27-01-2026 14:55||NIFTY27JAN2626400CE,1.9168989386320974
27-01-2026 15:00||NIFTY27JAN2624100PE,1.8538967340276922
27-01-2026 15:00||NIFTY27JAN2624700PE,0.8482995092819243
27-01-2026 15:00||NIFTY27JAN2625100PE,0.09592512536819399
27-01-2026 15:00||NIFTY27JAN2625400CE,0.5881386103738375
27-01-2026 15:05||NIFTY27JAN2624000PE,2.2213437516046097
27-01-2026 15:05||NIFTY27JAN2624100PE,2.073043403335517
27-01-2026 15:05||NIFTY27JAN2624200PE,1.9015675258441362
27-01-2026 15:05||NIFTY27JAN2624500PE,1.3231613315120345
27-01-2026 15:05||NIFTY27JAN2626300CE,2.0454625393497268
27-01-2026 15:10||NIFTY27JAN2623900PE,2.5214544881578447
27-01-2026 15:10||NIFTY27JAN2624000PE,2.3674969139131066
27-01-2026 15:10||NIFTY27JAN2624900PE,0.6221773644503077
27-01-2026 15:10||NIFTY27JAN2625400CE,0.5992980785166259
27-01-2026 15:10||NIFTY27JAN2625600CE,1.0001027808839384
27-01-2026 15:10||NIFTY27JAN2625800CE,1.3894165487248982
27-01-2026 15:10||NIFTY27JAN2626000CE,1.7396567443615532
27-01-2026 15:15||NIFTY27JAN2625000PE,0.552188868077919
27-01-2026 15:15||NIFTY27JAN2625900CE,1.7366778749600214
27-01-2026 15:15||NIFTY27JAN2626000CE,1.9377203119593103
27-01-2026 15:15||NIFTY27JAN2626400CE,2.7682308501668906
27-01-2026 15:20||NIFTY27JAN2623800PE,3.848817710456796
27-01-2026 15:20||NIFTY27JAN2623900PE,3.5776595598343235
27-01-2026 15:20||NIFTY27JAN2624900PE,0.950071314850572
27-01-2026 15:20||NIFTY27JAN2625500CE,0.9045283212989577
27-01-2026 15:20||NIFTY27JAN2626000CE,2.3535888811534846
27-01-2026 15:20||NIFTY27JAN2626300CE,3.1733686341082366
27-01-2026 15:20||NIFTY27JAN2626400CE,3.4728205587668715
27-01-2026 15:25||NIFTY27JAN2623800PE,5.672837093453613
27-01-2026 15:25||NIFTY27JAN2624900PE,1.4947394212796332
27-01-2026 15:25||NIFTY27JAN2625100PE,0.6115624548130785
27-01-2026 15:25||NIFTY27JAN2626100CE,3.4272046493091874
27-01-2026 15:25||NIFTY27JAN2626300CE,4.14237563920424
27-01-2026 15:25||NIFTY27JAN2626400CE,4.547214242531633
27-01-2026 15:25||NIFTY27JAN2626500CE,4.7311951838132655
